"enum_name","style","prefix","icon_name","token","action_icon","search_text"
"Solid_Abacus","Solid","fa:Solid","Abacus","[fa:Solid_Abacus]","fa:Solid_Abacus:#2D8CFF","Solid Abacus Solid Abacus"
"Solid_Acorn","Solid","fa:Solid","Acorn","[fa:Solid_Acorn]","fa:Solid_Acorn:#2D8CFF","Solid Acorn Solid Acorn"
"Solid_Ad","Solid","fa:Solid","Ad","[fa:Solid_Ad]","fa:Solid_Ad:#2D8CFF","Solid Ad Solid Ad"
"Solid_AddressBook","Solid","fa:Solid","AddressBook","[fa:Solid_AddressBook]","fa:Solid_AddressBook:#2D8CFF","Solid AddressBook Solid AddressBook"
"Solid_AddressCard","Solid","fa:Solid","AddressCard","[fa:Solid_AddressCard]","fa:Solid_AddressCard:#2D8CFF","Solid AddressCard Solid AddressCard"
"Solid_Adjust","Solid","fa:Solid","Adjust","[fa:Solid_Adjust]","fa:Solid_Adjust:#2D8CFF","Solid Adjust Solid Adjust"
"Solid_AirConditioner","Solid","fa:Solid","AirConditioner","[fa:Solid_AirConditioner]","fa:Solid_AirConditioner:#2D8CFF","Solid AirConditioner Solid AirConditioner"
"Solid_AirFreshener","Solid","fa:Solid","AirFreshener","[fa:Solid_AirFreshener]","fa:Solid_AirFreshener:#2D8CFF","Solid AirFreshener Solid AirFreshener"
"Solid_AlarmClock","Solid","fa:Solid","AlarmClock","[fa:Solid_AlarmClock]","fa:Solid_AlarmClock:#2D8CFF","Solid AlarmClock Solid AlarmClock"
"Solid_AlarmExclamation","Solid","fa:Solid","AlarmExclamation","[fa:Solid_AlarmExclamation]","fa:Solid_AlarmExclamation:#2D8CFF","Solid AlarmExclamation Solid AlarmExclamation"
"Solid_AlarmPlus","Solid","fa:Solid","AlarmPlus","[fa:Solid_AlarmPlus]","fa:Solid_AlarmPlus:#2D8CFF","Solid AlarmPlus Solid AlarmPlus"
"Solid_AlarmSnooze","Solid","fa:Solid","AlarmSnooze","[fa:Solid_AlarmSnooze]","fa:Solid_AlarmSnooze:#2D8CFF","Solid AlarmSnooze Solid AlarmSnooze"
"Solid_Album","Solid","fa:Solid","Album","[fa:Solid_Album]","fa:Solid_Album:#2D8CFF","Solid Album Solid Album"
"Solid_AlbumCollection","Solid","fa:Solid","AlbumCollection","[fa:Solid_AlbumCollection]","fa:Solid_AlbumCollection:#2D8CFF","Solid AlbumCollection Solid AlbumCollection"
"Solid_Alicorn","Solid","fa:Solid","Alicorn","[fa:Solid_Alicorn]","fa:Solid_Alicorn:#2D8CFF","Solid Alicorn Solid Alicorn"
"Solid_Alien","Solid","fa:Solid","Alien","[fa:Solid_Alien]","fa:Solid_Alien:#2D8CFF","Solid Alien Solid Alien"
"Solid_AlienMonster","Solid","fa:Solid","AlienMonster","[fa:Solid_AlienMonster]","fa:Solid_AlienMonster:#2D8CFF","Solid AlienMonster Solid AlienMonster"
"Solid_AlignCenter","Solid","fa:Solid","AlignCenter","[fa:Solid_AlignCenter]","fa:Solid_AlignCenter:#2D8CFF","Solid AlignCenter Solid AlignCenter"
"Solid_AlignJustify","Solid","fa:Solid","AlignJustify","[fa:Solid_AlignJustify]","fa:Solid_AlignJustify:#2D8CFF","Solid AlignJustify Solid AlignJustify"
"Solid_AlignLeft","Solid","fa:Solid","AlignLeft","[fa:Solid_AlignLeft]","fa:Solid_AlignLeft:#2D8CFF","Solid AlignLeft Solid AlignLeft"
"Solid_AlignRight","Solid","fa:Solid","AlignRight","[fa:Solid_AlignRight]","fa:Solid_AlignRight:#2D8CFF","Solid AlignRight Solid AlignRight"
"Solid_AlignSlash","Solid","fa:Solid","AlignSlash","[fa:Solid_AlignSlash]","fa:Solid_AlignSlash:#2D8CFF","Solid AlignSlash Solid AlignSlash"
"Solid_Allergies","Solid","fa:Solid","Allergies","[fa:Solid_Allergies]","fa:Solid_Allergies:#2D8CFF","Solid Allergies Solid Allergies"
"Solid_Ambulance","Solid","fa:Solid","Ambulance","[fa:Solid_Ambulance]","fa:Solid_Ambulance:#2D8CFF","Solid Ambulance Solid Ambulance"
"Solid_AmericanSignLanguageInterpreting","Solid","fa:Solid","AmericanSignLanguageInterpreting","[fa:Solid_AmericanSignLanguageInterpreting]","fa:Solid_AmericanSignLanguageInterpreting:#2D8CFF","Solid AmericanSignLanguageInterpreting Solid AmericanSignLanguageInterpreting"
"Solid_AmpGuitar","Solid","fa:Solid","AmpGuitar","[fa:Solid_AmpGuitar]","fa:Solid_AmpGuitar:#2D8CFF","Solid AmpGuitar Solid AmpGuitar"
"Solid_Analytics","Solid","fa:Solid","Analytics","[fa:Solid_Analytics]","fa:Solid_Analytics:#2D8CFF","Solid Analytics Solid Analytics"
"Solid_Anchor","Solid","fa:Solid","Anchor","[fa:Solid_Anchor]","fa:Solid_Anchor:#2D8CFF","Solid Anchor Solid Anchor"
"Solid_Angel","Solid","fa:Solid","Angel","[fa:Solid_Angel]","fa:Solid_Angel:#2D8CFF","Solid Angel Solid Angel"
"Solid_AngleDoubleDown","Solid","fa:Solid","AngleDoubleDown","[fa:Solid_AngleDoubleDown]","fa:Solid_AngleDoubleDown:#2D8CFF","Solid AngleDoubleDown Solid AngleDoubleDown"
"Solid_AngleDoubleLeft","Solid","fa:Solid","AngleDoubleLeft","[fa:Solid_AngleDoubleLeft]","fa:Solid_AngleDoubleLeft:#2D8CFF","Solid AngleDoubleLeft Solid AngleDoubleLeft"
"Solid_AngleDoubleRight","Solid","fa:Solid","AngleDoubleRight","[fa:Solid_AngleDoubleRight]","fa:Solid_AngleDoubleRight:#2D8CFF","Solid AngleDoubleRight Solid AngleDoubleRight"
"Solid_AngleDoubleUp","Solid","fa:Solid","AngleDoubleUp","[fa:Solid_AngleDoubleUp]","fa:Solid_AngleDoubleUp:#2D8CFF","Solid AngleDoubleUp Solid AngleDoubleUp"
"Solid_AngleDown","Solid","fa:Solid","AngleDown","[fa:Solid_AngleDown]","fa:Solid_AngleDown:#2D8CFF","Solid AngleDown Solid AngleDown"
"Solid_AngleLeft","Solid","fa:Solid","AngleLeft","[fa:Solid_AngleLeft]","fa:Solid_AngleLeft:#2D8CFF","Solid AngleLeft Solid AngleLeft"
"Solid_AngleRight","Solid","fa:Solid","AngleRight","[fa:Solid_AngleRight]","fa:Solid_AngleRight:#2D8CFF","Solid AngleRight Solid AngleRight"
"Solid_AngleUp","Solid","fa:Solid","AngleUp","[fa:Solid_AngleUp]","fa:Solid_AngleUp:#2D8CFF","Solid AngleUp Solid AngleUp"
"Solid_Angry","Solid","fa:Solid","Angry","[fa:Solid_Angry]","fa:Solid_Angry:#2D8CFF","Solid Angry Solid Angry"
"Solid_Ankh","Solid","fa:Solid","Ankh","[fa:Solid_Ankh]","fa:Solid_Ankh:#2D8CFF","Solid Ankh Solid Ankh"
"Solid_AppleAlt","Solid","fa:Solid","AppleAlt","[fa:Solid_AppleAlt]","fa:Solid_AppleAlt:#2D8CFF","Solid AppleAlt Solid AppleAlt"
"Solid_AppleCrate","Solid","fa:Solid","AppleCrate","[fa:Solid_AppleCrate]","fa:Solid_AppleCrate:#2D8CFF","Solid AppleCrate Solid AppleCrate"
"Solid_Archive","Solid","fa:Solid","Archive","[fa:Solid_Archive]","fa:Solid_Archive:#2D8CFF","Solid Archive Solid Archive"
"Solid_Archway","Solid","fa:Solid","Archway","[fa:Solid_Archway]","fa:Solid_Archway:#2D8CFF","Solid Archway Solid Archway"
"Solid_ArrowAltCircleDown","Solid","fa:Solid","ArrowAltCircleDown","[fa:Solid_ArrowAltCircleDown]","fa:Solid_ArrowAltCircleDown:#2D8CFF","Solid ArrowAltCircleDown Solid ArrowAltCircleDown"
"Solid_ArrowAltCircleLeft","Solid","fa:Solid","ArrowAltCircleLeft","[fa:Solid_ArrowAltCircleLeft]","fa:Solid_ArrowAltCircleLeft:#2D8CFF","Solid ArrowAltCircleLeft Solid ArrowAltCircleLeft"
"Solid_ArrowAltCircleRight","Solid","fa:Solid","ArrowAltCircleRight","[fa:Solid_ArrowAltCircleRight]","fa:Solid_ArrowAltCircleRight:#2D8CFF","Solid ArrowAltCircleRight Solid ArrowAltCircleRight"
"Solid_ArrowAltCircleUp","Solid","fa:Solid","ArrowAltCircleUp","[fa:Solid_ArrowAltCircleUp]","fa:Solid_ArrowAltCircleUp:#2D8CFF","Solid ArrowAltCircleUp Solid ArrowAltCircleUp"
"Solid_ArrowAltDown","Solid","fa:Solid","ArrowAltDown","[fa:Solid_ArrowAltDown]","fa:Solid_ArrowAltDown:#2D8CFF","Solid ArrowAltDown Solid ArrowAltDown"
"Solid_ArrowAltFromBottom","Solid","fa:Solid","ArrowAltFromBottom","[fa:Solid_ArrowAltFromBottom]","fa:Solid_ArrowAltFromBottom:#2D8CFF","Solid ArrowAltFromBottom Solid ArrowAltFromBottom"
"Solid_ArrowAltFromLeft","Solid","fa:Solid","ArrowAltFromLeft","[fa:Solid_ArrowAltFromLeft]","fa:Solid_ArrowAltFromLeft:#2D8CFF","Solid ArrowAltFromLeft Solid ArrowAltFromLeft"
"Solid_ArrowAltFromRight","Solid","fa:Solid","ArrowAltFromRight","[fa:Solid_ArrowAltFromRight]","fa:Solid_ArrowAltFromRight:#2D8CFF","Solid ArrowAltFromRight Solid ArrowAltFromRight"
"Solid_ArrowAltFromTop","Solid","fa:Solid","ArrowAltFromTop","[fa:Solid_ArrowAltFromTop]","fa:Solid_ArrowAltFromTop:#2D8CFF","Solid ArrowAltFromTop Solid ArrowAltFromTop"
"Solid_ArrowAltLeft","Solid","fa:Solid","ArrowAltLeft","[fa:Solid_ArrowAltLeft]","fa:Solid_ArrowAltLeft:#2D8CFF","Solid ArrowAltLeft Solid ArrowAltLeft"
"Solid_ArrowAltRight","Solid","fa:Solid","ArrowAltRight","[fa:Solid_ArrowAltRight]","fa:Solid_ArrowAltRight:#2D8CFF","Solid ArrowAltRight Solid ArrowAltRight"
"Solid_ArrowAltSquareDown","Solid","fa:Solid","ArrowAltSquareDown","[fa:Solid_ArrowAltSquareDown]","fa:Solid_ArrowAltSquareDown:#2D8CFF","Solid ArrowAltSquareDown Solid ArrowAltSquareDown"
"Solid_ArrowAltSquareLeft","Solid","fa:Solid","ArrowAltSquareLeft","[fa:Solid_ArrowAltSquareLeft]","fa:Solid_ArrowAltSquareLeft:#2D8CFF","Solid ArrowAltSquareLeft Solid ArrowAltSquareLeft"
"Solid_ArrowAltSquareRight","Solid","fa:Solid","ArrowAltSquareRight","[fa:Solid_ArrowAltSquareRight]","fa:Solid_ArrowAltSquareRight:#2D8CFF","Solid ArrowAltSquareRight Solid ArrowAltSquareRight"
"Solid_ArrowAltSquareUp","Solid","fa:Solid","ArrowAltSquareUp","[fa:Solid_ArrowAltSquareUp]","fa:Solid_ArrowAltSquareUp:#2D8CFF","Solid ArrowAltSquareUp Solid ArrowAltSquareUp"
"Solid_ArrowAltToBottom","Solid","fa:Solid","ArrowAltToBottom","[fa:Solid_ArrowAltToBottom]","fa:Solid_ArrowAltToBottom:#2D8CFF","Solid ArrowAltToBottom Solid ArrowAltToBottom"
"Solid_ArrowAltToLeft","Solid","fa:Solid","ArrowAltToLeft","[fa:Solid_ArrowAltToLeft]","fa:Solid_ArrowAltToLeft:#2D8CFF","Solid ArrowAltToLeft Solid ArrowAltToLeft"
"Solid_ArrowAltToRight","Solid","fa:Solid","ArrowAltToRight","[fa:Solid_ArrowAltToRight]","fa:Solid_ArrowAltToRight:#2D8CFF","Solid ArrowAltToRight Solid ArrowAltToRight"
"Solid_ArrowAltToTop","Solid","fa:Solid","ArrowAltToTop","[fa:Solid_ArrowAltToTop]","fa:Solid_ArrowAltToTop:#2D8CFF","Solid ArrowAltToTop Solid ArrowAltToTop"
"Solid_ArrowAltUp","Solid","fa:Solid","ArrowAltUp","[fa:Solid_ArrowAltUp]","fa:Solid_ArrowAltUp:#2D8CFF","Solid ArrowAltUp Solid ArrowAltUp"
"Solid_ArrowCircleDown","Solid","fa:Solid","ArrowCircleDown","[fa:Solid_ArrowCircleDown]","fa:Solid_ArrowCircleDown:#2D8CFF","Solid ArrowCircleDown Solid ArrowCircleDown"
"Solid_ArrowCircleLeft","Solid","fa:Solid","ArrowCircleLeft","[fa:Solid_ArrowCircleLeft]","fa:Solid_ArrowCircleLeft:#2D8CFF","Solid ArrowCircleLeft Solid ArrowCircleLeft"
"Solid_ArrowCircleRight","Solid","fa:Solid","ArrowCircleRight","[fa:Solid_ArrowCircleRight]","fa:Solid_ArrowCircleRight:#2D8CFF","Solid ArrowCircleRight Solid ArrowCircleRight"
"Solid_ArrowCircleUp","Solid","fa:Solid","ArrowCircleUp","[fa:Solid_ArrowCircleUp]","fa:Solid_ArrowCircleUp:#2D8CFF","Solid ArrowCircleUp Solid ArrowCircleUp"
"Solid_ArrowDown","Solid","fa:Solid","ArrowDown","[fa:Solid_ArrowDown]","fa:Solid_ArrowDown:#2D8CFF","Solid ArrowDown Solid ArrowDown"
"Solid_ArrowFromBottom","Solid","fa:Solid","ArrowFromBottom","[fa:Solid_ArrowFromBottom]","fa:Solid_ArrowFromBottom:#2D8CFF","Solid ArrowFromBottom Solid ArrowFromBottom"
"Solid_ArrowFromLeft","Solid","fa:Solid","ArrowFromLeft","[fa:Solid_ArrowFromLeft]","fa:Solid_ArrowFromLeft:#2D8CFF","Solid ArrowFromLeft Solid ArrowFromLeft"
"Solid_ArrowFromRight","Solid","fa:Solid","ArrowFromRight","[fa:Solid_ArrowFromRight]","fa:Solid_ArrowFromRight:#2D8CFF","Solid ArrowFromRight Solid ArrowFromRight"
"Solid_ArrowFromTop","Solid","fa:Solid","ArrowFromTop","[fa:Solid_ArrowFromTop]","fa:Solid_ArrowFromTop:#2D8CFF","Solid ArrowFromTop Solid ArrowFromTop"
"Solid_ArrowLeft","Solid","fa:Solid","ArrowLeft","[fa:Solid_ArrowLeft]","fa:Solid_ArrowLeft:#2D8CFF","Solid ArrowLeft Solid ArrowLeft"
"Solid_ArrowRight","Solid","fa:Solid","ArrowRight","[fa:Solid_ArrowRight]","fa:Solid_ArrowRight:#2D8CFF","Solid ArrowRight Solid ArrowRight"
"Solid_ArrowSquareDown","Solid","fa:Solid","ArrowSquareDown","[fa:Solid_ArrowSquareDown]","fa:Solid_ArrowSquareDown:#2D8CFF","Solid ArrowSquareDown Solid ArrowSquareDown"
"Solid_ArrowSquareLeft","Solid","fa:Solid","ArrowSquareLeft","[fa:Solid_ArrowSquareLeft]","fa:Solid_ArrowSquareLeft:#2D8CFF","Solid ArrowSquareLeft Solid ArrowSquareLeft"
"Solid_ArrowSquareRight","Solid","fa:Solid","ArrowSquareRight","[fa:Solid_ArrowSquareRight]","fa:Solid_ArrowSquareRight:#2D8CFF","Solid ArrowSquareRight Solid ArrowSquareRight"
"Solid_ArrowSquareUp","Solid","fa:Solid","ArrowSquareUp","[fa:Solid_ArrowSquareUp]","fa:Solid_ArrowSquareUp:#2D8CFF","Solid ArrowSquareUp Solid ArrowSquareUp"
"Solid_ArrowToBottom","Solid","fa:Solid","ArrowToBottom","[fa:Solid_ArrowToBottom]","fa:Solid_ArrowToBottom:#2D8CFF","Solid ArrowToBottom Solid ArrowToBottom"
"Solid_ArrowToLeft","Solid","fa:Solid","ArrowToLeft","[fa:Solid_ArrowToLeft]","fa:Solid_ArrowToLeft:#2D8CFF","Solid ArrowToLeft Solid ArrowToLeft"
"Solid_ArrowToRight","Solid","fa:Solid","ArrowToRight","[fa:Solid_ArrowToRight]","fa:Solid_ArrowToRight:#2D8CFF","Solid ArrowToRight Solid ArrowToRight"
"Solid_ArrowToTop","Solid","fa:Solid","ArrowToTop","[fa:Solid_ArrowToTop]","fa:Solid_ArrowToTop:#2D8CFF","Solid ArrowToTop Solid ArrowToTop"
"Solid_ArrowUp","Solid","fa:Solid","ArrowUp","[fa:Solid_ArrowUp]","fa:Solid_ArrowUp:#2D8CFF","Solid ArrowUp Solid ArrowUp"
"Solid_Arrows","Solid","fa:Solid","Arrows","[fa:Solid_Arrows]","fa:Solid_Arrows:#2D8CFF","Solid Arrows Solid Arrows"
"Solid_ArrowsAlt","Solid","fa:Solid","ArrowsAlt","[fa:Solid_ArrowsAlt]","fa:Solid_ArrowsAlt:#2D8CFF","Solid ArrowsAlt Solid ArrowsAlt"
"Solid_ArrowsAltH","Solid","fa:Solid","ArrowsAltH","[fa:Solid_ArrowsAltH]","fa:Solid_ArrowsAltH:#2D8CFF","Solid ArrowsAltH Solid ArrowsAltH"
"Solid_ArrowsAltV","Solid","fa:Solid","ArrowsAltV","[fa:Solid_ArrowsAltV]","fa:Solid_ArrowsAltV:#2D8CFF","Solid ArrowsAltV Solid ArrowsAltV"
"Solid_ArrowsH","Solid","fa:Solid","ArrowsH","[fa:Solid_ArrowsH]","fa:Solid_ArrowsH:#2D8CFF","Solid ArrowsH Solid ArrowsH"
"Solid_ArrowsV","Solid","fa:Solid","ArrowsV","[fa:Solid_ArrowsV]","fa:Solid_ArrowsV:#2D8CFF","Solid ArrowsV Solid ArrowsV"
"Solid_AssistiveListeningSystems","Solid","fa:Solid","AssistiveListeningSystems","[fa:Solid_AssistiveListeningSystems]","fa:Solid_AssistiveListeningSystems:#2D8CFF","Solid AssistiveListeningSystems Solid AssistiveListeningSystems"
"Solid_Asterisk","Solid","fa:Solid","Asterisk","[fa:Solid_Asterisk]","fa:Solid_Asterisk:#2D8CFF","Solid Asterisk Solid Asterisk"
"Solid_At","Solid","fa:Solid","At","[fa:Solid_At]","fa:Solid_At:#2D8CFF","Solid At Solid At"
"Solid_Atlas","Solid","fa:Solid","Atlas","[fa:Solid_Atlas]","fa:Solid_Atlas:#2D8CFF","Solid Atlas Solid Atlas"
"Solid_Atom","Solid","fa:Solid","Atom","[fa:Solid_Atom]","fa:Solid_Atom:#2D8CFF","Solid Atom Solid Atom"
"Solid_AtomAlt","Solid","fa:Solid","AtomAlt","[fa:Solid_AtomAlt]","fa:Solid_AtomAlt:#2D8CFF","Solid AtomAlt Solid AtomAlt"
"Solid_AudioDescription","Solid","fa:Solid","AudioDescription","[fa:Solid_AudioDescription]","fa:Solid_AudioDescription:#2D8CFF","Solid AudioDescription Solid AudioDescription"
"Solid_Award","Solid","fa:Solid","Award","[fa:Solid_Award]","fa:Solid_Award:#2D8CFF","Solid Award Solid Award"
"Solid_Axe","Solid","fa:Solid","Axe","[fa:Solid_Axe]","fa:Solid_Axe:#2D8CFF","Solid Axe Solid Axe"
"Solid_AxeBattle","Solid","fa:Solid","AxeBattle","[fa:Solid_AxeBattle]","fa:Solid_AxeBattle:#2D8CFF","Solid AxeBattle Solid AxeBattle"
"Solid_Baby","Solid","fa:Solid","Baby","[fa:Solid_Baby]","fa:Solid_Baby:#2D8CFF","Solid Baby Solid Baby"
"Solid_BabyCarriage","Solid","fa:Solid","BabyCarriage","[fa:Solid_BabyCarriage]","fa:Solid_BabyCarriage:#2D8CFF","Solid BabyCarriage Solid BabyCarriage"
"Solid_Backpack","Solid","fa:Solid","Backpack","[fa:Solid_Backpack]","fa:Solid_Backpack:#2D8CFF","Solid Backpack Solid Backpack"
"Solid_Backspace","Solid","fa:Solid","Backspace","[fa:Solid_Backspace]","fa:Solid_Backspace:#2D8CFF","Solid Backspace Solid Backspace"
"Solid_Backward","Solid","fa:Solid","Backward","[fa:Solid_Backward]","fa:Solid_Backward:#2D8CFF","Solid Backward Solid Backward"
"Solid_Bacon","Solid","fa:Solid","Bacon","[fa:Solid_Bacon]","fa:Solid_Bacon:#2D8CFF","Solid Bacon Solid Bacon"
"Solid_Bacteria","Solid","fa:Solid","Bacteria","[fa:Solid_Bacteria]","fa:Solid_Bacteria:#2D8CFF","Solid Bacteria Solid Bacteria"
"Solid_Bacterium","Solid","fa:Solid","Bacterium","[fa:Solid_Bacterium]","fa:Solid_Bacterium:#2D8CFF","Solid Bacterium Solid Bacterium"
"Solid_Badge","Solid","fa:Solid","Badge","[fa:Solid_Badge]","fa:Solid_Badge:#2D8CFF","Solid Badge Solid Badge"
"Solid_BadgeCheck","Solid","fa:Solid","BadgeCheck","[fa:Solid_BadgeCheck]","fa:Solid_BadgeCheck:#2D8CFF","Solid BadgeCheck Solid BadgeCheck"
"Solid_BadgeDollar","Solid","fa:Solid","BadgeDollar","[fa:Solid_BadgeDollar]","fa:Solid_BadgeDollar:#2D8CFF","Solid BadgeDollar Solid BadgeDollar"
"Solid_BadgePercent","Solid","fa:Solid","BadgePercent","[fa:Solid_BadgePercent]","fa:Solid_BadgePercent:#2D8CFF","Solid BadgePercent Solid BadgePercent"
"Solid_BadgeSheriff","Solid","fa:Solid","BadgeSheriff","[fa:Solid_BadgeSheriff]","fa:Solid_BadgeSheriff:#2D8CFF","Solid BadgeSheriff Solid BadgeSheriff"
"Solid_BadgerHoney","Solid","fa:Solid","BadgerHoney","[fa:Solid_BadgerHoney]","fa:Solid_BadgerHoney:#2D8CFF","Solid BadgerHoney Solid BadgerHoney"
"Solid_BagsShopping","Solid","fa:Solid","BagsShopping","[fa:Solid_BagsShopping]","fa:Solid_BagsShopping:#2D8CFF","Solid BagsShopping Solid BagsShopping"
"Solid_Bahai","Solid","fa:Solid","Bahai","[fa:Solid_Bahai]","fa:Solid_Bahai:#2D8CFF","Solid Bahai Solid Bahai"
"Solid_BalanceScale","Solid","fa:Solid","BalanceScale","[fa:Solid_BalanceScale]","fa:Solid_BalanceScale:#2D8CFF","Solid BalanceScale Solid BalanceScale"
"Solid_BalanceScaleLeft","Solid","fa:Solid","BalanceScaleLeft","[fa:Solid_BalanceScaleLeft]","fa:Solid_BalanceScaleLeft:#2D8CFF","Solid BalanceScaleLeft Solid BalanceScaleLeft"
"Solid_BalanceScaleRight","Solid","fa:Solid","BalanceScaleRight","[fa:Solid_BalanceScaleRight]","fa:Solid_BalanceScaleRight:#2D8CFF","Solid BalanceScaleRight Solid BalanceScaleRight"
"Solid_BallPile","Solid","fa:Solid","BallPile","[fa:Solid_BallPile]","fa:Solid_BallPile:#2D8CFF","Solid BallPile Solid BallPile"
"Solid_Ballot","Solid","fa:Solid","Ballot","[fa:Solid_Ballot]","fa:Solid_Ballot:#2D8CFF","Solid Ballot Solid Ballot"
"Solid_BallotCheck","Solid","fa:Solid","BallotCheck","[fa:Solid_BallotCheck]","fa:Solid_BallotCheck:#2D8CFF","Solid BallotCheck Solid BallotCheck"
"Solid_Ban","Solid","fa:Solid","Ban","[fa:Solid_Ban]","fa:Solid_Ban:#2D8CFF","Solid Ban Solid Ban"
"Solid_BandAid","Solid","fa:Solid","BandAid","[fa:Solid_BandAid]","fa:Solid_BandAid:#2D8CFF","Solid BandAid Solid BandAid"
"Solid_Banjo","Solid","fa:Solid","Banjo","[fa:Solid_Banjo]","fa:Solid_Banjo:#2D8CFF","Solid Banjo Solid Banjo"
"Solid_Barcode","Solid","fa:Solid","Barcode","[fa:Solid_Barcode]","fa:Solid_Barcode:#2D8CFF","Solid Barcode Solid Barcode"
"Solid_BarcodeAlt","Solid","fa:Solid","BarcodeAlt","[fa:Solid_BarcodeAlt]","fa:Solid_BarcodeAlt:#2D8CFF","Solid BarcodeAlt Solid BarcodeAlt"
"Solid_BarcodeRead","Solid","fa:Solid","BarcodeRead","[fa:Solid_BarcodeRead]","fa:Solid_BarcodeRead:#2D8CFF","Solid BarcodeRead Solid BarcodeRead"
"Solid_BarcodeScan","Solid","fa:Solid","BarcodeScan","[fa:Solid_BarcodeScan]","fa:Solid_BarcodeScan:#2D8CFF","Solid BarcodeScan Solid BarcodeScan"
"Solid_Bars","Solid","fa:Solid","Bars","[fa:Solid_Bars]","fa:Solid_Bars:#2D8CFF","Solid Bars Solid Bars"
"Solid_Baseball","Solid","fa:Solid","Baseball","[fa:Solid_Baseball]","fa:Solid_Baseball:#2D8CFF","Solid Baseball Solid Baseball"
"Solid_BaseballBall","Solid","fa:Solid","BaseballBall","[fa:Solid_BaseballBall]","fa:Solid_BaseballBall:#2D8CFF","Solid BaseballBall Solid BaseballBall"
"Solid_BasketballBall","Solid","fa:Solid","BasketballBall","[fa:Solid_BasketballBall]","fa:Solid_BasketballBall:#2D8CFF","Solid BasketballBall Solid BasketballBall"
"Solid_BasketballHoop","Solid","fa:Solid","BasketballHoop","[fa:Solid_BasketballHoop]","fa:Solid_BasketballHoop:#2D8CFF","Solid BasketballHoop Solid BasketballHoop"
"Solid_Bat","Solid","fa:Solid","Bat","[fa:Solid_Bat]","fa:Solid_Bat:#2D8CFF","Solid Bat Solid Bat"
"Solid_Bath","Solid","fa:Solid","Bath","[fa:Solid_Bath]","fa:Solid_Bath:#2D8CFF","Solid Bath Solid Bath"
"Solid_BatteryBolt","Solid","fa:Solid","BatteryBolt","[fa:Solid_BatteryBolt]","fa:Solid_BatteryBolt:#2D8CFF","Solid BatteryBolt Solid BatteryBolt"
"Solid_BatteryEmpty","Solid","fa:Solid","BatteryEmpty","[fa:Solid_BatteryEmpty]","fa:Solid_BatteryEmpty:#2D8CFF","Solid BatteryEmpty Solid BatteryEmpty"
"Solid_BatteryFull","Solid","fa:Solid","BatteryFull","[fa:Solid_BatteryFull]","fa:Solid_BatteryFull:#2D8CFF","Solid BatteryFull Solid BatteryFull"
"Solid_BatteryHalf","Solid","fa:Solid","BatteryHalf","[fa:Solid_BatteryHalf]","fa:Solid_BatteryHalf:#2D8CFF","Solid BatteryHalf Solid BatteryHalf"
"Solid_BatteryQuarter","Solid","fa:Solid","BatteryQuarter","[fa:Solid_BatteryQuarter]","fa:Solid_BatteryQuarter:#2D8CFF","Solid BatteryQuarter Solid BatteryQuarter"
"Solid_BatterySlash","Solid","fa:Solid","BatterySlash","[fa:Solid_BatterySlash]","fa:Solid_BatterySlash:#2D8CFF","Solid BatterySlash Solid BatterySlash"
"Solid_BatteryThreeQuarters","Solid","fa:Solid","BatteryThreeQuarters","[fa:Solid_BatteryThreeQuarters]","fa:Solid_BatteryThreeQuarters:#2D8CFF","Solid BatteryThreeQuarters Solid BatteryThreeQuarters"
"Solid_Bed","Solid","fa:Solid","Bed","[fa:Solid_Bed]","fa:Solid_Bed:#2D8CFF","Solid Bed Solid Bed"
"Solid_BedAlt","Solid","fa:Solid","BedAlt","[fa:Solid_BedAlt]","fa:Solid_BedAlt:#2D8CFF","Solid BedAlt Solid BedAlt"
"Solid_BedBunk","Solid","fa:Solid","BedBunk","[fa:Solid_BedBunk]","fa:Solid_BedBunk:#2D8CFF","Solid BedBunk Solid BedBunk"
"Solid_BedEmpty","Solid","fa:Solid","BedEmpty","[fa:Solid_BedEmpty]","fa:Solid_BedEmpty:#2D8CFF","Solid BedEmpty Solid BedEmpty"
"Solid_Beer","Solid","fa:Solid","Beer","[fa:Solid_Beer]","fa:Solid_Beer:#2D8CFF","Solid Beer Solid Beer"
"Solid_Bell","Solid","fa:Solid","Bell","[fa:Solid_Bell]","fa:Solid_Bell:#2D8CFF","Solid Bell Solid Bell"
"Solid_BellExclamation","Solid","fa:Solid","BellExclamation","[fa:Solid_BellExclamation]","fa:Solid_BellExclamation:#2D8CFF","Solid BellExclamation Solid BellExclamation"
"Solid_BellOn","Solid","fa:Solid","BellOn","[fa:Solid_BellOn]","fa:Solid_BellOn:#2D8CFF","Solid BellOn Solid BellOn"
"Solid_BellPlus","Solid","fa:Solid","BellPlus","[fa:Solid_BellPlus]","fa:Solid_BellPlus:#2D8CFF","Solid BellPlus Solid BellPlus"
"Solid_BellSchool","Solid","fa:Solid","BellSchool","[fa:Solid_BellSchool]","fa:Solid_BellSchool:#2D8CFF","Solid BellSchool Solid BellSchool"
"Solid_BellSchoolSlash","Solid","fa:Solid","BellSchoolSlash","[fa:Solid_BellSchoolSlash]","fa:Solid_BellSchoolSlash:#2D8CFF","Solid BellSchoolSlash Solid BellSchoolSlash"
"Solid_BellSlash","Solid","fa:Solid","BellSlash","[fa:Solid_BellSlash]","fa:Solid_BellSlash:#2D8CFF","Solid BellSlash Solid BellSlash"
"Solid_Bells","Solid","fa:Solid","Bells","[fa:Solid_Bells]","fa:Solid_Bells:#2D8CFF","Solid Bells Solid Bells"
"Solid_Betamax","Solid","fa:Solid","Betamax","[fa:Solid_Betamax]","fa:Solid_Betamax:#2D8CFF","Solid Betamax Solid Betamax"
"Solid_BezierCurve","Solid","fa:Solid","BezierCurve","[fa:Solid_BezierCurve]","fa:Solid_BezierCurve:#2D8CFF","Solid BezierCurve Solid BezierCurve"
"Solid_Bible","Solid","fa:Solid","Bible","[fa:Solid_Bible]","fa:Solid_Bible:#2D8CFF","Solid Bible Solid Bible"
"Solid_Bicycle","Solid","fa:Solid","Bicycle","[fa:Solid_Bicycle]","fa:Solid_Bicycle:#2D8CFF","Solid Bicycle Solid Bicycle"
"Solid_Biking","Solid","fa:Solid","Biking","[fa:Solid_Biking]","fa:Solid_Biking:#2D8CFF","Solid Biking Solid Biking"
"Solid_BikingMountain","Solid","fa:Solid","BikingMountain","[fa:Solid_BikingMountain]","fa:Solid_BikingMountain:#2D8CFF","Solid BikingMountain Solid BikingMountain"
"Solid_Binoculars","Solid","fa:Solid","Binoculars","[fa:Solid_Binoculars]","fa:Solid_Binoculars:#2D8CFF","Solid Binoculars Solid Binoculars"
"Solid_Biohazard","Solid","fa:Solid","Biohazard","[fa:Solid_Biohazard]","fa:Solid_Biohazard:#2D8CFF","Solid Biohazard Solid Biohazard"
"Solid_BirthdayCake","Solid","fa:Solid","BirthdayCake","[fa:Solid_BirthdayCake]","fa:Solid_BirthdayCake:#2D8CFF","Solid BirthdayCake Solid BirthdayCake"
"Solid_Blanket","Solid","fa:Solid","Blanket","[fa:Solid_Blanket]","fa:Solid_Blanket:#2D8CFF","Solid Blanket Solid Blanket"
"Solid_Blender","Solid","fa:Solid","Blender","[fa:Solid_Blender]","fa:Solid_Blender:#2D8CFF","Solid Blender Solid Blender"
"Solid_BlenderPhone","Solid","fa:Solid","BlenderPhone","[fa:Solid_BlenderPhone]","fa:Solid_BlenderPhone:#2D8CFF","Solid BlenderPhone Solid BlenderPhone"
"Solid_Blind","Solid","fa:Solid","Blind","[fa:Solid_Blind]","fa:Solid_Blind:#2D8CFF","Solid Blind Solid Blind"
"Solid_Blinds","Solid","fa:Solid","Blinds","[fa:Solid_Blinds]","fa:Solid_Blinds:#2D8CFF","Solid Blinds Solid Blinds"
"Solid_BlindsOpen","Solid","fa:Solid","BlindsOpen","[fa:Solid_BlindsOpen]","fa:Solid_BlindsOpen:#2D8CFF","Solid BlindsOpen Solid BlindsOpen"
"Solid_BlindsRaised","Solid","fa:Solid","BlindsRaised","[fa:Solid_BlindsRaised]","fa:Solid_BlindsRaised:#2D8CFF","Solid BlindsRaised Solid BlindsRaised"
"Solid_Blog","Solid","fa:Solid","Blog","[fa:Solid_Blog]","fa:Solid_Blog:#2D8CFF","Solid Blog Solid Blog"
"Solid_Bold","Solid","fa:Solid","Bold","[fa:Solid_Bold]","fa:Solid_Bold:#2D8CFF","Solid Bold Solid Bold"
"Solid_Bolt","Solid","fa:Solid","Bolt","[fa:Solid_Bolt]","fa:Solid_Bolt:#2D8CFF","Solid Bolt Solid Bolt"
"Solid_Bomb","Solid","fa:Solid","Bomb","[fa:Solid_Bomb]","fa:Solid_Bomb:#2D8CFF","Solid Bomb Solid Bomb"
"Solid_Bone","Solid","fa:Solid","Bone","[fa:Solid_Bone]","fa:Solid_Bone:#2D8CFF","Solid Bone Solid Bone"
"Solid_BoneBreak","Solid","fa:Solid","BoneBreak","[fa:Solid_BoneBreak]","fa:Solid_BoneBreak:#2D8CFF","Solid BoneBreak Solid BoneBreak"
"Solid_Bong","Solid","fa:Solid","Bong","[fa:Solid_Bong]","fa:Solid_Bong:#2D8CFF","Solid Bong Solid Bong"
"Solid_Book","Solid","fa:Solid","Book","[fa:Solid_Book]","fa:Solid_Book:#2D8CFF","Solid Book Solid Book"
"Solid_BookAlt","Solid","fa:Solid","BookAlt","[fa:Solid_BookAlt]","fa:Solid_BookAlt:#2D8CFF","Solid BookAlt Solid BookAlt"
"Solid_BookDead","Solid","fa:Solid","BookDead","[fa:Solid_BookDead]","fa:Solid_BookDead:#2D8CFF","Solid BookDead Solid BookDead"
"Solid_BookHeart","Solid","fa:Solid","BookHeart","[fa:Solid_BookHeart]","fa:Solid_BookHeart:#2D8CFF","Solid BookHeart Solid BookHeart"
"Solid_BookMedical","Solid","fa:Solid","BookMedical","[fa:Solid_BookMedical]","fa:Solid_BookMedical:#2D8CFF","Solid BookMedical Solid BookMedical"
"Solid_BookOpen","Solid","fa:Solid","BookOpen","[fa:Solid_BookOpen]","fa:Solid_BookOpen:#2D8CFF","Solid BookOpen Solid BookOpen"
"Solid_BookReader","Solid","fa:Solid","BookReader","[fa:Solid_BookReader]","fa:Solid_BookReader:#2D8CFF","Solid BookReader Solid BookReader"
"Solid_BookSpells","Solid","fa:Solid","BookSpells","[fa:Solid_BookSpells]","fa:Solid_BookSpells:#2D8CFF","Solid BookSpells Solid BookSpells"
"Solid_BookUser","Solid","fa:Solid","BookUser","[fa:Solid_BookUser]","fa:Solid_BookUser:#2D8CFF","Solid BookUser Solid BookUser"
"Solid_Bookmark","Solid","fa:Solid","Bookmark","[fa:Solid_Bookmark]","fa:Solid_Bookmark:#2D8CFF","Solid Bookmark Solid Bookmark"
"Solid_Books","Solid","fa:Solid","Books","[fa:Solid_Books]","fa:Solid_Books:#2D8CFF","Solid Books Solid Books"
"Solid_BooksMedical","Solid","fa:Solid","BooksMedical","[fa:Solid_BooksMedical]","fa:Solid_BooksMedical:#2D8CFF","Solid BooksMedical Solid BooksMedical"
"Solid_Boombox","Solid","fa:Solid","Boombox","[fa:Solid_Boombox]","fa:Solid_Boombox:#2D8CFF","Solid Boombox Solid Boombox"
"Solid_Boot","Solid","fa:Solid","Boot","[fa:Solid_Boot]","fa:Solid_Boot:#2D8CFF","Solid Boot Solid Boot"
"Solid_BoothCurtain","Solid","fa:Solid","BoothCurtain","[fa:Solid_BoothCurtain]","fa:Solid_BoothCurtain:#2D8CFF","Solid BoothCurtain Solid BoothCurtain"
"Solid_BorderAll","Solid","fa:Solid","BorderAll","[fa:Solid_BorderAll]","fa:Solid_BorderAll:#2D8CFF","Solid BorderAll Solid BorderAll"
"Solid_BorderBottom","Solid","fa:Solid","BorderBottom","[fa:Solid_BorderBottom]","fa:Solid_BorderBottom:#2D8CFF","Solid BorderBottom Solid BorderBottom"
"Solid_BorderCenterH","Solid","fa:Solid","BorderCenterH","[fa:Solid_BorderCenterH]","fa:Solid_BorderCenterH:#2D8CFF","Solid BorderCenterH Solid BorderCenterH"
"Solid_BorderCenterV","Solid","fa:Solid","BorderCenterV","[fa:Solid_BorderCenterV]","fa:Solid_BorderCenterV:#2D8CFF","Solid BorderCenterV Solid BorderCenterV"
"Solid_BorderInner","Solid","fa:Solid","BorderInner","[fa:Solid_BorderInner]","fa:Solid_BorderInner:#2D8CFF","Solid BorderInner Solid BorderInner"
"Solid_BorderLeft","Solid","fa:Solid","BorderLeft","[fa:Solid_BorderLeft]","fa:Solid_BorderLeft:#2D8CFF","Solid BorderLeft Solid BorderLeft"
"Solid_BorderNone","Solid","fa:Solid","BorderNone","[fa:Solid_BorderNone]","fa:Solid_BorderNone:#2D8CFF","Solid BorderNone Solid BorderNone"
"Solid_BorderOuter","Solid","fa:Solid","BorderOuter","[fa:Solid_BorderOuter]","fa:Solid_BorderOuter:#2D8CFF","Solid BorderOuter Solid BorderOuter"
"Solid_BorderRight","Solid","fa:Solid","BorderRight","[fa:Solid_BorderRight]","fa:Solid_BorderRight:#2D8CFF","Solid BorderRight Solid BorderRight"
"Solid_BorderStyle","Solid","fa:Solid","BorderStyle","[fa:Solid_BorderStyle]","fa:Solid_BorderStyle:#2D8CFF","Solid BorderStyle Solid BorderStyle"
"Solid_BorderStyleAlt","Solid","fa:Solid","BorderStyleAlt","[fa:Solid_BorderStyleAlt]","fa:Solid_BorderStyleAlt:#2D8CFF","Solid BorderStyleAlt Solid BorderStyleAlt"
"Solid_BorderTop","Solid","fa:Solid","BorderTop","[fa:Solid_BorderTop]","fa:Solid_BorderTop:#2D8CFF","Solid BorderTop Solid BorderTop"
"Solid_BowArrow","Solid","fa:Solid","BowArrow","[fa:Solid_BowArrow]","fa:Solid_BowArrow:#2D8CFF","Solid BowArrow Solid BowArrow"
"Solid_BowlingBall","Solid","fa:Solid","BowlingBall","[fa:Solid_BowlingBall]","fa:Solid_BowlingBall:#2D8CFF","Solid BowlingBall Solid BowlingBall"
"Solid_BowlingPins","Solid","fa:Solid","BowlingPins","[fa:Solid_BowlingPins]","fa:Solid_BowlingPins:#2D8CFF","Solid BowlingPins Solid BowlingPins"
"Solid_Box","Solid","fa:Solid","Box","[fa:Solid_Box]","fa:Solid_Box:#2D8CFF","Solid Box Solid Box"
"Solid_BoxAlt","Solid","fa:Solid","BoxAlt","[fa:Solid_BoxAlt]","fa:Solid_BoxAlt:#2D8CFF","Solid BoxAlt Solid BoxAlt"
"Solid_BoxBallot","Solid","fa:Solid","BoxBallot","[fa:Solid_BoxBallot]","fa:Solid_BoxBallot:#2D8CFF","Solid BoxBallot Solid BoxBallot"
"Solid_BoxCheck","Solid","fa:Solid","BoxCheck","[fa:Solid_BoxCheck]","fa:Solid_BoxCheck:#2D8CFF","Solid BoxCheck Solid BoxCheck"
"Solid_BoxFragile","Solid","fa:Solid","BoxFragile","[fa:Solid_BoxFragile]","fa:Solid_BoxFragile:#2D8CFF","Solid BoxFragile Solid BoxFragile"
"Solid_BoxFull","Solid","fa:Solid","BoxFull","[fa:Solid_BoxFull]","fa:Solid_BoxFull:#2D8CFF","Solid BoxFull Solid BoxFull"
"Solid_BoxHeart","Solid","fa:Solid","BoxHeart","[fa:Solid_BoxHeart]","fa:Solid_BoxHeart:#2D8CFF","Solid BoxHeart Solid BoxHeart"
"Solid_BoxOpen","Solid","fa:Solid","BoxOpen","[fa:Solid_BoxOpen]","fa:Solid_BoxOpen:#2D8CFF","Solid BoxOpen Solid BoxOpen"
"Solid_BoxTissue","Solid","fa:Solid","BoxTissue","[fa:Solid_BoxTissue]","fa:Solid_BoxTissue:#2D8CFF","Solid BoxTissue Solid BoxTissue"
"Solid_BoxUp","Solid","fa:Solid","BoxUp","[fa:Solid_BoxUp]","fa:Solid_BoxUp:#2D8CFF","Solid BoxUp Solid BoxUp"
"Solid_BoxUsd","Solid","fa:Solid","BoxUsd","[fa:Solid_BoxUsd]","fa:Solid_BoxUsd:#2D8CFF","Solid BoxUsd Solid BoxUsd"
"Solid_Boxes","Solid","fa:Solid","Boxes","[fa:Solid_Boxes]","fa:Solid_Boxes:#2D8CFF","Solid Boxes Solid Boxes"
"Solid_BoxesAlt","Solid","fa:Solid","BoxesAlt","[fa:Solid_BoxesAlt]","fa:Solid_BoxesAlt:#2D8CFF","Solid BoxesAlt Solid BoxesAlt"
"Solid_BoxingGlove","Solid","fa:Solid","BoxingGlove","[fa:Solid_BoxingGlove]","fa:Solid_BoxingGlove:#2D8CFF","Solid BoxingGlove Solid BoxingGlove"
"Solid_Brackets","Solid","fa:Solid","Brackets","[fa:Solid_Brackets]","fa:Solid_Brackets:#2D8CFF","Solid Brackets Solid Brackets"
"Solid_BracketsCurly","Solid","fa:Solid","BracketsCurly","[fa:Solid_BracketsCurly]","fa:Solid_BracketsCurly:#2D8CFF","Solid BracketsCurly Solid BracketsCurly"
"Solid_Braille","Solid","fa:Solid","Braille","[fa:Solid_Braille]","fa:Solid_Braille:#2D8CFF","Solid Braille Solid Braille"
"Solid_Brain","Solid","fa:Solid","Brain","[fa:Solid_Brain]","fa:Solid_Brain:#2D8CFF","Solid Brain Solid Brain"
"Solid_BreadLoaf","Solid","fa:Solid","BreadLoaf","[fa:Solid_BreadLoaf]","fa:Solid_BreadLoaf:#2D8CFF","Solid BreadLoaf Solid BreadLoaf"
"Solid_BreadSlice","Solid","fa:Solid","BreadSlice","[fa:Solid_BreadSlice]","fa:Solid_BreadSlice:#2D8CFF","Solid BreadSlice Solid BreadSlice"
"Solid_Briefcase","Solid","fa:Solid","Briefcase","[fa:Solid_Briefcase]","fa:Solid_Briefcase:#2D8CFF","Solid Briefcase Solid Briefcase"
"Solid_BriefcaseMedical","Solid","fa:Solid","BriefcaseMedical","[fa:Solid_BriefcaseMedical]","fa:Solid_BriefcaseMedical:#2D8CFF","Solid BriefcaseMedical Solid BriefcaseMedical"
"Solid_BringForward","Solid","fa:Solid","BringForward","[fa:Solid_BringForward]","fa:Solid_BringForward:#2D8CFF","Solid BringForward Solid BringForward"
"Solid_BringFront","Solid","fa:Solid","BringFront","[fa:Solid_BringFront]","fa:Solid_BringFront:#2D8CFF","Solid BringFront Solid BringFront"
"Solid_BroadcastTower","Solid","fa:Solid","BroadcastTower","[fa:Solid_BroadcastTower]","fa:Solid_BroadcastTower:#2D8CFF","Solid BroadcastTower Solid BroadcastTower"
"Solid_Broom","Solid","fa:Solid","Broom","[fa:Solid_Broom]","fa:Solid_Broom:#2D8CFF","Solid Broom Solid Broom"
"Solid_Browser","Solid","fa:Solid","Browser","[fa:Solid_Browser]","fa:Solid_Browser:#2D8CFF","Solid Browser Solid Browser"
"Solid_Brush","Solid","fa:Solid","Brush","[fa:Solid_Brush]","fa:Solid_Brush:#2D8CFF","Solid Brush Solid Brush"
"Solid_Bug","Solid","fa:Solid","Bug","[fa:Solid_Bug]","fa:Solid_Bug:#2D8CFF","Solid Bug Solid Bug"
"Solid_Building","Solid","fa:Solid","Building","[fa:Solid_Building]","fa:Solid_Building:#2D8CFF","Solid Building Solid Building"
"Solid_Bullhorn","Solid","fa:Solid","Bullhorn","[fa:Solid_Bullhorn]","fa:Solid_Bullhorn:#2D8CFF","Solid Bullhorn Solid Bullhorn"
"Solid_Bullseye","Solid","fa:Solid","Bullseye","[fa:Solid_Bullseye]","fa:Solid_Bullseye:#2D8CFF","Solid Bullseye Solid Bullseye"
"Solid_BullseyeArrow","Solid","fa:Solid","BullseyeArrow","[fa:Solid_BullseyeArrow]","fa:Solid_BullseyeArrow:#2D8CFF","Solid BullseyeArrow Solid BullseyeArrow"
"Solid_BullseyePointer","Solid","fa:Solid","BullseyePointer","[fa:Solid_BullseyePointer]","fa:Solid_BullseyePointer:#2D8CFF","Solid BullseyePointer Solid BullseyePointer"
"Solid_BurgerSoda","Solid","fa:Solid","BurgerSoda","[fa:Solid_BurgerSoda]","fa:Solid_BurgerSoda:#2D8CFF","Solid BurgerSoda Solid BurgerSoda"
"Solid_Burn","Solid","fa:Solid","Burn","[fa:Solid_Burn]","fa:Solid_Burn:#2D8CFF","Solid Burn Solid Burn"
"Solid_Burrito","Solid","fa:Solid","Burrito","[fa:Solid_Burrito]","fa:Solid_Burrito:#2D8CFF","Solid Burrito Solid Burrito"
"Solid_Bus","Solid","fa:Solid","Bus","[fa:Solid_Bus]","fa:Solid_Bus:#2D8CFF","Solid Bus Solid Bus"
"Solid_BusAlt","Solid","fa:Solid","BusAlt","[fa:Solid_BusAlt]","fa:Solid_BusAlt:#2D8CFF","Solid BusAlt Solid BusAlt"
"Solid_BusSchool","Solid","fa:Solid","BusSchool","[fa:Solid_BusSchool]","fa:Solid_BusSchool:#2D8CFF","Solid BusSchool Solid BusSchool"
"Solid_BusinessTime","Solid","fa:Solid","BusinessTime","[fa:Solid_BusinessTime]","fa:Solid_BusinessTime:#2D8CFF","Solid BusinessTime Solid BusinessTime"
"Solid_CabinetFiling","Solid","fa:Solid","CabinetFiling","[fa:Solid_CabinetFiling]","fa:Solid_CabinetFiling:#2D8CFF","Solid CabinetFiling Solid CabinetFiling"
"Solid_Cactus","Solid","fa:Solid","Cactus","[fa:Solid_Cactus]","fa:Solid_Cactus:#2D8CFF","Solid Cactus Solid Cactus"
"Solid_Calculator","Solid","fa:Solid","Calculator","[fa:Solid_Calculator]","fa:Solid_Calculator:#2D8CFF","Solid Calculator Solid Calculator"
"Solid_CalculatorAlt","Solid","fa:Solid","CalculatorAlt","[fa:Solid_CalculatorAlt]","fa:Solid_CalculatorAlt:#2D8CFF","Solid CalculatorAlt Solid CalculatorAlt"
"Solid_Calendar","Solid","fa:Solid","Calendar","[fa:Solid_Calendar]","fa:Solid_Calendar:#2D8CFF","Solid Calendar Solid Calendar"
"Solid_CalendarAlt","Solid","fa:Solid","CalendarAlt","[fa:Solid_CalendarAlt]","fa:Solid_CalendarAlt:#2D8CFF","Solid CalendarAlt Solid CalendarAlt"
"Solid_CalendarCheck","Solid","fa:Solid","CalendarCheck","[fa:Solid_CalendarCheck]","fa:Solid_CalendarCheck:#2D8CFF","Solid CalendarCheck Solid CalendarCheck"
"Solid_CalendarDay","Solid","fa:Solid","CalendarDay","[fa:Solid_CalendarDay]","fa:Solid_CalendarDay:#2D8CFF","Solid CalendarDay Solid CalendarDay"
"Solid_CalendarEdit","Solid","fa:Solid","CalendarEdit","[fa:Solid_CalendarEdit]","fa:Solid_CalendarEdit:#2D8CFF","Solid CalendarEdit Solid CalendarEdit"
"Solid_CalendarExclamation","Solid","fa:Solid","CalendarExclamation","[fa:Solid_CalendarExclamation]","fa:Solid_CalendarExclamation:#2D8CFF","Solid CalendarExclamation Solid CalendarExclamation"
"Solid_CalendarMinus","Solid","fa:Solid","CalendarMinus","[fa:Solid_CalendarMinus]","fa:Solid_CalendarMinus:#2D8CFF","Solid CalendarMinus Solid CalendarMinus"
"Solid_CalendarPlus","Solid","fa:Solid","CalendarPlus","[fa:Solid_CalendarPlus]","fa:Solid_CalendarPlus:#2D8CFF","Solid CalendarPlus Solid CalendarPlus"
"Solid_CalendarStar","Solid","fa:Solid","CalendarStar","[fa:Solid_CalendarStar]","fa:Solid_CalendarStar:#2D8CFF","Solid CalendarStar Solid CalendarStar"
"Solid_CalendarTimes","Solid","fa:Solid","CalendarTimes","[fa:Solid_CalendarTimes]","fa:Solid_CalendarTimes:#2D8CFF","Solid CalendarTimes Solid CalendarTimes"
"Solid_CalendarWeek","Solid","fa:Solid","CalendarWeek","[fa:Solid_CalendarWeek]","fa:Solid_CalendarWeek:#2D8CFF","Solid CalendarWeek Solid CalendarWeek"
"Solid_Camcorder","Solid","fa:Solid","Camcorder","[fa:Solid_Camcorder]","fa:Solid_Camcorder:#2D8CFF","Solid Camcorder Solid Camcorder"
"Solid_Camera","Solid","fa:Solid","Camera","[fa:Solid_Camera]","fa:Solid_Camera:#2D8CFF","Solid Camera Solid Camera"
"Solid_CameraAlt","Solid","fa:Solid","CameraAlt","[fa:Solid_CameraAlt]","fa:Solid_CameraAlt:#2D8CFF","Solid CameraAlt Solid CameraAlt"
"Solid_CameraHome","Solid","fa:Solid","CameraHome","[fa:Solid_CameraHome]","fa:Solid_CameraHome:#2D8CFF","Solid CameraHome Solid CameraHome"
"Solid_CameraMovie","Solid","fa:Solid","CameraMovie","[fa:Solid_CameraMovie]","fa:Solid_CameraMovie:#2D8CFF","Solid CameraMovie Solid CameraMovie"
"Solid_CameraPolaroid","Solid","fa:Solid","CameraPolaroid","[fa:Solid_CameraPolaroid]","fa:Solid_CameraPolaroid:#2D8CFF","Solid CameraPolaroid Solid CameraPolaroid"
"Solid_CameraRetro","Solid","fa:Solid","CameraRetro","[fa:Solid_CameraRetro]","fa:Solid_CameraRetro:#2D8CFF","Solid CameraRetro Solid CameraRetro"
"Solid_Campfire","Solid","fa:Solid","Campfire","[fa:Solid_Campfire]","fa:Solid_Campfire:#2D8CFF","Solid Campfire Solid Campfire"
"Solid_Campground","Solid","fa:Solid","Campground","[fa:Solid_Campground]","fa:Solid_Campground:#2D8CFF","Solid Campground Solid Campground"
"Solid_CandleHolder","Solid","fa:Solid","CandleHolder","[fa:Solid_CandleHolder]","fa:Solid_CandleHolder:#2D8CFF","Solid CandleHolder Solid CandleHolder"
"Solid_CandyCane","Solid","fa:Solid","CandyCane","[fa:Solid_CandyCane]","fa:Solid_CandyCane:#2D8CFF","Solid CandyCane Solid CandyCane"
"Solid_CandyCorn","Solid","fa:Solid","CandyCorn","[fa:Solid_CandyCorn]","fa:Solid_CandyCorn:#2D8CFF","Solid CandyCorn Solid CandyCorn"
"Solid_Cannabis","Solid","fa:Solid","Cannabis","[fa:Solid_Cannabis]","fa:Solid_Cannabis:#2D8CFF","Solid Cannabis Solid Cannabis"
"Solid_Capsules","Solid","fa:Solid","Capsules","[fa:Solid_Capsules]","fa:Solid_Capsules:#2D8CFF","Solid Capsules Solid Capsules"
"Solid_Car","Solid","fa:Solid","Car","[fa:Solid_Car]","fa:Solid_Car:#2D8CFF","Solid Car Solid Car"
"Solid_CarAlt","Solid","fa:Solid","CarAlt","[fa:Solid_CarAlt]","fa:Solid_CarAlt:#2D8CFF","Solid CarAlt Solid CarAlt"
"Solid_CarBattery","Solid","fa:Solid","CarBattery","[fa:Solid_CarBattery]","fa:Solid_CarBattery:#2D8CFF","Solid CarBattery Solid CarBattery"
"Solid_CarBuilding","Solid","fa:Solid","CarBuilding","[fa:Solid_CarBuilding]","fa:Solid_CarBuilding:#2D8CFF","Solid CarBuilding Solid CarBuilding"
"Solid_CarBump","Solid","fa:Solid","CarBump","[fa:Solid_CarBump]","fa:Solid_CarBump:#2D8CFF","Solid CarBump Solid CarBump"
"Solid_CarBus","Solid","fa:Solid","CarBus","[fa:Solid_CarBus]","fa:Solid_CarBus:#2D8CFF","Solid CarBus Solid CarBus"
"Solid_CarCrash","Solid","fa:Solid","CarCrash","[fa:Solid_CarCrash]","fa:Solid_CarCrash:#2D8CFF","Solid CarCrash Solid CarCrash"
"Solid_CarGarage","Solid","fa:Solid","CarGarage","[fa:Solid_CarGarage]","fa:Solid_CarGarage:#2D8CFF","Solid CarGarage Solid CarGarage"
"Solid_CarMechanic","Solid","fa:Solid","CarMechanic","[fa:Solid_CarMechanic]","fa:Solid_CarMechanic:#2D8CFF","Solid CarMechanic Solid CarMechanic"
"Solid_CarSide","Solid","fa:Solid","CarSide","[fa:Solid_CarSide]","fa:Solid_CarSide:#2D8CFF","Solid CarSide Solid CarSide"
"Solid_CarTilt","Solid","fa:Solid","CarTilt","[fa:Solid_CarTilt]","fa:Solid_CarTilt:#2D8CFF","Solid CarTilt Solid CarTilt"
"Solid_CarWash","Solid","fa:Solid","CarWash","[fa:Solid_CarWash]","fa:Solid_CarWash:#2D8CFF","Solid CarWash Solid CarWash"
"Solid_Caravan","Solid","fa:Solid","Caravan","[fa:Solid_Caravan]","fa:Solid_Caravan:#2D8CFF","Solid Caravan Solid Caravan"
"Solid_CaravanAlt","Solid","fa:Solid","CaravanAlt","[fa:Solid_CaravanAlt]","fa:Solid_CaravanAlt:#2D8CFF","Solid CaravanAlt Solid CaravanAlt"
"Solid_CaretCircleDown","Solid","fa:Solid","CaretCircleDown","[fa:Solid_CaretCircleDown]","fa:Solid_CaretCircleDown:#2D8CFF","Solid CaretCircleDown Solid CaretCircleDown"
"Solid_CaretCircleLeft","Solid","fa:Solid","CaretCircleLeft","[fa:Solid_CaretCircleLeft]","fa:Solid_CaretCircleLeft:#2D8CFF","Solid CaretCircleLeft Solid CaretCircleLeft"
"Solid_CaretCircleRight","Solid","fa:Solid","CaretCircleRight","[fa:Solid_CaretCircleRight]","fa:Solid_CaretCircleRight:#2D8CFF","Solid CaretCircleRight Solid CaretCircleRight"
"Solid_CaretCircleUp","Solid","fa:Solid","CaretCircleUp","[fa:Solid_CaretCircleUp]","fa:Solid_CaretCircleUp:#2D8CFF","Solid CaretCircleUp Solid CaretCircleUp"
"Solid_CaretDown","Solid","fa:Solid","CaretDown","[fa:Solid_CaretDown]","fa:Solid_CaretDown:#2D8CFF","Solid CaretDown Solid CaretDown"
"Solid_CaretLeft","Solid","fa:Solid","CaretLeft","[fa:Solid_CaretLeft]","fa:Solid_CaretLeft:#2D8CFF","Solid CaretLeft Solid CaretLeft"
"Solid_CaretRight","Solid","fa:Solid","CaretRight","[fa:Solid_CaretRight]","fa:Solid_CaretRight:#2D8CFF","Solid CaretRight Solid CaretRight"
"Solid_CaretSquareDown","Solid","fa:Solid","CaretSquareDown","[fa:Solid_CaretSquareDown]","fa:Solid_CaretSquareDown:#2D8CFF","Solid CaretSquareDown Solid CaretSquareDown"
"Solid_CaretSquareLeft","Solid","fa:Solid","CaretSquareLeft","[fa:Solid_CaretSquareLeft]","fa:Solid_CaretSquareLeft:#2D8CFF","Solid CaretSquareLeft Solid CaretSquareLeft"
"Solid_CaretSquareRight","Solid","fa:Solid","CaretSquareRight","[fa:Solid_CaretSquareRight]","fa:Solid_CaretSquareRight:#2D8CFF","Solid CaretSquareRight Solid CaretSquareRight"
"Solid_CaretSquareUp","Solid","fa:Solid","CaretSquareUp","[fa:Solid_CaretSquareUp]","fa:Solid_CaretSquareUp:#2D8CFF","Solid CaretSquareUp Solid CaretSquareUp"
"Solid_CaretUp","Solid","fa:Solid","CaretUp","[fa:Solid_CaretUp]","fa:Solid_CaretUp:#2D8CFF","Solid CaretUp Solid CaretUp"
"Solid_Carrot","Solid","fa:Solid","Carrot","[fa:Solid_Carrot]","fa:Solid_Carrot:#2D8CFF","Solid Carrot Solid Carrot"
"Solid_Cars","Solid","fa:Solid","Cars","[fa:Solid_Cars]","fa:Solid_Cars:#2D8CFF","Solid Cars Solid Cars"
"Solid_CartArrowDown","Solid","fa:Solid","CartArrowDown","[fa:Solid_CartArrowDown]","fa:Solid_CartArrowDown:#2D8CFF","Solid CartArrowDown Solid CartArrowDown"
"Solid_CartPlus","Solid","fa:Solid","CartPlus","[fa:Solid_CartPlus]","fa:Solid_CartPlus:#2D8CFF","Solid CartPlus Solid CartPlus"
"Solid_CashRegister","Solid","fa:Solid","CashRegister","[fa:Solid_CashRegister]","fa:Solid_CashRegister:#2D8CFF","Solid CashRegister Solid CashRegister"
"Solid_CassetteTape","Solid","fa:Solid","CassetteTape","[fa:Solid_CassetteTape]","fa:Solid_CassetteTape:#2D8CFF","Solid CassetteTape Solid CassetteTape"
"Solid_Cat","Solid","fa:Solid","Cat","[fa:Solid_Cat]","fa:Solid_Cat:#2D8CFF","Solid Cat Solid Cat"
"Solid_CatSpace","Solid","fa:Solid","CatSpace","[fa:Solid_CatSpace]","fa:Solid_CatSpace:#2D8CFF","Solid CatSpace Solid CatSpace"
"Solid_Cauldron","Solid","fa:Solid","Cauldron","[fa:Solid_Cauldron]","fa:Solid_Cauldron:#2D8CFF","Solid Cauldron Solid Cauldron"
"Solid_Cctv","Solid","fa:Solid","Cctv","[fa:Solid_Cctv]","fa:Solid_Cctv:#2D8CFF","Solid Cctv Solid Cctv"
"Solid_Certificate","Solid","fa:Solid","Certificate","[fa:Solid_Certificate]","fa:Solid_Certificate:#2D8CFF","Solid Certificate Solid Certificate"
"Solid_Chair","Solid","fa:Solid","Chair","[fa:Solid_Chair]","fa:Solid_Chair:#2D8CFF","Solid Chair Solid Chair"
"Solid_ChairOffice","Solid","fa:Solid","ChairOffice","[fa:Solid_ChairOffice]","fa:Solid_ChairOffice:#2D8CFF","Solid ChairOffice Solid ChairOffice"
"Solid_Chalkboard","Solid","fa:Solid","Chalkboard","[fa:Solid_Chalkboard]","fa:Solid_Chalkboard:#2D8CFF","Solid Chalkboard Solid Chalkboard"
"Solid_ChalkboardTeacher","Solid","fa:Solid","ChalkboardTeacher","[fa:Solid_ChalkboardTeacher]","fa:Solid_ChalkboardTeacher:#2D8CFF","Solid ChalkboardTeacher Solid ChalkboardTeacher"
"Solid_ChargingStation","Solid","fa:Solid","ChargingStation","[fa:Solid_ChargingStation]","fa:Solid_ChargingStation:#2D8CFF","Solid ChargingStation Solid ChargingStation"
"Solid_ChartArea","Solid","fa:Solid","ChartArea","[fa:Solid_ChartArea]","fa:Solid_ChartArea:#2D8CFF","Solid ChartArea Solid ChartArea"
"Solid_ChartBar","Solid","fa:Solid","ChartBar","[fa:Solid_ChartBar]","fa:Solid_ChartBar:#2D8CFF","Solid ChartBar Solid ChartBar"
"Solid_ChartLine","Solid","fa:Solid","ChartLine","[fa:Solid_ChartLine]","fa:Solid_ChartLine:#2D8CFF","Solid ChartLine Solid ChartLine"
"Solid_ChartLineDown","Solid","fa:Solid","ChartLineDown","[fa:Solid_ChartLineDown]","fa:Solid_ChartLineDown:#2D8CFF","Solid ChartLineDown Solid ChartLineDown"
"Solid_ChartNetwork","Solid","fa:Solid","ChartNetwork","[fa:Solid_ChartNetwork]","fa:Solid_ChartNetwork:#2D8CFF","Solid ChartNetwork Solid ChartNetwork"
"Solid_ChartPie","Solid","fa:Solid","ChartPie","[fa:Solid_ChartPie]","fa:Solid_ChartPie:#2D8CFF","Solid ChartPie Solid ChartPie"
"Solid_ChartPieAlt","Solid","fa:Solid","ChartPieAlt","[fa:Solid_ChartPieAlt]","fa:Solid_ChartPieAlt:#2D8CFF","Solid ChartPieAlt Solid ChartPieAlt"
"Solid_ChartScatter","Solid","fa:Solid","ChartScatter","[fa:Solid_ChartScatter]","fa:Solid_ChartScatter:#2D8CFF","Solid ChartScatter Solid ChartScatter"
"Solid_Check","Solid","fa:Solid","Check","[fa:Solid_Check]","fa:Solid_Check:#2D8CFF","Solid Check Solid Check"
"Solid_CheckCircle","Solid","fa:Solid","CheckCircle","[fa:Solid_CheckCircle]","fa:Solid_CheckCircle:#2D8CFF","Solid CheckCircle Solid CheckCircle"
"Solid_CheckDouble","Solid","fa:Solid","CheckDouble","[fa:Solid_CheckDouble]","fa:Solid_CheckDouble:#2D8CFF","Solid CheckDouble Solid CheckDouble"
"Solid_CheckSquare","Solid","fa:Solid","CheckSquare","[fa:Solid_CheckSquare]","fa:Solid_CheckSquare:#2D8CFF","Solid CheckSquare Solid CheckSquare"
"Solid_Cheese","Solid","fa:Solid","Cheese","[fa:Solid_Cheese]","fa:Solid_Cheese:#2D8CFF","Solid Cheese Solid Cheese"
"Solid_CheeseSwiss","Solid","fa:Solid","CheeseSwiss","[fa:Solid_CheeseSwiss]","fa:Solid_CheeseSwiss:#2D8CFF","Solid CheeseSwiss Solid CheeseSwiss"
"Solid_Cheeseburger","Solid","fa:Solid","Cheeseburger","[fa:Solid_Cheeseburger]","fa:Solid_Cheeseburger:#2D8CFF","Solid Cheeseburger Solid Cheeseburger"
"Solid_Chess","Solid","fa:Solid","Chess","[fa:Solid_Chess]","fa:Solid_Chess:#2D8CFF","Solid Chess Solid Chess"
"Solid_ChessBishop","Solid","fa:Solid","ChessBishop","[fa:Solid_ChessBishop]","fa:Solid_ChessBishop:#2D8CFF","Solid ChessBishop Solid ChessBishop"
"Solid_ChessBishopAlt","Solid","fa:Solid","ChessBishopAlt","[fa:Solid_ChessBishopAlt]","fa:Solid_ChessBishopAlt:#2D8CFF","Solid ChessBishopAlt Solid ChessBishopAlt"
"Solid_ChessBoard","Solid","fa:Solid","ChessBoard","[fa:Solid_ChessBoard]","fa:Solid_ChessBoard:#2D8CFF","Solid ChessBoard Solid ChessBoard"
"Solid_ChessClock","Solid","fa:Solid","ChessClock","[fa:Solid_ChessClock]","fa:Solid_ChessClock:#2D8CFF","Solid ChessClock Solid ChessClock"
"Solid_ChessClockAlt","Solid","fa:Solid","ChessClockAlt","[fa:Solid_ChessClockAlt]","fa:Solid_ChessClockAlt:#2D8CFF","Solid ChessClockAlt Solid ChessClockAlt"
"Solid_ChessKing","Solid","fa:Solid","ChessKing","[fa:Solid_ChessKing]","fa:Solid_ChessKing:#2D8CFF","Solid ChessKing Solid ChessKing"
"Solid_ChessKingAlt","Solid","fa:Solid","ChessKingAlt","[fa:Solid_ChessKingAlt]","fa:Solid_ChessKingAlt:#2D8CFF","Solid ChessKingAlt Solid ChessKingAlt"
"Solid_ChessKnight","Solid","fa:Solid","ChessKnight","[fa:Solid_ChessKnight]","fa:Solid_ChessKnight:#2D8CFF","Solid ChessKnight Solid ChessKnight"
"Solid_ChessKnightAlt","Solid","fa:Solid","ChessKnightAlt","[fa:Solid_ChessKnightAlt]","fa:Solid_ChessKnightAlt:#2D8CFF","Solid ChessKnightAlt Solid ChessKnightAlt"
"Solid_ChessPawn","Solid","fa:Solid","ChessPawn","[fa:Solid_ChessPawn]","fa:Solid_ChessPawn:#2D8CFF","Solid ChessPawn Solid ChessPawn"
"Solid_ChessPawnAlt","Solid","fa:Solid","ChessPawnAlt","[fa:Solid_ChessPawnAlt]","fa:Solid_ChessPawnAlt:#2D8CFF","Solid ChessPawnAlt Solid ChessPawnAlt"
"Solid_ChessQueen","Solid","fa:Solid","ChessQueen","[fa:Solid_ChessQueen]","fa:Solid_ChessQueen:#2D8CFF","Solid ChessQueen Solid ChessQueen"
"Solid_ChessQueenAlt","Solid","fa:Solid","ChessQueenAlt","[fa:Solid_ChessQueenAlt]","fa:Solid_ChessQueenAlt:#2D8CFF","Solid ChessQueenAlt Solid ChessQueenAlt"
"Solid_ChessRook","Solid","fa:Solid","ChessRook","[fa:Solid_ChessRook]","fa:Solid_ChessRook:#2D8CFF","Solid ChessRook Solid ChessRook"
"Solid_ChessRookAlt","Solid","fa:Solid","ChessRookAlt","[fa:Solid_ChessRookAlt]","fa:Solid_ChessRookAlt:#2D8CFF","Solid ChessRookAlt Solid ChessRookAlt"
"Solid_ChevronCircleDown","Solid","fa:Solid","ChevronCircleDown","[fa:Solid_ChevronCircleDown]","fa:Solid_ChevronCircleDown:#2D8CFF","Solid ChevronCircleDown Solid ChevronCircleDown"
"Solid_ChevronCircleLeft","Solid","fa:Solid","ChevronCircleLeft","[fa:Solid_ChevronCircleLeft]","fa:Solid_ChevronCircleLeft:#2D8CFF","Solid ChevronCircleLeft Solid ChevronCircleLeft"
"Solid_ChevronCircleRight","Solid","fa:Solid","ChevronCircleRight","[fa:Solid_ChevronCircleRight]","fa:Solid_ChevronCircleRight:#2D8CFF","Solid ChevronCircleRight Solid ChevronCircleRight"
"Solid_ChevronCircleUp","Solid","fa:Solid","ChevronCircleUp","[fa:Solid_ChevronCircleUp]","fa:Solid_ChevronCircleUp:#2D8CFF","Solid ChevronCircleUp Solid ChevronCircleUp"
"Solid_ChevronDoubleDown","Solid","fa:Solid","ChevronDoubleDown","[fa:Solid_ChevronDoubleDown]","fa:Solid_ChevronDoubleDown:#2D8CFF","Solid ChevronDoubleDown Solid ChevronDoubleDown"
"Solid_ChevronDoubleLeft","Solid","fa:Solid","ChevronDoubleLeft","[fa:Solid_ChevronDoubleLeft]","fa:Solid_ChevronDoubleLeft:#2D8CFF","Solid ChevronDoubleLeft Solid ChevronDoubleLeft"
"Solid_ChevronDoubleRight","Solid","fa:Solid","ChevronDoubleRight","[fa:Solid_ChevronDoubleRight]","fa:Solid_ChevronDoubleRight:#2D8CFF","Solid ChevronDoubleRight Solid ChevronDoubleRight"
"Solid_ChevronDoubleUp","Solid","fa:Solid","ChevronDoubleUp","[fa:Solid_ChevronDoubleUp]","fa:Solid_ChevronDoubleUp:#2D8CFF","Solid ChevronDoubleUp Solid ChevronDoubleUp"
"Solid_ChevronDown","Solid","fa:Solid","ChevronDown","[fa:Solid_ChevronDown]","fa:Solid_ChevronDown:#2D8CFF","Solid ChevronDown Solid ChevronDown"
"Solid_ChevronLeft","Solid","fa:Solid","ChevronLeft","[fa:Solid_ChevronLeft]","fa:Solid_ChevronLeft:#2D8CFF","Solid ChevronLeft Solid ChevronLeft"
"Solid_ChevronRight","Solid","fa:Solid","ChevronRight","[fa:Solid_ChevronRight]","fa:Solid_ChevronRight:#2D8CFF","Solid ChevronRight Solid ChevronRight"
"Solid_ChevronSquareDown","Solid","fa:Solid","ChevronSquareDown","[fa:Solid_ChevronSquareDown]","fa:Solid_ChevronSquareDown:#2D8CFF","Solid ChevronSquareDown Solid ChevronSquareDown"
"Solid_ChevronSquareLeft","Solid","fa:Solid","ChevronSquareLeft","[fa:Solid_ChevronSquareLeft]","fa:Solid_ChevronSquareLeft:#2D8CFF","Solid ChevronSquareLeft Solid ChevronSquareLeft"
"Solid_ChevronSquareRight","Solid","fa:Solid","ChevronSquareRight","[fa:Solid_ChevronSquareRight]","fa:Solid_ChevronSquareRight:#2D8CFF","Solid ChevronSquareRight Solid ChevronSquareRight"
"Solid_ChevronSquareUp","Solid","fa:Solid","ChevronSquareUp","[fa:Solid_ChevronSquareUp]","fa:Solid_ChevronSquareUp:#2D8CFF","Solid ChevronSquareUp Solid ChevronSquareUp"
"Solid_ChevronUp","Solid","fa:Solid","ChevronUp","[fa:Solid_ChevronUp]","fa:Solid_ChevronUp:#2D8CFF","Solid ChevronUp Solid ChevronUp"
"Solid_Child","Solid","fa:Solid","Child","[fa:Solid_Child]","fa:Solid_Child:#2D8CFF","Solid Child Solid Child"
"Solid_Chimney","Solid","fa:Solid","Chimney","[fa:Solid_Chimney]","fa:Solid_Chimney:#2D8CFF","Solid Chimney Solid Chimney"
"Solid_Church","Solid","fa:Solid","Church","[fa:Solid_Church]","fa:Solid_Church:#2D8CFF","Solid Church Solid Church"
"Solid_Circle","Solid","fa:Solid","Circle","[fa:Solid_Circle]","fa:Solid_Circle:#2D8CFF","Solid Circle Solid Circle"
"Solid_CircleNotch","Solid","fa:Solid","CircleNotch","[fa:Solid_CircleNotch]","fa:Solid_CircleNotch:#2D8CFF","Solid CircleNotch Solid CircleNotch"
"Solid_City","Solid","fa:Solid","City","[fa:Solid_City]","fa:Solid_City:#2D8CFF","Solid City Solid City"
"Solid_Clarinet","Solid","fa:Solid","Clarinet","[fa:Solid_Clarinet]","fa:Solid_Clarinet:#2D8CFF","Solid Clarinet Solid Clarinet"
"Solid_ClawMarks","Solid","fa:Solid","ClawMarks","[fa:Solid_ClawMarks]","fa:Solid_ClawMarks:#2D8CFF","Solid ClawMarks Solid ClawMarks"
"Solid_ClinicMedical","Solid","fa:Solid","ClinicMedical","[fa:Solid_ClinicMedical]","fa:Solid_ClinicMedical:#2D8CFF","Solid ClinicMedical Solid ClinicMedical"
"Solid_Clipboard","Solid","fa:Solid","Clipboard","[fa:Solid_Clipboard]","fa:Solid_Clipboard:#2D8CFF","Solid Clipboard Solid Clipboard"
"Solid_ClipboardCheck","Solid","fa:Solid","ClipboardCheck","[fa:Solid_ClipboardCheck]","fa:Solid_ClipboardCheck:#2D8CFF","Solid ClipboardCheck Solid ClipboardCheck"
"Solid_ClipboardList","Solid","fa:Solid","ClipboardList","[fa:Solid_ClipboardList]","fa:Solid_ClipboardList:#2D8CFF","Solid ClipboardList Solid ClipboardList"
"Solid_ClipboardListCheck","Solid","fa:Solid","ClipboardListCheck","[fa:Solid_ClipboardListCheck]","fa:Solid_ClipboardListCheck:#2D8CFF","Solid ClipboardListCheck Solid ClipboardListCheck"
"Solid_ClipboardPrescription","Solid","fa:Solid","ClipboardPrescription","[fa:Solid_ClipboardPrescription]","fa:Solid_ClipboardPrescription:#2D8CFF","Solid ClipboardPrescription Solid ClipboardPrescription"
"Solid_ClipboardUser","Solid","fa:Solid","ClipboardUser","[fa:Solid_ClipboardUser]","fa:Solid_ClipboardUser:#2D8CFF","Solid ClipboardUser Solid ClipboardUser"
"Solid_Clock","Solid","fa:Solid","Clock","[fa:Solid_Clock]","fa:Solid_Clock:#2D8CFF","Solid Clock Solid Clock"
"Solid_Clone","Solid","fa:Solid","Clone","[fa:Solid_Clone]","fa:Solid_Clone:#2D8CFF","Solid Clone Solid Clone"
"Solid_ClosedCaptioning","Solid","fa:Solid","ClosedCaptioning","[fa:Solid_ClosedCaptioning]","fa:Solid_ClosedCaptioning:#2D8CFF","Solid ClosedCaptioning Solid ClosedCaptioning"
"Solid_Cloud","Solid","fa:Solid","Cloud","[fa:Solid_Cloud]","fa:Solid_Cloud:#2D8CFF","Solid Cloud Solid Cloud"
"Solid_CloudDownload","Solid","fa:Solid","CloudDownload","[fa:Solid_CloudDownload]","fa:Solid_CloudDownload:#2D8CFF","Solid CloudDownload Solid CloudDownload"
"Solid_CloudDownloadAlt","Solid","fa:Solid","CloudDownloadAlt","[fa:Solid_CloudDownloadAlt]","fa:Solid_CloudDownloadAlt:#2D8CFF","Solid CloudDownloadAlt Solid CloudDownloadAlt"
"Solid_CloudDrizzle","Solid","fa:Solid","CloudDrizzle","[fa:Solid_CloudDrizzle]","fa:Solid_CloudDrizzle:#2D8CFF","Solid CloudDrizzle Solid CloudDrizzle"
"Solid_CloudHail","Solid","fa:Solid","CloudHail","[fa:Solid_CloudHail]","fa:Solid_CloudHail:#2D8CFF","Solid CloudHail Solid CloudHail"
"Solid_CloudHailMixed","Solid","fa:Solid","CloudHailMixed","[fa:Solid_CloudHailMixed]","fa:Solid_CloudHailMixed:#2D8CFF","Solid CloudHailMixed Solid CloudHailMixed"
"Solid_CloudMeatball","Solid","fa:Solid","CloudMeatball","[fa:Solid_CloudMeatball]","fa:Solid_CloudMeatball:#2D8CFF","Solid CloudMeatball Solid CloudMeatball"
"Solid_CloudMoon","Solid","fa:Solid","CloudMoon","[fa:Solid_CloudMoon]","fa:Solid_CloudMoon:#2D8CFF","Solid CloudMoon Solid CloudMoon"
"Solid_CloudMoonRain","Solid","fa:Solid","CloudMoonRain","[fa:Solid_CloudMoonRain]","fa:Solid_CloudMoonRain:#2D8CFF","Solid CloudMoonRain Solid CloudMoonRain"
"Solid_CloudMusic","Solid","fa:Solid","CloudMusic","[fa:Solid_CloudMusic]","fa:Solid_CloudMusic:#2D8CFF","Solid CloudMusic Solid CloudMusic"
"Solid_CloudRain","Solid","fa:Solid","CloudRain","[fa:Solid_CloudRain]","fa:Solid_CloudRain:#2D8CFF","Solid CloudRain Solid CloudRain"
"Solid_CloudRainbow","Solid","fa:Solid","CloudRainbow","[fa:Solid_CloudRainbow]","fa:Solid_CloudRainbow:#2D8CFF","Solid CloudRainbow Solid CloudRainbow"
"Solid_CloudShowers","Solid","fa:Solid","CloudShowers","[fa:Solid_CloudShowers]","fa:Solid_CloudShowers:#2D8CFF","Solid CloudShowers Solid CloudShowers"
"Solid_CloudShowersHeavy","Solid","fa:Solid","CloudShowersHeavy","[fa:Solid_CloudShowersHeavy]","fa:Solid_CloudShowersHeavy:#2D8CFF","Solid CloudShowersHeavy Solid CloudShowersHeavy"
"Solid_CloudSleet","Solid","fa:Solid","CloudSleet","[fa:Solid_CloudSleet]","fa:Solid_CloudSleet:#2D8CFF","Solid CloudSleet Solid CloudSleet"
"Solid_CloudSnow","Solid","fa:Solid","CloudSnow","[fa:Solid_CloudSnow]","fa:Solid_CloudSnow:#2D8CFF","Solid CloudSnow Solid CloudSnow"
"Solid_CloudSun","Solid","fa:Solid","CloudSun","[fa:Solid_CloudSun]","fa:Solid_CloudSun:#2D8CFF","Solid CloudSun Solid CloudSun"
"Solid_CloudSunRain","Solid","fa:Solid","CloudSunRain","[fa:Solid_CloudSunRain]","fa:Solid_CloudSunRain:#2D8CFF","Solid CloudSunRain Solid CloudSunRain"
"Solid_CloudUpload","Solid","fa:Solid","CloudUpload","[fa:Solid_CloudUpload]","fa:Solid_CloudUpload:#2D8CFF","Solid CloudUpload Solid CloudUpload"
"Solid_CloudUploadAlt","Solid","fa:Solid","CloudUploadAlt","[fa:Solid_CloudUploadAlt]","fa:Solid_CloudUploadAlt:#2D8CFF","Solid CloudUploadAlt Solid CloudUploadAlt"
"Solid_Clouds","Solid","fa:Solid","Clouds","[fa:Solid_Clouds]","fa:Solid_Clouds:#2D8CFF","Solid Clouds Solid Clouds"
"Solid_CloudsMoon","Solid","fa:Solid","CloudsMoon","[fa:Solid_CloudsMoon]","fa:Solid_CloudsMoon:#2D8CFF","Solid CloudsMoon Solid CloudsMoon"
"Solid_CloudsSun","Solid","fa:Solid","CloudsSun","[fa:Solid_CloudsSun]","fa:Solid_CloudsSun:#2D8CFF","Solid CloudsSun Solid CloudsSun"
"Solid_Club","Solid","fa:Solid","Club","[fa:Solid_Club]","fa:Solid_Club:#2D8CFF","Solid Club Solid Club"
"Solid_Cocktail","Solid","fa:Solid","Cocktail","[fa:Solid_Cocktail]","fa:Solid_Cocktail:#2D8CFF","Solid Cocktail Solid Cocktail"
"Solid_Code","Solid","fa:Solid","Code","[fa:Solid_Code]","fa:Solid_Code:#2D8CFF","Solid Code Solid Code"
"Solid_CodeBranch","Solid","fa:Solid","CodeBranch","[fa:Solid_CodeBranch]","fa:Solid_CodeBranch:#2D8CFF","Solid CodeBranch Solid CodeBranch"
"Solid_CodeCommit","Solid","fa:Solid","CodeCommit","[fa:Solid_CodeCommit]","fa:Solid_CodeCommit:#2D8CFF","Solid CodeCommit Solid CodeCommit"
"Solid_CodeMerge","Solid","fa:Solid","CodeMerge","[fa:Solid_CodeMerge]","fa:Solid_CodeMerge:#2D8CFF","Solid CodeMerge Solid CodeMerge"
"Solid_Coffee","Solid","fa:Solid","Coffee","[fa:Solid_Coffee]","fa:Solid_Coffee:#2D8CFF","Solid Coffee Solid Coffee"
"Solid_CoffeePot","Solid","fa:Solid","CoffeePot","[fa:Solid_CoffeePot]","fa:Solid_CoffeePot:#2D8CFF","Solid CoffeePot Solid CoffeePot"
"Solid_CoffeeTogo","Solid","fa:Solid","CoffeeTogo","[fa:Solid_CoffeeTogo]","fa:Solid_CoffeeTogo:#2D8CFF","Solid CoffeeTogo Solid CoffeeTogo"
"Solid_Coffin","Solid","fa:Solid","Coffin","[fa:Solid_Coffin]","fa:Solid_Coffin:#2D8CFF","Solid Coffin Solid Coffin"
"Solid_CoffinCross","Solid","fa:Solid","CoffinCross","[fa:Solid_CoffinCross]","fa:Solid_CoffinCross:#2D8CFF","Solid CoffinCross Solid CoffinCross"
"Solid_Cog","Solid","fa:Solid","Cog","[fa:Solid_Cog]","fa:Solid_Cog:#2D8CFF","Solid Cog Solid Cog"
"Solid_Cogs","Solid","fa:Solid","Cogs","[fa:Solid_Cogs]","fa:Solid_Cogs:#2D8CFF","Solid Cogs Solid Cogs"
"Solid_Coin","Solid","fa:Solid","Coin","[fa:Solid_Coin]","fa:Solid_Coin:#2D8CFF","Solid Coin Solid Coin"
"Solid_Coins","Solid","fa:Solid","Coins","[fa:Solid_Coins]","fa:Solid_Coins:#2D8CFF","Solid Coins Solid Coins"
"Solid_Columns","Solid","fa:Solid","Columns","[fa:Solid_Columns]","fa:Solid_Columns:#2D8CFF","Solid Columns Solid Columns"
"Solid_Comet","Solid","fa:Solid","Comet","[fa:Solid_Comet]","fa:Solid_Comet:#2D8CFF","Solid Comet Solid Comet"
"Solid_Comment","Solid","fa:Solid","Comment","[fa:Solid_Comment]","fa:Solid_Comment:#2D8CFF","Solid Comment Solid Comment"
"Solid_CommentAlt","Solid","fa:Solid","CommentAlt","[fa:Solid_CommentAlt]","fa:Solid_CommentAlt:#2D8CFF","Solid CommentAlt Solid CommentAlt"
"Solid_CommentAltCheck","Solid","fa:Solid","CommentAltCheck","[fa:Solid_CommentAltCheck]","fa:Solid_CommentAltCheck:#2D8CFF","Solid CommentAltCheck Solid CommentAltCheck"
"Solid_CommentAltDollar","Solid","fa:Solid","CommentAltDollar","[fa:Solid_CommentAltDollar]","fa:Solid_CommentAltDollar:#2D8CFF","Solid CommentAltDollar Solid CommentAltDollar"
"Solid_CommentAltDots","Solid","fa:Solid","CommentAltDots","[fa:Solid_CommentAltDots]","fa:Solid_CommentAltDots:#2D8CFF","Solid CommentAltDots Solid CommentAltDots"
"Solid_CommentAltEdit","Solid","fa:Solid","CommentAltEdit","[fa:Solid_CommentAltEdit]","fa:Solid_CommentAltEdit:#2D8CFF","Solid CommentAltEdit Solid CommentAltEdit"
"Solid_CommentAltExclamation","Solid","fa:Solid","CommentAltExclamation","[fa:Solid_CommentAltExclamation]","fa:Solid_CommentAltExclamation:#2D8CFF","Solid CommentAltExclamation Solid CommentAltExclamation"
"Solid_CommentAltLines","Solid","fa:Solid","CommentAltLines","[fa:Solid_CommentAltLines]","fa:Solid_CommentAltLines:#2D8CFF","Solid CommentAltLines Solid CommentAltLines"
"Solid_CommentAltMedical","Solid","fa:Solid","CommentAltMedical","[fa:Solid_CommentAltMedical]","fa:Solid_CommentAltMedical:#2D8CFF","Solid CommentAltMedical Solid CommentAltMedical"
"Solid_CommentAltMinus","Solid","fa:Solid","CommentAltMinus","[fa:Solid_CommentAltMinus]","fa:Solid_CommentAltMinus:#2D8CFF","Solid CommentAltMinus Solid CommentAltMinus"
"Solid_CommentAltMusic","Solid","fa:Solid","CommentAltMusic","[fa:Solid_CommentAltMusic]","fa:Solid_CommentAltMusic:#2D8CFF","Solid CommentAltMusic Solid CommentAltMusic"
"Solid_CommentAltPlus","Solid","fa:Solid","CommentAltPlus","[fa:Solid_CommentAltPlus]","fa:Solid_CommentAltPlus:#2D8CFF","Solid CommentAltPlus Solid CommentAltPlus"
"Solid_CommentAltSlash","Solid","fa:Solid","CommentAltSlash","[fa:Solid_CommentAltSlash]","fa:Solid_CommentAltSlash:#2D8CFF","Solid CommentAltSlash Solid CommentAltSlash"
"Solid_CommentAltSmile","Solid","fa:Solid","CommentAltSmile","[fa:Solid_CommentAltSmile]","fa:Solid_CommentAltSmile:#2D8CFF","Solid CommentAltSmile Solid CommentAltSmile"
"Solid_CommentAltTimes","Solid","fa:Solid","CommentAltTimes","[fa:Solid_CommentAltTimes]","fa:Solid_CommentAltTimes:#2D8CFF","Solid CommentAltTimes Solid CommentAltTimes"
"Solid_CommentCheck","Solid","fa:Solid","CommentCheck","[fa:Solid_CommentCheck]","fa:Solid_CommentCheck:#2D8CFF","Solid CommentCheck Solid CommentCheck"
"Solid_CommentDollar","Solid","fa:Solid","CommentDollar","[fa:Solid_CommentDollar]","fa:Solid_CommentDollar:#2D8CFF","Solid CommentDollar Solid CommentDollar"
"Solid_CommentDots","Solid","fa:Solid","CommentDots","[fa:Solid_CommentDots]","fa:Solid_CommentDots:#2D8CFF","Solid CommentDots Solid CommentDots"
"Solid_CommentEdit","Solid","fa:Solid","CommentEdit","[fa:Solid_CommentEdit]","fa:Solid_CommentEdit:#2D8CFF","Solid CommentEdit Solid CommentEdit"
"Solid_CommentExclamation","Solid","fa:Solid","CommentExclamation","[fa:Solid_CommentExclamation]","fa:Solid_CommentExclamation:#2D8CFF","Solid CommentExclamation Solid CommentExclamation"
"Solid_CommentLines","Solid","fa:Solid","CommentLines","[fa:Solid_CommentLines]","fa:Solid_CommentLines:#2D8CFF","Solid CommentLines Solid CommentLines"
"Solid_CommentMedical","Solid","fa:Solid","CommentMedical","[fa:Solid_CommentMedical]","fa:Solid_CommentMedical:#2D8CFF","Solid CommentMedical Solid CommentMedical"
"Solid_CommentMinus","Solid","fa:Solid","CommentMinus","[fa:Solid_CommentMinus]","fa:Solid_CommentMinus:#2D8CFF","Solid CommentMinus Solid CommentMinus"
"Solid_CommentMusic","Solid","fa:Solid","CommentMusic","[fa:Solid_CommentMusic]","fa:Solid_CommentMusic:#2D8CFF","Solid CommentMusic Solid CommentMusic"
"Solid_CommentPlus","Solid","fa:Solid","CommentPlus","[fa:Solid_CommentPlus]","fa:Solid_CommentPlus:#2D8CFF","Solid CommentPlus Solid CommentPlus"
"Solid_CommentSlash","Solid","fa:Solid","CommentSlash","[fa:Solid_CommentSlash]","fa:Solid_CommentSlash:#2D8CFF","Solid CommentSlash Solid CommentSlash"
"Solid_CommentSmile","Solid","fa:Solid","CommentSmile","[fa:Solid_CommentSmile]","fa:Solid_CommentSmile:#2D8CFF","Solid CommentSmile Solid CommentSmile"
"Solid_CommentTimes","Solid","fa:Solid","CommentTimes","[fa:Solid_CommentTimes]","fa:Solid_CommentTimes:#2D8CFF","Solid CommentTimes Solid CommentTimes"
"Solid_Comments","Solid","fa:Solid","Comments","[fa:Solid_Comments]","fa:Solid_Comments:#2D8CFF","Solid Comments Solid Comments"
"Solid_CommentsAlt","Solid","fa:Solid","CommentsAlt","[fa:Solid_CommentsAlt]","fa:Solid_CommentsAlt:#2D8CFF","Solid CommentsAlt Solid CommentsAlt"
"Solid_CommentsAltDollar","Solid","fa:Solid","CommentsAltDollar","[fa:Solid_CommentsAltDollar]","fa:Solid_CommentsAltDollar:#2D8CFF","Solid CommentsAltDollar Solid CommentsAltDollar"
"Solid_CommentsDollar","Solid","fa:Solid","CommentsDollar","[fa:Solid_CommentsDollar]","fa:Solid_CommentsDollar:#2D8CFF","Solid CommentsDollar Solid CommentsDollar"
"Solid_CompactDisc","Solid","fa:Solid","CompactDisc","[fa:Solid_CompactDisc]","fa:Solid_CompactDisc:#2D8CFF","Solid CompactDisc Solid CompactDisc"
"Solid_Compass","Solid","fa:Solid","Compass","[fa:Solid_Compass]","fa:Solid_Compass:#2D8CFF","Solid Compass Solid Compass"
"Solid_CompassSlash","Solid","fa:Solid","CompassSlash","[fa:Solid_CompassSlash]","fa:Solid_CompassSlash:#2D8CFF","Solid CompassSlash Solid CompassSlash"
"Solid_Compress","Solid","fa:Solid","Compress","[fa:Solid_Compress]","fa:Solid_Compress:#2D8CFF","Solid Compress Solid Compress"
"Solid_CompressAlt","Solid","fa:Solid","CompressAlt","[fa:Solid_CompressAlt]","fa:Solid_CompressAlt:#2D8CFF","Solid CompressAlt Solid CompressAlt"
"Solid_CompressArrowsAlt","Solid","fa:Solid","CompressArrowsAlt","[fa:Solid_CompressArrowsAlt]","fa:Solid_CompressArrowsAlt:#2D8CFF","Solid CompressArrowsAlt Solid CompressArrowsAlt"
"Solid_CompressWide","Solid","fa:Solid","CompressWide","[fa:Solid_CompressWide]","fa:Solid_CompressWide:#2D8CFF","Solid CompressWide Solid CompressWide"
"Solid_ComputerClassic","Solid","fa:Solid","ComputerClassic","[fa:Solid_ComputerClassic]","fa:Solid_ComputerClassic:#2D8CFF","Solid ComputerClassic Solid ComputerClassic"
"Solid_ComputerSpeaker","Solid","fa:Solid","ComputerSpeaker","[fa:Solid_ComputerSpeaker]","fa:Solid_ComputerSpeaker:#2D8CFF","Solid ComputerSpeaker Solid ComputerSpeaker"
"Solid_ConciergeBell","Solid","fa:Solid","ConciergeBell","[fa:Solid_ConciergeBell]","fa:Solid_ConciergeBell:#2D8CFF","Solid ConciergeBell Solid ConciergeBell"
"Solid_Construction","Solid","fa:Solid","Construction","[fa:Solid_Construction]","fa:Solid_Construction:#2D8CFF","Solid Construction Solid Construction"
"Solid_ContainerStorage","Solid","fa:Solid","ContainerStorage","[fa:Solid_ContainerStorage]","fa:Solid_ContainerStorage:#2D8CFF","Solid ContainerStorage Solid ContainerStorage"
"Solid_ConveyorBelt","Solid","fa:Solid","ConveyorBelt","[fa:Solid_ConveyorBelt]","fa:Solid_ConveyorBelt:#2D8CFF","Solid ConveyorBelt Solid ConveyorBelt"
"Solid_ConveyorBeltAlt","Solid","fa:Solid","ConveyorBeltAlt","[fa:Solid_ConveyorBeltAlt]","fa:Solid_ConveyorBeltAlt:#2D8CFF","Solid ConveyorBeltAlt Solid ConveyorBeltAlt"
"Solid_Cookie","Solid","fa:Solid","Cookie","[fa:Solid_Cookie]","fa:Solid_Cookie:#2D8CFF","Solid Cookie Solid Cookie"
"Solid_CookieBite","Solid","fa:Solid","CookieBite","[fa:Solid_CookieBite]","fa:Solid_CookieBite:#2D8CFF","Solid CookieBite Solid CookieBite"
"Solid_Copy","Solid","fa:Solid","Copy","[fa:Solid_Copy]","fa:Solid_Copy:#2D8CFF","Solid Copy Solid Copy"
"Solid_Copyright","Solid","fa:Solid","Copyright","[fa:Solid_Copyright]","fa:Solid_Copyright:#2D8CFF","Solid Copyright Solid Copyright"
"Solid_Corn","Solid","fa:Solid","Corn","[fa:Solid_Corn]","fa:Solid_Corn:#2D8CFF","Solid Corn Solid Corn"
"Solid_Couch","Solid","fa:Solid","Couch","[fa:Solid_Couch]","fa:Solid_Couch:#2D8CFF","Solid Couch Solid Couch"
"Solid_Cow","Solid","fa:Solid","Cow","[fa:Solid_Cow]","fa:Solid_Cow:#2D8CFF","Solid Cow Solid Cow"
"Solid_Cowbell","Solid","fa:Solid","Cowbell","[fa:Solid_Cowbell]","fa:Solid_Cowbell:#2D8CFF","Solid Cowbell Solid Cowbell"
"Solid_CowbellMore","Solid","fa:Solid","CowbellMore","[fa:Solid_CowbellMore]","fa:Solid_CowbellMore:#2D8CFF","Solid CowbellMore Solid CowbellMore"
"Solid_CreditCard","Solid","fa:Solid","CreditCard","[fa:Solid_CreditCard]","fa:Solid_CreditCard:#2D8CFF","Solid CreditCard Solid CreditCard"
"Solid_CreditCardBlank","Solid","fa:Solid","CreditCardBlank","[fa:Solid_CreditCardBlank]","fa:Solid_CreditCardBlank:#2D8CFF","Solid CreditCardBlank Solid CreditCardBlank"
"Solid_CreditCardFront","Solid","fa:Solid","CreditCardFront","[fa:Solid_CreditCardFront]","fa:Solid_CreditCardFront:#2D8CFF","Solid CreditCardFront Solid CreditCardFront"
"Solid_Cricket","Solid","fa:Solid","Cricket","[fa:Solid_Cricket]","fa:Solid_Cricket:#2D8CFF","Solid Cricket Solid Cricket"
"Solid_Croissant","Solid","fa:Solid","Croissant","[fa:Solid_Croissant]","fa:Solid_Croissant:#2D8CFF","Solid Croissant Solid Croissant"
"Solid_Crop","Solid","fa:Solid","Crop","[fa:Solid_Crop]","fa:Solid_Crop:#2D8CFF","Solid Crop Solid Crop"
"Solid_CropAlt","Solid","fa:Solid","CropAlt","[fa:Solid_CropAlt]","fa:Solid_CropAlt:#2D8CFF","Solid CropAlt Solid CropAlt"
"Solid_Cross","Solid","fa:Solid","Cross","[fa:Solid_Cross]","fa:Solid_Cross:#2D8CFF","Solid Cross Solid Cross"
"Solid_Crosshairs","Solid","fa:Solid","Crosshairs","[fa:Solid_Crosshairs]","fa:Solid_Crosshairs:#2D8CFF","Solid Crosshairs Solid Crosshairs"
"Solid_Crow","Solid","fa:Solid","Crow","[fa:Solid_Crow]","fa:Solid_Crow:#2D8CFF","Solid Crow Solid Crow"
"Solid_Crown","Solid","fa:Solid","Crown","[fa:Solid_Crown]","fa:Solid_Crown:#2D8CFF","Solid Crown Solid Crown"
"Solid_Crutch","Solid","fa:Solid","Crutch","[fa:Solid_Crutch]","fa:Solid_Crutch:#2D8CFF","Solid Crutch Solid Crutch"
"Solid_Crutches","Solid","fa:Solid","Crutches","[fa:Solid_Crutches]","fa:Solid_Crutches:#2D8CFF","Solid Crutches Solid Crutches"
"Solid_Cube","Solid","fa:Solid","Cube","[fa:Solid_Cube]","fa:Solid_Cube:#2D8CFF","Solid Cube Solid Cube"
"Solid_Cubes","Solid","fa:Solid","Cubes","[fa:Solid_Cubes]","fa:Solid_Cubes:#2D8CFF","Solid Cubes Solid Cubes"
"Solid_Curling","Solid","fa:Solid","Curling","[fa:Solid_Curling]","fa:Solid_Curling:#2D8CFF","Solid Curling Solid Curling"
"Solid_Cut","Solid","fa:Solid","Cut","[fa:Solid_Cut]","fa:Solid_Cut:#2D8CFF","Solid Cut Solid Cut"
"Solid_Dagger","Solid","fa:Solid","Dagger","[fa:Solid_Dagger]","fa:Solid_Dagger:#2D8CFF","Solid Dagger Solid Dagger"
"Solid_Database","Solid","fa:Solid","Database","[fa:Solid_Database]","fa:Solid_Database:#2D8CFF","Solid Database Solid Database"
"Solid_Deaf","Solid","fa:Solid","Deaf","[fa:Solid_Deaf]","fa:Solid_Deaf:#2D8CFF","Solid Deaf Solid Deaf"
"Solid_Debug","Solid","fa:Solid","Debug","[fa:Solid_Debug]","fa:Solid_Debug:#2D8CFF","Solid Debug Solid Debug"
"Solid_Deer","Solid","fa:Solid","Deer","[fa:Solid_Deer]","fa:Solid_Deer:#2D8CFF","Solid Deer Solid Deer"
"Solid_DeerRudolph","Solid","fa:Solid","DeerRudolph","[fa:Solid_DeerRudolph]","fa:Solid_DeerRudolph:#2D8CFF","Solid DeerRudolph Solid DeerRudolph"
"Solid_Democrat","Solid","fa:Solid","Democrat","[fa:Solid_Democrat]","fa:Solid_Democrat:#2D8CFF","Solid Democrat Solid Democrat"
"Solid_Desktop","Solid","fa:Solid","Desktop","[fa:Solid_Desktop]","fa:Solid_Desktop:#2D8CFF","Solid Desktop Solid Desktop"
"Solid_DesktopAlt","Solid","fa:Solid","DesktopAlt","[fa:Solid_DesktopAlt]","fa:Solid_DesktopAlt:#2D8CFF","Solid DesktopAlt Solid DesktopAlt"
"Solid_Dewpoint","Solid","fa:Solid","Dewpoint","[fa:Solid_Dewpoint]","fa:Solid_Dewpoint:#2D8CFF","Solid Dewpoint Solid Dewpoint"
"Solid_Dharmachakra","Solid","fa:Solid","Dharmachakra","[fa:Solid_Dharmachakra]","fa:Solid_Dharmachakra:#2D8CFF","Solid Dharmachakra Solid Dharmachakra"
"Solid_Diagnoses","Solid","fa:Solid","Diagnoses","[fa:Solid_Diagnoses]","fa:Solid_Diagnoses:#2D8CFF","Solid Diagnoses Solid Diagnoses"
"Solid_Diamond","Solid","fa:Solid","Diamond","[fa:Solid_Diamond]","fa:Solid_Diamond:#2D8CFF","Solid Diamond Solid Diamond"
"Solid_Dice","Solid","fa:Solid","Dice","[fa:Solid_Dice]","fa:Solid_Dice:#2D8CFF","Solid Dice Solid Dice"
"Solid_DiceD10","Solid","fa:Solid","DiceD10","[fa:Solid_DiceD10]","fa:Solid_DiceD10:#2D8CFF","Solid DiceD10 Solid DiceD10"
"Solid_DiceD12","Solid","fa:Solid","DiceD12","[fa:Solid_DiceD12]","fa:Solid_DiceD12:#2D8CFF","Solid DiceD12 Solid DiceD12"
"Solid_DiceD20","Solid","fa:Solid","DiceD20","[fa:Solid_DiceD20]","fa:Solid_DiceD20:#2D8CFF","Solid DiceD20 Solid DiceD20"
"Solid_DiceD4","Solid","fa:Solid","DiceD4","[fa:Solid_DiceD4]","fa:Solid_DiceD4:#2D8CFF","Solid DiceD4 Solid DiceD4"
"Solid_DiceD6","Solid","fa:Solid","DiceD6","[fa:Solid_DiceD6]","fa:Solid_DiceD6:#2D8CFF","Solid DiceD6 Solid DiceD6"
"Solid_DiceD8","Solid","fa:Solid","DiceD8","[fa:Solid_DiceD8]","fa:Solid_DiceD8:#2D8CFF","Solid DiceD8 Solid DiceD8"
"Solid_DiceFive","Solid","fa:Solid","DiceFive","[fa:Solid_DiceFive]","fa:Solid_DiceFive:#2D8CFF","Solid DiceFive Solid DiceFive"
"Solid_DiceFour","Solid","fa:Solid","DiceFour","[fa:Solid_DiceFour]","fa:Solid_DiceFour:#2D8CFF","Solid DiceFour Solid DiceFour"
"Solid_DiceOne","Solid","fa:Solid","DiceOne","[fa:Solid_DiceOne]","fa:Solid_DiceOne:#2D8CFF","Solid DiceOne Solid DiceOne"
"Solid_DiceSix","Solid","fa:Solid","DiceSix","[fa:Solid_DiceSix]","fa:Solid_DiceSix:#2D8CFF","Solid DiceSix Solid DiceSix"
"Solid_DiceThree","Solid","fa:Solid","DiceThree","[fa:Solid_DiceThree]","fa:Solid_DiceThree:#2D8CFF","Solid DiceThree Solid DiceThree"
"Solid_DiceTwo","Solid","fa:Solid","DiceTwo","[fa:Solid_DiceTwo]","fa:Solid_DiceTwo:#2D8CFF","Solid DiceTwo Solid DiceTwo"
"Solid_Digging","Solid","fa:Solid","Digging","[fa:Solid_Digging]","fa:Solid_Digging:#2D8CFF","Solid Digging Solid Digging"
"Solid_DigitalTachograph","Solid","fa:Solid","DigitalTachograph","[fa:Solid_DigitalTachograph]","fa:Solid_DigitalTachograph:#2D8CFF","Solid DigitalTachograph Solid DigitalTachograph"
"Solid_Diploma","Solid","fa:Solid","Diploma","[fa:Solid_Diploma]","fa:Solid_Diploma:#2D8CFF","Solid Diploma Solid Diploma"
"Solid_Directions","Solid","fa:Solid","Directions","[fa:Solid_Directions]","fa:Solid_Directions:#2D8CFF","Solid Directions Solid Directions"
"Solid_DiscDrive","Solid","fa:Solid","DiscDrive","[fa:Solid_DiscDrive]","fa:Solid_DiscDrive:#2D8CFF","Solid DiscDrive Solid DiscDrive"
"Solid_Disease","Solid","fa:Solid","Disease","[fa:Solid_Disease]","fa:Solid_Disease:#2D8CFF","Solid Disease Solid Disease"
"Solid_Divide","Solid","fa:Solid","Divide","[fa:Solid_Divide]","fa:Solid_Divide:#2D8CFF","Solid Divide Solid Divide"
"Solid_Dizzy","Solid","fa:Solid","Dizzy","[fa:Solid_Dizzy]","fa:Solid_Dizzy:#2D8CFF","Solid Dizzy Solid Dizzy"
"Solid_Dna","Solid","fa:Solid","Dna","[fa:Solid_Dna]","fa:Solid_Dna:#2D8CFF","Solid Dna Solid Dna"
"Solid_DoNotEnter","Solid","fa:Solid","DoNotEnter","[fa:Solid_DoNotEnter]","fa:Solid_DoNotEnter:#2D8CFF","Solid DoNotEnter Solid DoNotEnter"
"Solid_Dog","Solid","fa:Solid","Dog","[fa:Solid_Dog]","fa:Solid_Dog:#2D8CFF","Solid Dog Solid Dog"
"Solid_DogLeashed","Solid","fa:Solid","DogLeashed","[fa:Solid_DogLeashed]","fa:Solid_DogLeashed:#2D8CFF","Solid DogLeashed Solid DogLeashed"
"Solid_DollarSign","Solid","fa:Solid","DollarSign","[fa:Solid_DollarSign]","fa:Solid_DollarSign:#2D8CFF","Solid DollarSign Solid DollarSign"
"Solid_Dolly","Solid","fa:Solid","Dolly","[fa:Solid_Dolly]","fa:Solid_Dolly:#2D8CFF","Solid Dolly Solid Dolly"
"Solid_DollyEmpty","Solid","fa:Solid","DollyEmpty","[fa:Solid_DollyEmpty]","fa:Solid_DollyEmpty:#2D8CFF","Solid DollyEmpty Solid DollyEmpty"
"Solid_DollyFlatbed","Solid","fa:Solid","DollyFlatbed","[fa:Solid_DollyFlatbed]","fa:Solid_DollyFlatbed:#2D8CFF","Solid DollyFlatbed Solid DollyFlatbed"
"Solid_DollyFlatbedAlt","Solid","fa:Solid","DollyFlatbedAlt","[fa:Solid_DollyFlatbedAlt]","fa:Solid_DollyFlatbedAlt:#2D8CFF","Solid DollyFlatbedAlt Solid DollyFlatbedAlt"
"Solid_DollyFlatbedEmpty","Solid","fa:Solid","DollyFlatbedEmpty","[fa:Solid_DollyFlatbedEmpty]","fa:Solid_DollyFlatbedEmpty:#2D8CFF","Solid DollyFlatbedEmpty Solid DollyFlatbedEmpty"
"Solid_Donate","Solid","fa:Solid","Donate","[fa:Solid_Donate]","fa:Solid_Donate:#2D8CFF","Solid Donate Solid Donate"
"Solid_DoorClosed","Solid","fa:Solid","DoorClosed","[fa:Solid_DoorClosed]","fa:Solid_DoorClosed:#2D8CFF","Solid DoorClosed Solid DoorClosed"
"Solid_DoorOpen","Solid","fa:Solid","DoorOpen","[fa:Solid_DoorOpen]","fa:Solid_DoorOpen:#2D8CFF","Solid DoorOpen Solid DoorOpen"
"Solid_DotCircle","Solid","fa:Solid","DotCircle","[fa:Solid_DotCircle]","fa:Solid_DotCircle:#2D8CFF","Solid DotCircle Solid DotCircle"
"Solid_Dove","Solid","fa:Solid","Dove","[fa:Solid_Dove]","fa:Solid_Dove:#2D8CFF","Solid Dove Solid Dove"
"Solid_Download","Solid","fa:Solid","Download","[fa:Solid_Download]","fa:Solid_Download:#2D8CFF","Solid Download Solid Download"
"Solid_DraftingCompass","Solid","fa:Solid","DraftingCompass","[fa:Solid_DraftingCompass]","fa:Solid_DraftingCompass:#2D8CFF","Solid DraftingCompass Solid DraftingCompass"
"Solid_Dragon","Solid","fa:Solid","Dragon","[fa:Solid_Dragon]","fa:Solid_Dragon:#2D8CFF","Solid Dragon Solid Dragon"
"Solid_DrawCircle","Solid","fa:Solid","DrawCircle","[fa:Solid_DrawCircle]","fa:Solid_DrawCircle:#2D8CFF","Solid DrawCircle Solid DrawCircle"
"Solid_DrawPolygon","Solid","fa:Solid","DrawPolygon","[fa:Solid_DrawPolygon]","fa:Solid_DrawPolygon:#2D8CFF","Solid DrawPolygon Solid DrawPolygon"
"Solid_DrawSquare","Solid","fa:Solid","DrawSquare","[fa:Solid_DrawSquare]","fa:Solid_DrawSquare:#2D8CFF","Solid DrawSquare Solid DrawSquare"
"Solid_Dreidel","Solid","fa:Solid","Dreidel","[fa:Solid_Dreidel]","fa:Solid_Dreidel:#2D8CFF","Solid Dreidel Solid Dreidel"
"Solid_Drone","Solid","fa:Solid","Drone","[fa:Solid_Drone]","fa:Solid_Drone:#2D8CFF","Solid Drone Solid Drone"
"Solid_DroneAlt","Solid","fa:Solid","DroneAlt","[fa:Solid_DroneAlt]","fa:Solid_DroneAlt:#2D8CFF","Solid DroneAlt Solid DroneAlt"
"Solid_Drum","Solid","fa:Solid","Drum","[fa:Solid_Drum]","fa:Solid_Drum:#2D8CFF","Solid Drum Solid Drum"
"Solid_DrumSteelpan","Solid","fa:Solid","DrumSteelpan","[fa:Solid_DrumSteelpan]","fa:Solid_DrumSteelpan:#2D8CFF","Solid DrumSteelpan Solid DrumSteelpan"
"Solid_Drumstick","Solid","fa:Solid","Drumstick","[fa:Solid_Drumstick]","fa:Solid_Drumstick:#2D8CFF","Solid Drumstick Solid Drumstick"
"Solid_DrumstickBite","Solid","fa:Solid","DrumstickBite","[fa:Solid_DrumstickBite]","fa:Solid_DrumstickBite:#2D8CFF","Solid DrumstickBite Solid DrumstickBite"
"Solid_Dryer","Solid","fa:Solid","Dryer","[fa:Solid_Dryer]","fa:Solid_Dryer:#2D8CFF","Solid Dryer Solid Dryer"
"Solid_DryerAlt","Solid","fa:Solid","DryerAlt","[fa:Solid_DryerAlt]","fa:Solid_DryerAlt:#2D8CFF","Solid DryerAlt Solid DryerAlt"
"Solid_Duck","Solid","fa:Solid","Duck","[fa:Solid_Duck]","fa:Solid_Duck:#2D8CFF","Solid Duck Solid Duck"
"Solid_Dumbbell","Solid","fa:Solid","Dumbbell","[fa:Solid_Dumbbell]","fa:Solid_Dumbbell:#2D8CFF","Solid Dumbbell Solid Dumbbell"
"Solid_Dumpster","Solid","fa:Solid","Dumpster","[fa:Solid_Dumpster]","fa:Solid_Dumpster:#2D8CFF","Solid Dumpster Solid Dumpster"
"Solid_DumpsterFire","Solid","fa:Solid","DumpsterFire","[fa:Solid_DumpsterFire]","fa:Solid_DumpsterFire:#2D8CFF","Solid DumpsterFire Solid DumpsterFire"
"Solid_Dungeon","Solid","fa:Solid","Dungeon","[fa:Solid_Dungeon]","fa:Solid_Dungeon:#2D8CFF","Solid Dungeon Solid Dungeon"
"Solid_Ear","Solid","fa:Solid","Ear","[fa:Solid_Ear]","fa:Solid_Ear:#2D8CFF","Solid Ear Solid Ear"
"Solid_EarMuffs","Solid","fa:Solid","EarMuffs","[fa:Solid_EarMuffs]","fa:Solid_EarMuffs:#2D8CFF","Solid EarMuffs Solid EarMuffs"
"Solid_Eclipse","Solid","fa:Solid","Eclipse","[fa:Solid_Eclipse]","fa:Solid_Eclipse:#2D8CFF","Solid Eclipse Solid Eclipse"
"Solid_EclipseAlt","Solid","fa:Solid","EclipseAlt","[fa:Solid_EclipseAlt]","fa:Solid_EclipseAlt:#2D8CFF","Solid EclipseAlt Solid EclipseAlt"
"Solid_Edit","Solid","fa:Solid","Edit","[fa:Solid_Edit]","fa:Solid_Edit:#2D8CFF","Solid Edit Solid Edit"
"Solid_Egg","Solid","fa:Solid","Egg","[fa:Solid_Egg]","fa:Solid_Egg:#2D8CFF","Solid Egg Solid Egg"
"Solid_EggFried","Solid","fa:Solid","EggFried","[fa:Solid_EggFried]","fa:Solid_EggFried:#2D8CFF","Solid EggFried Solid EggFried"
"Solid_Eject","Solid","fa:Solid","Eject","[fa:Solid_Eject]","fa:Solid_Eject:#2D8CFF","Solid Eject Solid Eject"
"Solid_Elephant","Solid","fa:Solid","Elephant","[fa:Solid_Elephant]","fa:Solid_Elephant:#2D8CFF","Solid Elephant Solid Elephant"
"Solid_EllipsisH","Solid","fa:Solid","EllipsisH","[fa:Solid_EllipsisH]","fa:Solid_EllipsisH:#2D8CFF","Solid EllipsisH Solid EllipsisH"
"Solid_EllipsisHAlt","Solid","fa:Solid","EllipsisHAlt","[fa:Solid_EllipsisHAlt]","fa:Solid_EllipsisHAlt:#2D8CFF","Solid EllipsisHAlt Solid EllipsisHAlt"
"Solid_EllipsisV","Solid","fa:Solid","EllipsisV","[fa:Solid_EllipsisV]","fa:Solid_EllipsisV:#2D8CFF","Solid EllipsisV Solid EllipsisV"
"Solid_EllipsisVAlt","Solid","fa:Solid","EllipsisVAlt","[fa:Solid_EllipsisVAlt]","fa:Solid_EllipsisVAlt:#2D8CFF","Solid EllipsisVAlt Solid EllipsisVAlt"
"Solid_EmptySet","Solid","fa:Solid","EmptySet","[fa:Solid_EmptySet]","fa:Solid_EmptySet:#2D8CFF","Solid EmptySet Solid EmptySet"
"Solid_EngineWarning","Solid","fa:Solid","EngineWarning","[fa:Solid_EngineWarning]","fa:Solid_EngineWarning:#2D8CFF","Solid EngineWarning Solid EngineWarning"
"Solid_Envelope","Solid","fa:Solid","Envelope","[fa:Solid_Envelope]","fa:Solid_Envelope:#2D8CFF","Solid Envelope Solid Envelope"
"Solid_EnvelopeOpen","Solid","fa:Solid","EnvelopeOpen","[fa:Solid_EnvelopeOpen]","fa:Solid_EnvelopeOpen:#2D8CFF","Solid EnvelopeOpen Solid EnvelopeOpen"
"Solid_EnvelopeOpenDollar","Solid","fa:Solid","EnvelopeOpenDollar","[fa:Solid_EnvelopeOpenDollar]","fa:Solid_EnvelopeOpenDollar:#2D8CFF","Solid EnvelopeOpenDollar Solid EnvelopeOpenDollar"
"Solid_EnvelopeOpenText","Solid","fa:Solid","EnvelopeOpenText","[fa:Solid_EnvelopeOpenText]","fa:Solid_EnvelopeOpenText:#2D8CFF","Solid EnvelopeOpenText Solid EnvelopeOpenText"
"Solid_EnvelopeSquare","Solid","fa:Solid","EnvelopeSquare","[fa:Solid_EnvelopeSquare]","fa:Solid_EnvelopeSquare:#2D8CFF","Solid EnvelopeSquare Solid EnvelopeSquare"
"Solid_Equals","Solid","fa:Solid","Equals","[fa:Solid_Equals]","fa:Solid_Equals:#2D8CFF","Solid Equals Solid Equals"
"Solid_Eraser","Solid","fa:Solid","Eraser","[fa:Solid_Eraser]","fa:Solid_Eraser:#2D8CFF","Solid Eraser Solid Eraser"
"Solid_Ethernet","Solid","fa:Solid","Ethernet","[fa:Solid_Ethernet]","fa:Solid_Ethernet:#2D8CFF","Solid Ethernet Solid Ethernet"
"Solid_EuroSign","Solid","fa:Solid","EuroSign","[fa:Solid_EuroSign]","fa:Solid_EuroSign:#2D8CFF","Solid EuroSign Solid EuroSign"
"Solid_Exchange","Solid","fa:Solid","Exchange","[fa:Solid_Exchange]","fa:Solid_Exchange:#2D8CFF","Solid Exchange Solid Exchange"
"Solid_ExchangeAlt","Solid","fa:Solid","ExchangeAlt","[fa:Solid_ExchangeAlt]","fa:Solid_ExchangeAlt:#2D8CFF","Solid ExchangeAlt Solid ExchangeAlt"
"Solid_Exclamation","Solid","fa:Solid","Exclamation","[fa:Solid_Exclamation]","fa:Solid_Exclamation:#2D8CFF","Solid Exclamation Solid Exclamation"
"Solid_ExclamationCircle","Solid","fa:Solid","ExclamationCircle","[fa:Solid_ExclamationCircle]","fa:Solid_ExclamationCircle:#2D8CFF","Solid ExclamationCircle Solid ExclamationCircle"
"Solid_ExclamationSquare","Solid","fa:Solid","ExclamationSquare","[fa:Solid_ExclamationSquare]","fa:Solid_ExclamationSquare:#2D8CFF","Solid ExclamationSquare Solid ExclamationSquare"
"Solid_ExclamationTriangle","Solid","fa:Solid","ExclamationTriangle","[fa:Solid_ExclamationTriangle]","fa:Solid_ExclamationTriangle:#2D8CFF","Solid ExclamationTriangle Solid ExclamationTriangle"
"Solid_Expand","Solid","fa:Solid","Expand","[fa:Solid_Expand]","fa:Solid_Expand:#2D8CFF","Solid Expand Solid Expand"
"Solid_ExpandAlt","Solid","fa:Solid","ExpandAlt","[fa:Solid_ExpandAlt]","fa:Solid_ExpandAlt:#2D8CFF","Solid ExpandAlt Solid ExpandAlt"
"Solid_ExpandArrows","Solid","fa:Solid","ExpandArrows","[fa:Solid_ExpandArrows]","fa:Solid_ExpandArrows:#2D8CFF","Solid ExpandArrows Solid ExpandArrows"
"Solid_ExpandArrowsAlt","Solid","fa:Solid","ExpandArrowsAlt","[fa:Solid_ExpandArrowsAlt]","fa:Solid_ExpandArrowsAlt:#2D8CFF","Solid ExpandArrowsAlt Solid ExpandArrowsAlt"
"Solid_ExpandWide","Solid","fa:Solid","ExpandWide","[fa:Solid_ExpandWide]","fa:Solid_ExpandWide:#2D8CFF","Solid ExpandWide Solid ExpandWide"
"Solid_ExternalLink","Solid","fa:Solid","ExternalLink","[fa:Solid_ExternalLink]","fa:Solid_ExternalLink:#2D8CFF","Solid ExternalLink Solid ExternalLink"
"Solid_ExternalLinkAlt","Solid","fa:Solid","ExternalLinkAlt","[fa:Solid_ExternalLinkAlt]","fa:Solid_ExternalLinkAlt:#2D8CFF","Solid ExternalLinkAlt Solid ExternalLinkAlt"
"Solid_ExternalLinkSquare","Solid","fa:Solid","ExternalLinkSquare","[fa:Solid_ExternalLinkSquare]","fa:Solid_ExternalLinkSquare:#2D8CFF","Solid ExternalLinkSquare Solid ExternalLinkSquare"
"Solid_ExternalLinkSquareAlt","Solid","fa:Solid","ExternalLinkSquareAlt","[fa:Solid_ExternalLinkSquareAlt]","fa:Solid_ExternalLinkSquareAlt:#2D8CFF","Solid ExternalLinkSquareAlt Solid ExternalLinkSquareAlt"
"Solid_Eye","Solid","fa:Solid","Eye","[fa:Solid_Eye]","fa:Solid_Eye:#2D8CFF","Solid Eye Solid Eye"
"Solid_EyeDropper","Solid","fa:Solid","EyeDropper","[fa:Solid_EyeDropper]","fa:Solid_EyeDropper:#2D8CFF","Solid EyeDropper Solid EyeDropper"
"Solid_EyeEvil","Solid","fa:Solid","EyeEvil","[fa:Solid_EyeEvil]","fa:Solid_EyeEvil:#2D8CFF","Solid EyeEvil Solid EyeEvil"
"Solid_EyeSlash","Solid","fa:Solid","EyeSlash","[fa:Solid_EyeSlash]","fa:Solid_EyeSlash:#2D8CFF","Solid EyeSlash Solid EyeSlash"
"Solid_Fan","Solid","fa:Solid","Fan","[fa:Solid_Fan]","fa:Solid_Fan:#2D8CFF","Solid Fan Solid Fan"
"Solid_FanTable","Solid","fa:Solid","FanTable","[fa:Solid_FanTable]","fa:Solid_FanTable:#2D8CFF","Solid FanTable Solid FanTable"
"Solid_Farm","Solid","fa:Solid","Farm","[fa:Solid_Farm]","fa:Solid_Farm:#2D8CFF","Solid Farm Solid Farm"
"Solid_FastBackward","Solid","fa:Solid","FastBackward","[fa:Solid_FastBackward]","fa:Solid_FastBackward:#2D8CFF","Solid FastBackward Solid FastBackward"
"Solid_FastForward","Solid","fa:Solid","FastForward","[fa:Solid_FastForward]","fa:Solid_FastForward:#2D8CFF","Solid FastForward Solid FastForward"
"Solid_Faucet","Solid","fa:Solid","Faucet","[fa:Solid_Faucet]","fa:Solid_Faucet:#2D8CFF","Solid Faucet Solid Faucet"
"Solid_FaucetDrip","Solid","fa:Solid","FaucetDrip","[fa:Solid_FaucetDrip]","fa:Solid_FaucetDrip:#2D8CFF","Solid FaucetDrip Solid FaucetDrip"
"Solid_Fax","Solid","fa:Solid","Fax","[fa:Solid_Fax]","fa:Solid_Fax:#2D8CFF","Solid Fax Solid Fax"
"Solid_Feather","Solid","fa:Solid","Feather","[fa:Solid_Feather]","fa:Solid_Feather:#2D8CFF","Solid Feather Solid Feather"
"Solid_FeatherAlt","Solid","fa:Solid","FeatherAlt","[fa:Solid_FeatherAlt]","fa:Solid_FeatherAlt:#2D8CFF","Solid FeatherAlt Solid FeatherAlt"
"Solid_Female","Solid","fa:Solid","Female","[fa:Solid_Female]","fa:Solid_Female:#2D8CFF","Solid Female Solid Female"
"Solid_FieldHockey","Solid","fa:Solid","FieldHockey","[fa:Solid_FieldHockey]","fa:Solid_FieldHockey:#2D8CFF","Solid FieldHockey Solid FieldHockey"
"Solid_FighterJet","Solid","fa:Solid","FighterJet","[fa:Solid_FighterJet]","fa:Solid_FighterJet:#2D8CFF","Solid FighterJet Solid FighterJet"
"Solid_File","Solid","fa:Solid","File","[fa:Solid_File]","fa:Solid_File:#2D8CFF","Solid File Solid File"
"Solid_FileAlt","Solid","fa:Solid","FileAlt","[fa:Solid_FileAlt]","fa:Solid_FileAlt:#2D8CFF","Solid FileAlt Solid FileAlt"
"Solid_FileArchive","Solid","fa:Solid","FileArchive","[fa:Solid_FileArchive]","fa:Solid_FileArchive:#2D8CFF","Solid FileArchive Solid FileArchive"
"Solid_FileAudio","Solid","fa:Solid","FileAudio","[fa:Solid_FileAudio]","fa:Solid_FileAudio:#2D8CFF","Solid FileAudio Solid FileAudio"
"Solid_FileCertificate","Solid","fa:Solid","FileCertificate","[fa:Solid_FileCertificate]","fa:Solid_FileCertificate:#2D8CFF","Solid FileCertificate Solid FileCertificate"
"Solid_FileChartLine","Solid","fa:Solid","FileChartLine","[fa:Solid_FileChartLine]","fa:Solid_FileChartLine:#2D8CFF","Solid FileChartLine Solid FileChartLine"
"Solid_FileChartPie","Solid","fa:Solid","FileChartPie","[fa:Solid_FileChartPie]","fa:Solid_FileChartPie:#2D8CFF","Solid FileChartPie Solid FileChartPie"
"Solid_FileCheck","Solid","fa:Solid","FileCheck","[fa:Solid_FileCheck]","fa:Solid_FileCheck:#2D8CFF","Solid FileCheck Solid FileCheck"
"Solid_FileCode","Solid","fa:Solid","FileCode","[fa:Solid_FileCode]","fa:Solid_FileCode:#2D8CFF","Solid FileCode Solid FileCode"
"Solid_FileContract","Solid","fa:Solid","FileContract","[fa:Solid_FileContract]","fa:Solid_FileContract:#2D8CFF","Solid FileContract Solid FileContract"
"Solid_FileCsv","Solid","fa:Solid","FileCsv","[fa:Solid_FileCsv]","fa:Solid_FileCsv:#2D8CFF","Solid FileCsv Solid FileCsv"
"Solid_FileDownload","Solid","fa:Solid","FileDownload","[fa:Solid_FileDownload]","fa:Solid_FileDownload:#2D8CFF","Solid FileDownload Solid FileDownload"
"Solid_FileEdit","Solid","fa:Solid","FileEdit","[fa:Solid_FileEdit]","fa:Solid_FileEdit:#2D8CFF","Solid FileEdit Solid FileEdit"
"Solid_FileExcel","Solid","fa:Solid","FileExcel","[fa:Solid_FileExcel]","fa:Solid_FileExcel:#2D8CFF","Solid FileExcel Solid FileExcel"
"Solid_FileExclamation","Solid","fa:Solid","FileExclamation","[fa:Solid_FileExclamation]","fa:Solid_FileExclamation:#2D8CFF","Solid FileExclamation Solid FileExclamation"
"Solid_FileExport","Solid","fa:Solid","FileExport","[fa:Solid_FileExport]","fa:Solid_FileExport:#2D8CFF","Solid FileExport Solid FileExport"
"Solid_FileImage","Solid","fa:Solid","FileImage","[fa:Solid_FileImage]","fa:Solid_FileImage:#2D8CFF","Solid FileImage Solid FileImage"
"Solid_FileImport","Solid","fa:Solid","FileImport","[fa:Solid_FileImport]","fa:Solid_FileImport:#2D8CFF","Solid FileImport Solid FileImport"
"Solid_FileInvoice","Solid","fa:Solid","FileInvoice","[fa:Solid_FileInvoice]","fa:Solid_FileInvoice:#2D8CFF","Solid FileInvoice Solid FileInvoice"
"Solid_FileInvoiceDollar","Solid","fa:Solid","FileInvoiceDollar","[fa:Solid_FileInvoiceDollar]","fa:Solid_FileInvoiceDollar:#2D8CFF","Solid FileInvoiceDollar Solid FileInvoiceDollar"
"Solid_FileMedical","Solid","fa:Solid","FileMedical","[fa:Solid_FileMedical]","fa:Solid_FileMedical:#2D8CFF","Solid FileMedical Solid FileMedical"
"Solid_FileMedicalAlt","Solid","fa:Solid","FileMedicalAlt","[fa:Solid_FileMedicalAlt]","fa:Solid_FileMedicalAlt:#2D8CFF","Solid FileMedicalAlt Solid FileMedicalAlt"
"Solid_FileMinus","Solid","fa:Solid","FileMinus","[fa:Solid_FileMinus]","fa:Solid_FileMinus:#2D8CFF","Solid FileMinus Solid FileMinus"
"Solid_FileMusic","Solid","fa:Solid","FileMusic","[fa:Solid_FileMusic]","fa:Solid_FileMusic:#2D8CFF","Solid FileMusic Solid FileMusic"
"Solid_FilePdf","Solid","fa:Solid","FilePdf","[fa:Solid_FilePdf]","fa:Solid_FilePdf:#2D8CFF","Solid FilePdf Solid FilePdf"
"Solid_FilePlus","Solid","fa:Solid","FilePlus","[fa:Solid_FilePlus]","fa:Solid_FilePlus:#2D8CFF","Solid FilePlus Solid FilePlus"
"Solid_FilePowerpoint","Solid","fa:Solid","FilePowerpoint","[fa:Solid_FilePowerpoint]","fa:Solid_FilePowerpoint:#2D8CFF","Solid FilePowerpoint Solid FilePowerpoint"
"Solid_FilePrescription","Solid","fa:Solid","FilePrescription","[fa:Solid_FilePrescription]","fa:Solid_FilePrescription:#2D8CFF","Solid FilePrescription Solid FilePrescription"
"Solid_FileSearch","Solid","fa:Solid","FileSearch","[fa:Solid_FileSearch]","fa:Solid_FileSearch:#2D8CFF","Solid FileSearch Solid FileSearch"
"Solid_FileSignature","Solid","fa:Solid","FileSignature","[fa:Solid_FileSignature]","fa:Solid_FileSignature:#2D8CFF","Solid FileSignature Solid FileSignature"
"Solid_FileSpreadsheet","Solid","fa:Solid","FileSpreadsheet","[fa:Solid_FileSpreadsheet]","fa:Solid_FileSpreadsheet:#2D8CFF","Solid FileSpreadsheet Solid FileSpreadsheet"
"Solid_FileTimes","Solid","fa:Solid","FileTimes","[fa:Solid_FileTimes]","fa:Solid_FileTimes:#2D8CFF","Solid FileTimes Solid FileTimes"
"Solid_FileUpload","Solid","fa:Solid","FileUpload","[fa:Solid_FileUpload]","fa:Solid_FileUpload:#2D8CFF","Solid FileUpload Solid FileUpload"
"Solid_FileUser","Solid","fa:Solid","FileUser","[fa:Solid_FileUser]","fa:Solid_FileUser:#2D8CFF","Solid FileUser Solid FileUser"
"Solid_FileVideo","Solid","fa:Solid","FileVideo","[fa:Solid_FileVideo]","fa:Solid_FileVideo:#2D8CFF","Solid FileVideo Solid FileVideo"
"Solid_FileWord","Solid","fa:Solid","FileWord","[fa:Solid_FileWord]","fa:Solid_FileWord:#2D8CFF","Solid FileWord Solid FileWord"
"Solid_FilesMedical","Solid","fa:Solid","FilesMedical","[fa:Solid_FilesMedical]","fa:Solid_FilesMedical:#2D8CFF","Solid FilesMedical Solid FilesMedical"
"Solid_Fill","Solid","fa:Solid","Fill","[fa:Solid_Fill]","fa:Solid_Fill:#2D8CFF","Solid Fill Solid Fill"
"Solid_FillDrip","Solid","fa:Solid","FillDrip","[fa:Solid_FillDrip]","fa:Solid_FillDrip:#2D8CFF","Solid FillDrip Solid FillDrip"
"Solid_Film","Solid","fa:Solid","Film","[fa:Solid_Film]","fa:Solid_Film:#2D8CFF","Solid Film Solid Film"
"Solid_FilmAlt","Solid","fa:Solid","FilmAlt","[fa:Solid_FilmAlt]","fa:Solid_FilmAlt:#2D8CFF","Solid FilmAlt Solid FilmAlt"
"Solid_FilmCanister","Solid","fa:Solid","FilmCanister","[fa:Solid_FilmCanister]","fa:Solid_FilmCanister:#2D8CFF","Solid FilmCanister Solid FilmCanister"
"Solid_Filter","Solid","fa:Solid","Filter","[fa:Solid_Filter]","fa:Solid_Filter:#2D8CFF","Solid Filter Solid Filter"
"Solid_Fingerprint","Solid","fa:Solid","Fingerprint","[fa:Solid_Fingerprint]","fa:Solid_Fingerprint:#2D8CFF","Solid Fingerprint Solid Fingerprint"
"Solid_Fire","Solid","fa:Solid","Fire","[fa:Solid_Fire]","fa:Solid_Fire:#2D8CFF","Solid Fire Solid Fire"
"Solid_FireAlt","Solid","fa:Solid","FireAlt","[fa:Solid_FireAlt]","fa:Solid_FireAlt:#2D8CFF","Solid FireAlt Solid FireAlt"
"Solid_FireExtinguisher","Solid","fa:Solid","FireExtinguisher","[fa:Solid_FireExtinguisher]","fa:Solid_FireExtinguisher:#2D8CFF","Solid FireExtinguisher Solid FireExtinguisher"
"Solid_FireSmoke","Solid","fa:Solid","FireSmoke","[fa:Solid_FireSmoke]","fa:Solid_FireSmoke:#2D8CFF","Solid FireSmoke Solid FireSmoke"
"Solid_Fireplace","Solid","fa:Solid","Fireplace","[fa:Solid_Fireplace]","fa:Solid_Fireplace:#2D8CFF","Solid Fireplace Solid Fireplace"
"Solid_FirstAid","Solid","fa:Solid","FirstAid","[fa:Solid_FirstAid]","fa:Solid_FirstAid:#2D8CFF","Solid FirstAid Solid FirstAid"
"Solid_Fish","Solid","fa:Solid","Fish","[fa:Solid_Fish]","fa:Solid_Fish:#2D8CFF","Solid Fish Solid Fish"
"Solid_FishCooked","Solid","fa:Solid","FishCooked","[fa:Solid_FishCooked]","fa:Solid_FishCooked:#2D8CFF","Solid FishCooked Solid FishCooked"
"Solid_FistRaised","Solid","fa:Solid","FistRaised","[fa:Solid_FistRaised]","fa:Solid_FistRaised:#2D8CFF","Solid FistRaised Solid FistRaised"
"Solid_Flag","Solid","fa:Solid","Flag","[fa:Solid_Flag]","fa:Solid_Flag:#2D8CFF","Solid Flag Solid Flag"
"Solid_FlagAlt","Solid","fa:Solid","FlagAlt","[fa:Solid_FlagAlt]","fa:Solid_FlagAlt:#2D8CFF","Solid FlagAlt Solid FlagAlt"
"Solid_FlagCheckered","Solid","fa:Solid","FlagCheckered","[fa:Solid_FlagCheckered]","fa:Solid_FlagCheckered:#2D8CFF","Solid FlagCheckered Solid FlagCheckered"
"Solid_FlagUsa","Solid","fa:Solid","FlagUsa","[fa:Solid_FlagUsa]","fa:Solid_FlagUsa:#2D8CFF","Solid FlagUsa Solid FlagUsa"
"Solid_Flame","Solid","fa:Solid","Flame","[fa:Solid_Flame]","fa:Solid_Flame:#2D8CFF","Solid Flame Solid Flame"
"Solid_Flashlight","Solid","fa:Solid","Flashlight","[fa:Solid_Flashlight]","fa:Solid_Flashlight:#2D8CFF","Solid Flashlight Solid Flashlight"
"Solid_Flask","Solid","fa:Solid","Flask","[fa:Solid_Flask]","fa:Solid_Flask:#2D8CFF","Solid Flask Solid Flask"
"Solid_FlaskPoison","Solid","fa:Solid","FlaskPoison","[fa:Solid_FlaskPoison]","fa:Solid_FlaskPoison:#2D8CFF","Solid FlaskPoison Solid FlaskPoison"
"Solid_FlaskPotion","Solid","fa:Solid","FlaskPotion","[fa:Solid_FlaskPotion]","fa:Solid_FlaskPotion:#2D8CFF","Solid FlaskPotion Solid FlaskPotion"
"Solid_Flower","Solid","fa:Solid","Flower","[fa:Solid_Flower]","fa:Solid_Flower:#2D8CFF","Solid Flower Solid Flower"
"Solid_FlowerDaffodil","Solid","fa:Solid","FlowerDaffodil","[fa:Solid_FlowerDaffodil]","fa:Solid_FlowerDaffodil:#2D8CFF","Solid FlowerDaffodil Solid FlowerDaffodil"
"Solid_FlowerTulip","Solid","fa:Solid","FlowerTulip","[fa:Solid_FlowerTulip]","fa:Solid_FlowerTulip:#2D8CFF","Solid FlowerTulip Solid FlowerTulip"
"Solid_Flushed","Solid","fa:Solid","Flushed","[fa:Solid_Flushed]","fa:Solid_Flushed:#2D8CFF","Solid Flushed Solid Flushed"
"Solid_Flute","Solid","fa:Solid","Flute","[fa:Solid_Flute]","fa:Solid_Flute:#2D8CFF","Solid Flute Solid Flute"
"Solid_FluxCapacitor","Solid","fa:Solid","FluxCapacitor","[fa:Solid_FluxCapacitor]","fa:Solid_FluxCapacitor:#2D8CFF","Solid FluxCapacitor Solid FluxCapacitor"
"Solid_Fog","Solid","fa:Solid","Fog","[fa:Solid_Fog]","fa:Solid_Fog:#2D8CFF","Solid Fog Solid Fog"
"Solid_Folder","Solid","fa:Solid","Folder","[fa:Solid_Folder]","fa:Solid_Folder:#2D8CFF","Solid Folder Solid Folder"
"Solid_FolderDownload","Solid","fa:Solid","FolderDownload","[fa:Solid_FolderDownload]","fa:Solid_FolderDownload:#2D8CFF","Solid FolderDownload Solid FolderDownload"
"Solid_FolderMinus","Solid","fa:Solid","FolderMinus","[fa:Solid_FolderMinus]","fa:Solid_FolderMinus:#2D8CFF","Solid FolderMinus Solid FolderMinus"
"Solid_FolderOpen","Solid","fa:Solid","FolderOpen","[fa:Solid_FolderOpen]","fa:Solid_FolderOpen:#2D8CFF","Solid FolderOpen Solid FolderOpen"
"Solid_FolderPlus","Solid","fa:Solid","FolderPlus","[fa:Solid_FolderPlus]","fa:Solid_FolderPlus:#2D8CFF","Solid FolderPlus Solid FolderPlus"
"Solid_FolderTimes","Solid","fa:Solid","FolderTimes","[fa:Solid_FolderTimes]","fa:Solid_FolderTimes:#2D8CFF","Solid FolderTimes Solid FolderTimes"
"Solid_FolderTree","Solid","fa:Solid","FolderTree","[fa:Solid_FolderTree]","fa:Solid_FolderTree:#2D8CFF","Solid FolderTree Solid FolderTree"
"Solid_FolderUpload","Solid","fa:Solid","FolderUpload","[fa:Solid_FolderUpload]","fa:Solid_FolderUpload:#2D8CFF","Solid FolderUpload Solid FolderUpload"
"Solid_Folders","Solid","fa:Solid","Folders","[fa:Solid_Folders]","fa:Solid_Folders:#2D8CFF","Solid Folders Solid Folders"
"Solid_Font","Solid","fa:Solid","Font","[fa:Solid_Font]","fa:Solid_Font:#2D8CFF","Solid Font Solid Font"
"Solid_FontAwesomeLogoFull","Solid","fa:Solid","FontAwesomeLogoFull","[fa:Solid_FontAwesomeLogoFull]","fa:Solid_FontAwesomeLogoFull:#2D8CFF","Solid FontAwesomeLogoFull Solid FontAwesomeLogoFull"
"Solid_FontCase","Solid","fa:Solid","FontCase","[fa:Solid_FontCase]","fa:Solid_FontCase:#2D8CFF","Solid FontCase Solid FontCase"
"Solid_FootballBall","Solid","fa:Solid","FootballBall","[fa:Solid_FootballBall]","fa:Solid_FootballBall:#2D8CFF","Solid FootballBall Solid FootballBall"
"Solid_FootballHelmet","Solid","fa:Solid","FootballHelmet","[fa:Solid_FootballHelmet]","fa:Solid_FootballHelmet:#2D8CFF","Solid FootballHelmet Solid FootballHelmet"
"Solid_Forklift","Solid","fa:Solid","Forklift","[fa:Solid_Forklift]","fa:Solid_Forklift:#2D8CFF","Solid Forklift Solid Forklift"
"Solid_Forward","Solid","fa:Solid","Forward","[fa:Solid_Forward]","fa:Solid_Forward:#2D8CFF","Solid Forward Solid Forward"
"Solid_Fragile","Solid","fa:Solid","Fragile","[fa:Solid_Fragile]","fa:Solid_Fragile:#2D8CFF","Solid Fragile Solid Fragile"
"Solid_FrenchFries","Solid","fa:Solid","FrenchFries","[fa:Solid_FrenchFries]","fa:Solid_FrenchFries:#2D8CFF","Solid FrenchFries Solid FrenchFries"
"Solid_Frog","Solid","fa:Solid","Frog","[fa:Solid_Frog]","fa:Solid_Frog:#2D8CFF","Solid Frog Solid Frog"
"Solid_FrostyHead","Solid","fa:Solid","FrostyHead","[fa:Solid_FrostyHead]","fa:Solid_FrostyHead:#2D8CFF","Solid FrostyHead Solid FrostyHead"
"Solid_Frown","Solid","fa:Solid","Frown","[fa:Solid_Frown]","fa:Solid_Frown:#2D8CFF","Solid Frown Solid Frown"
"Solid_FrownOpen","Solid","fa:Solid","FrownOpen","[fa:Solid_FrownOpen]","fa:Solid_FrownOpen:#2D8CFF","Solid FrownOpen Solid FrownOpen"
"Solid_Function","Solid","fa:Solid","Function","[fa:Solid_Function]","fa:Solid_Function:#2D8CFF","Solid Function Solid Function"
"Solid_FunnelDollar","Solid","fa:Solid","FunnelDollar","[fa:Solid_FunnelDollar]","fa:Solid_FunnelDollar:#2D8CFF","Solid FunnelDollar Solid FunnelDollar"
"Solid_Futbol","Solid","fa:Solid","Futbol","[fa:Solid_Futbol]","fa:Solid_Futbol:#2D8CFF","Solid Futbol Solid Futbol"
"Solid_Galaxy","Solid","fa:Solid","Galaxy","[fa:Solid_Galaxy]","fa:Solid_Galaxy:#2D8CFF","Solid Galaxy Solid Galaxy"
"Solid_GameBoard","Solid","fa:Solid","GameBoard","[fa:Solid_GameBoard]","fa:Solid_GameBoard:#2D8CFF","Solid GameBoard Solid GameBoard"
"Solid_GameBoardAlt","Solid","fa:Solid","GameBoardAlt","[fa:Solid_GameBoardAlt]","fa:Solid_GameBoardAlt:#2D8CFF","Solid GameBoardAlt Solid GameBoardAlt"
"Solid_GameConsoleHandheld","Solid","fa:Solid","GameConsoleHandheld","[fa:Solid_GameConsoleHandheld]","fa:Solid_GameConsoleHandheld:#2D8CFF","Solid GameConsoleHandheld Solid GameConsoleHandheld"
"Solid_Gamepad","Solid","fa:Solid","Gamepad","[fa:Solid_Gamepad]","fa:Solid_Gamepad:#2D8CFF","Solid Gamepad Solid Gamepad"
"Solid_GamepadAlt","Solid","fa:Solid","GamepadAlt","[fa:Solid_GamepadAlt]","fa:Solid_GamepadAlt:#2D8CFF","Solid GamepadAlt Solid GamepadAlt"
"Solid_Garage","Solid","fa:Solid","Garage","[fa:Solid_Garage]","fa:Solid_Garage:#2D8CFF","Solid Garage Solid Garage"
"Solid_GarageCar","Solid","fa:Solid","GarageCar","[fa:Solid_GarageCar]","fa:Solid_GarageCar:#2D8CFF","Solid GarageCar Solid GarageCar"
"Solid_GarageOpen","Solid","fa:Solid","GarageOpen","[fa:Solid_GarageOpen]","fa:Solid_GarageOpen:#2D8CFF","Solid GarageOpen Solid GarageOpen"
"Solid_GasPump","Solid","fa:Solid","GasPump","[fa:Solid_GasPump]","fa:Solid_GasPump:#2D8CFF","Solid GasPump Solid GasPump"
"Solid_GasPumpSlash","Solid","fa:Solid","GasPumpSlash","[fa:Solid_GasPumpSlash]","fa:Solid_GasPumpSlash:#2D8CFF","Solid GasPumpSlash Solid GasPumpSlash"
"Solid_Gavel","Solid","fa:Solid","Gavel","[fa:Solid_Gavel]","fa:Solid_Gavel:#2D8CFF","Solid Gavel Solid Gavel"
"Solid_Gem","Solid","fa:Solid","Gem","[fa:Solid_Gem]","fa:Solid_Gem:#2D8CFF","Solid Gem Solid Gem"
"Solid_Genderless","Solid","fa:Solid","Genderless","[fa:Solid_Genderless]","fa:Solid_Genderless:#2D8CFF","Solid Genderless Solid Genderless"
"Solid_Ghost","Solid","fa:Solid","Ghost","[fa:Solid_Ghost]","fa:Solid_Ghost:#2D8CFF","Solid Ghost Solid Ghost"
"Solid_Gift","Solid","fa:Solid","Gift","[fa:Solid_Gift]","fa:Solid_Gift:#2D8CFF","Solid Gift Solid Gift"
"Solid_GiftCard","Solid","fa:Solid","GiftCard","[fa:Solid_GiftCard]","fa:Solid_GiftCard:#2D8CFF","Solid GiftCard Solid GiftCard"
"Solid_Gifts","Solid","fa:Solid","Gifts","[fa:Solid_Gifts]","fa:Solid_Gifts:#2D8CFF","Solid Gifts Solid Gifts"
"Solid_GingerbreadMan","Solid","fa:Solid","GingerbreadMan","[fa:Solid_GingerbreadMan]","fa:Solid_GingerbreadMan:#2D8CFF","Solid GingerbreadMan Solid GingerbreadMan"
"Solid_Glass","Solid","fa:Solid","Glass","[fa:Solid_Glass]","fa:Solid_Glass:#2D8CFF","Solid Glass Solid Glass"
"Solid_GlassChampagne","Solid","fa:Solid","GlassChampagne","[fa:Solid_GlassChampagne]","fa:Solid_GlassChampagne:#2D8CFF","Solid GlassChampagne Solid GlassChampagne"
"Solid_GlassCheers","Solid","fa:Solid","GlassCheers","[fa:Solid_GlassCheers]","fa:Solid_GlassCheers:#2D8CFF","Solid GlassCheers Solid GlassCheers"
"Solid_GlassCitrus","Solid","fa:Solid","GlassCitrus","[fa:Solid_GlassCitrus]","fa:Solid_GlassCitrus:#2D8CFF","Solid GlassCitrus Solid GlassCitrus"
"Solid_GlassMartini","Solid","fa:Solid","GlassMartini","[fa:Solid_GlassMartini]","fa:Solid_GlassMartini:#2D8CFF","Solid GlassMartini Solid GlassMartini"
"Solid_GlassMartiniAlt","Solid","fa:Solid","GlassMartiniAlt","[fa:Solid_GlassMartiniAlt]","fa:Solid_GlassMartiniAlt:#2D8CFF","Solid GlassMartiniAlt Solid GlassMartiniAlt"
"Solid_GlassWhiskey","Solid","fa:Solid","GlassWhiskey","[fa:Solid_GlassWhiskey]","fa:Solid_GlassWhiskey:#2D8CFF","Solid GlassWhiskey Solid GlassWhiskey"
"Solid_GlassWhiskeyRocks","Solid","fa:Solid","GlassWhiskeyRocks","[fa:Solid_GlassWhiskeyRocks]","fa:Solid_GlassWhiskeyRocks:#2D8CFF","Solid GlassWhiskeyRocks Solid GlassWhiskeyRocks"
"Solid_Glasses","Solid","fa:Solid","Glasses","[fa:Solid_Glasses]","fa:Solid_Glasses:#2D8CFF","Solid Glasses Solid Glasses"
"Solid_GlassesAlt","Solid","fa:Solid","GlassesAlt","[fa:Solid_GlassesAlt]","fa:Solid_GlassesAlt:#2D8CFF","Solid GlassesAlt Solid GlassesAlt"
"Solid_Globe","Solid","fa:Solid","Globe","[fa:Solid_Globe]","fa:Solid_Globe:#2D8CFF","Solid Globe Solid Globe"
"Solid_GlobeAfrica","Solid","fa:Solid","GlobeAfrica","[fa:Solid_GlobeAfrica]","fa:Solid_GlobeAfrica:#2D8CFF","Solid GlobeAfrica Solid GlobeAfrica"
"Solid_GlobeAmericas","Solid","fa:Solid","GlobeAmericas","[fa:Solid_GlobeAmericas]","fa:Solid_GlobeAmericas:#2D8CFF","Solid GlobeAmericas Solid GlobeAmericas"
"Solid_GlobeAsia","Solid","fa:Solid","GlobeAsia","[fa:Solid_GlobeAsia]","fa:Solid_GlobeAsia:#2D8CFF","Solid GlobeAsia Solid GlobeAsia"
"Solid_GlobeEurope","Solid","fa:Solid","GlobeEurope","[fa:Solid_GlobeEurope]","fa:Solid_GlobeEurope:#2D8CFF","Solid GlobeEurope Solid GlobeEurope"
"Solid_GlobeSnow","Solid","fa:Solid","GlobeSnow","[fa:Solid_GlobeSnow]","fa:Solid_GlobeSnow:#2D8CFF","Solid GlobeSnow Solid GlobeSnow"
"Solid_GlobeStand","Solid","fa:Solid","GlobeStand","[fa:Solid_GlobeStand]","fa:Solid_GlobeStand:#2D8CFF","Solid GlobeStand Solid GlobeStand"
"Solid_GolfBall","Solid","fa:Solid","GolfBall","[fa:Solid_GolfBall]","fa:Solid_GolfBall:#2D8CFF","Solid GolfBall Solid GolfBall"
"Solid_GolfClub","Solid","fa:Solid","GolfClub","[fa:Solid_GolfClub]","fa:Solid_GolfClub:#2D8CFF","Solid GolfClub Solid GolfClub"
"Solid_Gopuram","Solid","fa:Solid","Gopuram","[fa:Solid_Gopuram]","fa:Solid_Gopuram:#2D8CFF","Solid Gopuram Solid Gopuram"
"Solid_GraduationCap","Solid","fa:Solid","GraduationCap","[fa:Solid_GraduationCap]","fa:Solid_GraduationCap:#2D8CFF","Solid GraduationCap Solid GraduationCap"
"Solid_Gramophone","Solid","fa:Solid","Gramophone","[fa:Solid_Gramophone]","fa:Solid_Gramophone:#2D8CFF","Solid Gramophone Solid Gramophone"
"Solid_GreaterThan","Solid","fa:Solid","GreaterThan","[fa:Solid_GreaterThan]","fa:Solid_GreaterThan:#2D8CFF","Solid GreaterThan Solid GreaterThan"
"Solid_GreaterThanEqual","Solid","fa:Solid","GreaterThanEqual","[fa:Solid_GreaterThanEqual]","fa:Solid_GreaterThanEqual:#2D8CFF","Solid GreaterThanEqual Solid GreaterThanEqual"
"Solid_Grimace","Solid","fa:Solid","Grimace","[fa:Solid_Grimace]","fa:Solid_Grimace:#2D8CFF","Solid Grimace Solid Grimace"
"Solid_Grin","Solid","fa:Solid","Grin","[fa:Solid_Grin]","fa:Solid_Grin:#2D8CFF","Solid Grin Solid Grin"
"Solid_GrinAlt","Solid","fa:Solid","GrinAlt","[fa:Solid_GrinAlt]","fa:Solid_GrinAlt:#2D8CFF","Solid GrinAlt Solid GrinAlt"
"Solid_GrinBeam","Solid","fa:Solid","GrinBeam","[fa:Solid_GrinBeam]","fa:Solid_GrinBeam:#2D8CFF","Solid GrinBeam Solid GrinBeam"
"Solid_GrinBeamSweat","Solid","fa:Solid","GrinBeamSweat","[fa:Solid_GrinBeamSweat]","fa:Solid_GrinBeamSweat:#2D8CFF","Solid GrinBeamSweat Solid GrinBeamSweat"
"Solid_GrinHearts","Solid","fa:Solid","GrinHearts","[fa:Solid_GrinHearts]","fa:Solid_GrinHearts:#2D8CFF","Solid GrinHearts Solid GrinHearts"
"Solid_GrinSquint","Solid","fa:Solid","GrinSquint","[fa:Solid_GrinSquint]","fa:Solid_GrinSquint:#2D8CFF","Solid GrinSquint Solid GrinSquint"
"Solid_GrinSquintTears","Solid","fa:Solid","GrinSquintTears","[fa:Solid_GrinSquintTears]","fa:Solid_GrinSquintTears:#2D8CFF","Solid GrinSquintTears Solid GrinSquintTears"
"Solid_GrinStars","Solid","fa:Solid","GrinStars","[fa:Solid_GrinStars]","fa:Solid_GrinStars:#2D8CFF","Solid GrinStars Solid GrinStars"
"Solid_GrinTears","Solid","fa:Solid","GrinTears","[fa:Solid_GrinTears]","fa:Solid_GrinTears:#2D8CFF","Solid GrinTears Solid GrinTears"
"Solid_GrinTongue","Solid","fa:Solid","GrinTongue","[fa:Solid_GrinTongue]","fa:Solid_GrinTongue:#2D8CFF","Solid GrinTongue Solid GrinTongue"
"Solid_GrinTongueSquint","Solid","fa:Solid","GrinTongueSquint","[fa:Solid_GrinTongueSquint]","fa:Solid_GrinTongueSquint:#2D8CFF","Solid GrinTongueSquint Solid GrinTongueSquint"
"Solid_GrinTongueWink","Solid","fa:Solid","GrinTongueWink","[fa:Solid_GrinTongueWink]","fa:Solid_GrinTongueWink:#2D8CFF","Solid GrinTongueWink Solid GrinTongueWink"
"Solid_GrinWink","Solid","fa:Solid","GrinWink","[fa:Solid_GrinWink]","fa:Solid_GrinWink:#2D8CFF","Solid GrinWink Solid GrinWink"
"Solid_GripHorizontal","Solid","fa:Solid","GripHorizontal","[fa:Solid_GripHorizontal]","fa:Solid_GripHorizontal:#2D8CFF","Solid GripHorizontal Solid GripHorizontal"
"Solid_GripLines","Solid","fa:Solid","GripLines","[fa:Solid_GripLines]","fa:Solid_GripLines:#2D8CFF","Solid GripLines Solid GripLines"
"Solid_GripLinesVertical","Solid","fa:Solid","GripLinesVertical","[fa:Solid_GripLinesVertical]","fa:Solid_GripLinesVertical:#2D8CFF","Solid GripLinesVertical Solid GripLinesVertical"
"Solid_GripVertical","Solid","fa:Solid","GripVertical","[fa:Solid_GripVertical]","fa:Solid_GripVertical:#2D8CFF","Solid GripVertical Solid GripVertical"
"Solid_Guitar","Solid","fa:Solid","Guitar","[fa:Solid_Guitar]","fa:Solid_Guitar:#2D8CFF","Solid Guitar Solid Guitar"
"Solid_GuitarElectric","Solid","fa:Solid","GuitarElectric","[fa:Solid_GuitarElectric]","fa:Solid_GuitarElectric:#2D8CFF","Solid GuitarElectric Solid GuitarElectric"
"Solid_Guitars","Solid","fa:Solid","Guitars","[fa:Solid_Guitars]","fa:Solid_Guitars:#2D8CFF","Solid Guitars Solid Guitars"
"Solid_HSquare","Solid","fa:Solid","HSquare","[fa:Solid_HSquare]","fa:Solid_HSquare:#2D8CFF","Solid HSquare Solid HSquare"
"Solid_H1","Solid","fa:Solid","H1","[fa:Solid_H1]","fa:Solid_H1:#2D8CFF","Solid H1 Solid H1"
"Solid_H2","Solid","fa:Solid","H2","[fa:Solid_H2]","fa:Solid_H2:#2D8CFF","Solid H2 Solid H2"
"Solid_H3","Solid","fa:Solid","H3","[fa:Solid_H3]","fa:Solid_H3:#2D8CFF","Solid H3 Solid H3"
"Solid_H4","Solid","fa:Solid","H4","[fa:Solid_H4]","fa:Solid_H4:#2D8CFF","Solid H4 Solid H4"
"Solid_Hamburger","Solid","fa:Solid","Hamburger","[fa:Solid_Hamburger]","fa:Solid_Hamburger:#2D8CFF","Solid Hamburger Solid Hamburger"
"Solid_Hammer","Solid","fa:Solid","Hammer","[fa:Solid_Hammer]","fa:Solid_Hammer:#2D8CFF","Solid Hammer Solid Hammer"
"Solid_HammerWar","Solid","fa:Solid","HammerWar","[fa:Solid_HammerWar]","fa:Solid_HammerWar:#2D8CFF","Solid HammerWar Solid HammerWar"
"Solid_Hamsa","Solid","fa:Solid","Hamsa","[fa:Solid_Hamsa]","fa:Solid_Hamsa:#2D8CFF","Solid Hamsa Solid Hamsa"
"Solid_HandHeart","Solid","fa:Solid","HandHeart","[fa:Solid_HandHeart]","fa:Solid_HandHeart:#2D8CFF","Solid HandHeart Solid HandHeart"
"Solid_HandHolding","Solid","fa:Solid","HandHolding","[fa:Solid_HandHolding]","fa:Solid_HandHolding:#2D8CFF","Solid HandHolding Solid HandHolding"
"Solid_HandHoldingBox","Solid","fa:Solid","HandHoldingBox","[fa:Solid_HandHoldingBox]","fa:Solid_HandHoldingBox:#2D8CFF","Solid HandHoldingBox Solid HandHoldingBox"
"Solid_HandHoldingHeart","Solid","fa:Solid","HandHoldingHeart","[fa:Solid_HandHoldingHeart]","fa:Solid_HandHoldingHeart:#2D8CFF","Solid HandHoldingHeart Solid HandHoldingHeart"
"Solid_HandHoldingMagic","Solid","fa:Solid","HandHoldingMagic","[fa:Solid_HandHoldingMagic]","fa:Solid_HandHoldingMagic:#2D8CFF","Solid HandHoldingMagic Solid HandHoldingMagic"
"Solid_HandHoldingMedical","Solid","fa:Solid","HandHoldingMedical","[fa:Solid_HandHoldingMedical]","fa:Solid_HandHoldingMedical:#2D8CFF","Solid HandHoldingMedical Solid HandHoldingMedical"
"Solid_HandHoldingSeedling","Solid","fa:Solid","HandHoldingSeedling","[fa:Solid_HandHoldingSeedling]","fa:Solid_HandHoldingSeedling:#2D8CFF","Solid HandHoldingSeedling Solid HandHoldingSeedling"
"Solid_HandHoldingUsd","Solid","fa:Solid","HandHoldingUsd","[fa:Solid_HandHoldingUsd]","fa:Solid_HandHoldingUsd:#2D8CFF","Solid HandHoldingUsd Solid HandHoldingUsd"
"Solid_HandHoldingWater","Solid","fa:Solid","HandHoldingWater","[fa:Solid_HandHoldingWater]","fa:Solid_HandHoldingWater:#2D8CFF","Solid HandHoldingWater Solid HandHoldingWater"
"Solid_HandLizard","Solid","fa:Solid","HandLizard","[fa:Solid_HandLizard]","fa:Solid_HandLizard:#2D8CFF","Solid HandLizard Solid HandLizard"
"Solid_HandMiddleFinger","Solid","fa:Solid","HandMiddleFinger","[fa:Solid_HandMiddleFinger]","fa:Solid_HandMiddleFinger:#2D8CFF","Solid HandMiddleFinger Solid HandMiddleFinger"
"Solid_HandPaper","Solid","fa:Solid","HandPaper","[fa:Solid_HandPaper]","fa:Solid_HandPaper:#2D8CFF","Solid HandPaper Solid HandPaper"
"Solid_HandPeace","Solid","fa:Solid","HandPeace","[fa:Solid_HandPeace]","fa:Solid_HandPeace:#2D8CFF","Solid HandPeace Solid HandPeace"
"Solid_HandPointDown","Solid","fa:Solid","HandPointDown","[fa:Solid_HandPointDown]","fa:Solid_HandPointDown:#2D8CFF","Solid HandPointDown Solid HandPointDown"
"Solid_HandPointLeft","Solid","fa:Solid","HandPointLeft","[fa:Solid_HandPointLeft]","fa:Solid_HandPointLeft:#2D8CFF","Solid HandPointLeft Solid HandPointLeft"
"Solid_HandPointRight","Solid","fa:Solid","HandPointRight","[fa:Solid_HandPointRight]","fa:Solid_HandPointRight:#2D8CFF","Solid HandPointRight Solid HandPointRight"
"Solid_HandPointUp","Solid","fa:Solid","HandPointUp","[fa:Solid_HandPointUp]","fa:Solid_HandPointUp:#2D8CFF","Solid HandPointUp Solid HandPointUp"
"Solid_HandPointer","Solid","fa:Solid","HandPointer","[fa:Solid_HandPointer]","fa:Solid_HandPointer:#2D8CFF","Solid HandPointer Solid HandPointer"
"Solid_HandReceiving","Solid","fa:Solid","HandReceiving","[fa:Solid_HandReceiving]","fa:Solid_HandReceiving:#2D8CFF","Solid HandReceiving Solid HandReceiving"
"Solid_HandRock","Solid","fa:Solid","HandRock","[fa:Solid_HandRock]","fa:Solid_HandRock:#2D8CFF","Solid HandRock Solid HandRock"
"Solid_HandScissors","Solid","fa:Solid","HandScissors","[fa:Solid_HandScissors]","fa:Solid_HandScissors:#2D8CFF","Solid HandScissors Solid HandScissors"
"Solid_HandSparkles","Solid","fa:Solid","HandSparkles","[fa:Solid_HandSparkles]","fa:Solid_HandSparkles:#2D8CFF","Solid HandSparkles Solid HandSparkles"
"Solid_HandSpock","Solid","fa:Solid","HandSpock","[fa:Solid_HandSpock]","fa:Solid_HandSpock:#2D8CFF","Solid HandSpock Solid HandSpock"
"Solid_Hands","Solid","fa:Solid","Hands","[fa:Solid_Hands]","fa:Solid_Hands:#2D8CFF","Solid Hands Solid Hands"
"Solid_HandsHeart","Solid","fa:Solid","HandsHeart","[fa:Solid_HandsHeart]","fa:Solid_HandsHeart:#2D8CFF","Solid HandsHeart Solid HandsHeart"
"Solid_HandsHelping","Solid","fa:Solid","HandsHelping","[fa:Solid_HandsHelping]","fa:Solid_HandsHelping:#2D8CFF","Solid HandsHelping Solid HandsHelping"
"Solid_HandsUsd","Solid","fa:Solid","HandsUsd","[fa:Solid_HandsUsd]","fa:Solid_HandsUsd:#2D8CFF","Solid HandsUsd Solid HandsUsd"
"Solid_HandsWash","Solid","fa:Solid","HandsWash","[fa:Solid_HandsWash]","fa:Solid_HandsWash:#2D8CFF","Solid HandsWash Solid HandsWash"
"Solid_Handshake","Solid","fa:Solid","Handshake","[fa:Solid_Handshake]","fa:Solid_Handshake:#2D8CFF","Solid Handshake Solid Handshake"
"Solid_HandshakeAlt","Solid","fa:Solid","HandshakeAlt","[fa:Solid_HandshakeAlt]","fa:Solid_HandshakeAlt:#2D8CFF","Solid HandshakeAlt Solid HandshakeAlt"
"Solid_HandshakeAltSlash","Solid","fa:Solid","HandshakeAltSlash","[fa:Solid_HandshakeAltSlash]","fa:Solid_HandshakeAltSlash:#2D8CFF","Solid HandshakeAltSlash Solid HandshakeAltSlash"
"Solid_HandshakeSlash","Solid","fa:Solid","HandshakeSlash","[fa:Solid_HandshakeSlash]","fa:Solid_HandshakeSlash:#2D8CFF","Solid HandshakeSlash Solid HandshakeSlash"
"Solid_Hanukiah","Solid","fa:Solid","Hanukiah","[fa:Solid_Hanukiah]","fa:Solid_Hanukiah:#2D8CFF","Solid Hanukiah Solid Hanukiah"
"Solid_HardHat","Solid","fa:Solid","HardHat","[fa:Solid_HardHat]","fa:Solid_HardHat:#2D8CFF","Solid HardHat Solid HardHat"
"Solid_Hashtag","Solid","fa:Solid","Hashtag","[fa:Solid_Hashtag]","fa:Solid_Hashtag:#2D8CFF","Solid Hashtag Solid Hashtag"
"Solid_HatChef","Solid","fa:Solid","HatChef","[fa:Solid_HatChef]","fa:Solid_HatChef:#2D8CFF","Solid HatChef Solid HatChef"
"Solid_HatCowboy","Solid","fa:Solid","HatCowboy","[fa:Solid_HatCowboy]","fa:Solid_HatCowboy:#2D8CFF","Solid HatCowboy Solid HatCowboy"
"Solid_HatCowboySide","Solid","fa:Solid","HatCowboySide","[fa:Solid_HatCowboySide]","fa:Solid_HatCowboySide:#2D8CFF","Solid HatCowboySide Solid HatCowboySide"
"Solid_HatSanta","Solid","fa:Solid","HatSanta","[fa:Solid_HatSanta]","fa:Solid_HatSanta:#2D8CFF","Solid HatSanta Solid HatSanta"
"Solid_HatWinter","Solid","fa:Solid","HatWinter","[fa:Solid_HatWinter]","fa:Solid_HatWinter:#2D8CFF","Solid HatWinter Solid HatWinter"
"Solid_HatWitch","Solid","fa:Solid","HatWitch","[fa:Solid_HatWitch]","fa:Solid_HatWitch:#2D8CFF","Solid HatWitch Solid HatWitch"
"Solid_HatWizard","Solid","fa:Solid","HatWizard","[fa:Solid_HatWizard]","fa:Solid_HatWizard:#2D8CFF","Solid HatWizard Solid HatWizard"
"Solid_Hdd","Solid","fa:Solid","Hdd","[fa:Solid_Hdd]","fa:Solid_Hdd:#2D8CFF","Solid Hdd Solid Hdd"
"Solid_HeadSide","Solid","fa:Solid","HeadSide","[fa:Solid_HeadSide]","fa:Solid_HeadSide:#2D8CFF","Solid HeadSide Solid HeadSide"
"Solid_HeadSideBrain","Solid","fa:Solid","HeadSideBrain","[fa:Solid_HeadSideBrain]","fa:Solid_HeadSideBrain:#2D8CFF","Solid HeadSideBrain Solid HeadSideBrain"
"Solid_HeadSideCough","Solid","fa:Solid","HeadSideCough","[fa:Solid_HeadSideCough]","fa:Solid_HeadSideCough:#2D8CFF","Solid HeadSideCough Solid HeadSideCough"
"Solid_HeadSideCoughSlash","Solid","fa:Solid","HeadSideCoughSlash","[fa:Solid_HeadSideCoughSlash]","fa:Solid_HeadSideCoughSlash:#2D8CFF","Solid HeadSideCoughSlash Solid HeadSideCoughSlash"
"Solid_HeadSideHeadphones","Solid","fa:Solid","HeadSideHeadphones","[fa:Solid_HeadSideHeadphones]","fa:Solid_HeadSideHeadphones:#2D8CFF","Solid HeadSideHeadphones Solid HeadSideHeadphones"
"Solid_HeadSideMask","Solid","fa:Solid","HeadSideMask","[fa:Solid_HeadSideMask]","fa:Solid_HeadSideMask:#2D8CFF","Solid HeadSideMask Solid HeadSideMask"
"Solid_HeadSideMedical","Solid","fa:Solid","HeadSideMedical","[fa:Solid_HeadSideMedical]","fa:Solid_HeadSideMedical:#2D8CFF","Solid HeadSideMedical Solid HeadSideMedical"
"Solid_HeadSideVirus","Solid","fa:Solid","HeadSideVirus","[fa:Solid_HeadSideVirus]","fa:Solid_HeadSideVirus:#2D8CFF","Solid HeadSideVirus Solid HeadSideVirus"
"Solid_HeadVr","Solid","fa:Solid","HeadVr","[fa:Solid_HeadVr]","fa:Solid_HeadVr:#2D8CFF","Solid HeadVr Solid HeadVr"
"Solid_Heading","Solid","fa:Solid","Heading","[fa:Solid_Heading]","fa:Solid_Heading:#2D8CFF","Solid Heading Solid Heading"
"Solid_Headphones","Solid","fa:Solid","Headphones","[fa:Solid_Headphones]","fa:Solid_Headphones:#2D8CFF","Solid Headphones Solid Headphones"
"Solid_HeadphonesAlt","Solid","fa:Solid","HeadphonesAlt","[fa:Solid_HeadphonesAlt]","fa:Solid_HeadphonesAlt:#2D8CFF","Solid HeadphonesAlt Solid HeadphonesAlt"
"Solid_Headset","Solid","fa:Solid","Headset","[fa:Solid_Headset]","fa:Solid_Headset:#2D8CFF","Solid Headset Solid Headset"
"Solid_Heart","Solid","fa:Solid","Heart","[fa:Solid_Heart]","fa:Solid_Heart:#2D8CFF","Solid Heart Solid Heart"
"Solid_HeartBroken","Solid","fa:Solid","HeartBroken","[fa:Solid_HeartBroken]","fa:Solid_HeartBroken:#2D8CFF","Solid HeartBroken Solid HeartBroken"
"Solid_HeartCircle","Solid","fa:Solid","HeartCircle","[fa:Solid_HeartCircle]","fa:Solid_HeartCircle:#2D8CFF","Solid HeartCircle Solid HeartCircle"
"Solid_HeartRate","Solid","fa:Solid","HeartRate","[fa:Solid_HeartRate]","fa:Solid_HeartRate:#2D8CFF","Solid HeartRate Solid HeartRate"
"Solid_HeartSquare","Solid","fa:Solid","HeartSquare","[fa:Solid_HeartSquare]","fa:Solid_HeartSquare:#2D8CFF","Solid HeartSquare Solid HeartSquare"
"Solid_Heartbeat","Solid","fa:Solid","Heartbeat","[fa:Solid_Heartbeat]","fa:Solid_Heartbeat:#2D8CFF","Solid Heartbeat Solid Heartbeat"
"Solid_Heat","Solid","fa:Solid","Heat","[fa:Solid_Heat]","fa:Solid_Heat:#2D8CFF","Solid Heat Solid Heat"
"Solid_Helicopter","Solid","fa:Solid","Helicopter","[fa:Solid_Helicopter]","fa:Solid_Helicopter:#2D8CFF","Solid Helicopter Solid Helicopter"
"Solid_HelmetBattle","Solid","fa:Solid","HelmetBattle","[fa:Solid_HelmetBattle]","fa:Solid_HelmetBattle:#2D8CFF","Solid HelmetBattle Solid HelmetBattle"
"Solid_Hexagon","Solid","fa:Solid","Hexagon","[fa:Solid_Hexagon]","fa:Solid_Hexagon:#2D8CFF","Solid Hexagon Solid Hexagon"
"Solid_Highlighter","Solid","fa:Solid","Highlighter","[fa:Solid_Highlighter]","fa:Solid_Highlighter:#2D8CFF","Solid Highlighter Solid Highlighter"
"Solid_Hiking","Solid","fa:Solid","Hiking","[fa:Solid_Hiking]","fa:Solid_Hiking:#2D8CFF","Solid Hiking Solid Hiking"
"Solid_Hippo","Solid","fa:Solid","Hippo","[fa:Solid_Hippo]","fa:Solid_Hippo:#2D8CFF","Solid Hippo Solid Hippo"
"Solid_History","Solid","fa:Solid","History","[fa:Solid_History]","fa:Solid_History:#2D8CFF","Solid History Solid History"
"Solid_HockeyMask","Solid","fa:Solid","HockeyMask","[fa:Solid_HockeyMask]","fa:Solid_HockeyMask:#2D8CFF","Solid HockeyMask Solid HockeyMask"
"Solid_HockeyPuck","Solid","fa:Solid","HockeyPuck","[fa:Solid_HockeyPuck]","fa:Solid_HockeyPuck:#2D8CFF","Solid HockeyPuck Solid HockeyPuck"
"Solid_HockeySticks","Solid","fa:Solid","HockeySticks","[fa:Solid_HockeySticks]","fa:Solid_HockeySticks:#2D8CFF","Solid HockeySticks Solid HockeySticks"
"Solid_HollyBerry","Solid","fa:Solid","HollyBerry","[fa:Solid_HollyBerry]","fa:Solid_HollyBerry:#2D8CFF","Solid HollyBerry Solid HollyBerry"
"Solid_Home","Solid","fa:Solid","Home","[fa:Solid_Home]","fa:Solid_Home:#2D8CFF","Solid Home Solid Home"
"Solid_HomeAlt","Solid","fa:Solid","HomeAlt","[fa:Solid_HomeAlt]","fa:Solid_HomeAlt:#2D8CFF","Solid HomeAlt Solid HomeAlt"
"Solid_HomeHeart","Solid","fa:Solid","HomeHeart","[fa:Solid_HomeHeart]","fa:Solid_HomeHeart:#2D8CFF","Solid HomeHeart Solid HomeHeart"
"Solid_HomeLg","Solid","fa:Solid","HomeLg","[fa:Solid_HomeLg]","fa:Solid_HomeLg:#2D8CFF","Solid HomeLg Solid HomeLg"
"Solid_HomeLgAlt","Solid","fa:Solid","HomeLgAlt","[fa:Solid_HomeLgAlt]","fa:Solid_HomeLgAlt:#2D8CFF","Solid HomeLgAlt Solid HomeLgAlt"
"Solid_HoodCloak","Solid","fa:Solid","HoodCloak","[fa:Solid_HoodCloak]","fa:Solid_HoodCloak:#2D8CFF","Solid HoodCloak Solid HoodCloak"
"Solid_HorizontalRule","Solid","fa:Solid","HorizontalRule","[fa:Solid_HorizontalRule]","fa:Solid_HorizontalRule:#2D8CFF","Solid HorizontalRule Solid HorizontalRule"
"Solid_Horse","Solid","fa:Solid","Horse","[fa:Solid_Horse]","fa:Solid_Horse:#2D8CFF","Solid Horse Solid Horse"
"Solid_HorseHead","Solid","fa:Solid","HorseHead","[fa:Solid_HorseHead]","fa:Solid_HorseHead:#2D8CFF","Solid HorseHead Solid HorseHead"
"Solid_HorseSaddle","Solid","fa:Solid","HorseSaddle","[fa:Solid_HorseSaddle]","fa:Solid_HorseSaddle:#2D8CFF","Solid HorseSaddle Solid HorseSaddle"
"Solid_Hospital","Solid","fa:Solid","Hospital","[fa:Solid_Hospital]","fa:Solid_Hospital:#2D8CFF","Solid Hospital Solid Hospital"
"Solid_HospitalAlt","Solid","fa:Solid","HospitalAlt","[fa:Solid_HospitalAlt]","fa:Solid_HospitalAlt:#2D8CFF","Solid HospitalAlt Solid HospitalAlt"
"Solid_HospitalSymbol","Solid","fa:Solid","HospitalSymbol","[fa:Solid_HospitalSymbol]","fa:Solid_HospitalSymbol:#2D8CFF","Solid HospitalSymbol Solid HospitalSymbol"
"Solid_HospitalUser","Solid","fa:Solid","HospitalUser","[fa:Solid_HospitalUser]","fa:Solid_HospitalUser:#2D8CFF","Solid HospitalUser Solid HospitalUser"
"Solid_Hospitals","Solid","fa:Solid","Hospitals","[fa:Solid_Hospitals]","fa:Solid_Hospitals:#2D8CFF","Solid Hospitals Solid Hospitals"
"Solid_HotTub","Solid","fa:Solid","HotTub","[fa:Solid_HotTub]","fa:Solid_HotTub:#2D8CFF","Solid HotTub Solid HotTub"
"Solid_Hotdog","Solid","fa:Solid","Hotdog","[fa:Solid_Hotdog]","fa:Solid_Hotdog:#2D8CFF","Solid Hotdog Solid Hotdog"
"Solid_Hotel","Solid","fa:Solid","Hotel","[fa:Solid_Hotel]","fa:Solid_Hotel:#2D8CFF","Solid Hotel Solid Hotel"
"Solid_Hourglass","Solid","fa:Solid","Hourglass","[fa:Solid_Hourglass]","fa:Solid_Hourglass:#2D8CFF","Solid Hourglass Solid Hourglass"
"Solid_HourglassEnd","Solid","fa:Solid","HourglassEnd","[fa:Solid_HourglassEnd]","fa:Solid_HourglassEnd:#2D8CFF","Solid HourglassEnd Solid HourglassEnd"
"Solid_HourglassHalf","Solid","fa:Solid","HourglassHalf","[fa:Solid_HourglassHalf]","fa:Solid_HourglassHalf:#2D8CFF","Solid HourglassHalf Solid HourglassHalf"
"Solid_HourglassStart","Solid","fa:Solid","HourglassStart","[fa:Solid_HourglassStart]","fa:Solid_HourglassStart:#2D8CFF","Solid HourglassStart Solid HourglassStart"
"Solid_House","Solid","fa:Solid","House","[fa:Solid_House]","fa:Solid_House:#2D8CFF","Solid House Solid House"
"Solid_HouseDamage","Solid","fa:Solid","HouseDamage","[fa:Solid_HouseDamage]","fa:Solid_HouseDamage:#2D8CFF","Solid HouseDamage Solid HouseDamage"
"Solid_HouseDay","Solid","fa:Solid","HouseDay","[fa:Solid_HouseDay]","fa:Solid_HouseDay:#2D8CFF","Solid HouseDay Solid HouseDay"
"Solid_HouseFlood","Solid","fa:Solid","HouseFlood","[fa:Solid_HouseFlood]","fa:Solid_HouseFlood:#2D8CFF","Solid HouseFlood Solid HouseFlood"
"Solid_HouseLeave","Solid","fa:Solid","HouseLeave","[fa:Solid_HouseLeave]","fa:Solid_HouseLeave:#2D8CFF","Solid HouseLeave Solid HouseLeave"
"Solid_HouseNight","Solid","fa:Solid","HouseNight","[fa:Solid_HouseNight]","fa:Solid_HouseNight:#2D8CFF","Solid HouseNight Solid HouseNight"
"Solid_HouseReturn","Solid","fa:Solid","HouseReturn","[fa:Solid_HouseReturn]","fa:Solid_HouseReturn:#2D8CFF","Solid HouseReturn Solid HouseReturn"
"Solid_HouseSignal","Solid","fa:Solid","HouseSignal","[fa:Solid_HouseSignal]","fa:Solid_HouseSignal:#2D8CFF","Solid HouseSignal Solid HouseSignal"
"Solid_HouseUser","Solid","fa:Solid","HouseUser","[fa:Solid_HouseUser]","fa:Solid_HouseUser:#2D8CFF","Solid HouseUser Solid HouseUser"
"Solid_Hryvnia","Solid","fa:Solid","Hryvnia","[fa:Solid_Hryvnia]","fa:Solid_Hryvnia:#2D8CFF","Solid Hryvnia Solid Hryvnia"
"Solid_Humidity","Solid","fa:Solid","Humidity","[fa:Solid_Humidity]","fa:Solid_Humidity:#2D8CFF","Solid Humidity Solid Humidity"
"Solid_Hurricane","Solid","fa:Solid","Hurricane","[fa:Solid_Hurricane]","fa:Solid_Hurricane:#2D8CFF","Solid Hurricane Solid Hurricane"
"Solid_ICursor","Solid","fa:Solid","ICursor","[fa:Solid_ICursor]","fa:Solid_ICursor:#2D8CFF","Solid ICursor Solid ICursor"
"Solid_IceCream","Solid","fa:Solid","IceCream","[fa:Solid_IceCream]","fa:Solid_IceCream:#2D8CFF","Solid IceCream Solid IceCream"
"Solid_IceSkate","Solid","fa:Solid","IceSkate","[fa:Solid_IceSkate]","fa:Solid_IceSkate:#2D8CFF","Solid IceSkate Solid IceSkate"
"Solid_Icicles","Solid","fa:Solid","Icicles","[fa:Solid_Icicles]","fa:Solid_Icicles:#2D8CFF","Solid Icicles Solid Icicles"
"Solid_Icons","Solid","fa:Solid","Icons","[fa:Solid_Icons]","fa:Solid_Icons:#2D8CFF","Solid Icons Solid Icons"
"Solid_IconsAlt","Solid","fa:Solid","IconsAlt","[fa:Solid_IconsAlt]","fa:Solid_IconsAlt:#2D8CFF","Solid IconsAlt Solid IconsAlt"
"Solid_IdBadge","Solid","fa:Solid","IdBadge","[fa:Solid_IdBadge]","fa:Solid_IdBadge:#2D8CFF","Solid IdBadge Solid IdBadge"
"Solid_IdCard","Solid","fa:Solid","IdCard","[fa:Solid_IdCard]","fa:Solid_IdCard:#2D8CFF","Solid IdCard Solid IdCard"
"Solid_IdCardAlt","Solid","fa:Solid","IdCardAlt","[fa:Solid_IdCardAlt]","fa:Solid_IdCardAlt:#2D8CFF","Solid IdCardAlt Solid IdCardAlt"
"Solid_Igloo","Solid","fa:Solid","Igloo","[fa:Solid_Igloo]","fa:Solid_Igloo:#2D8CFF","Solid Igloo Solid Igloo"
"Solid_Image","Solid","fa:Solid","Image","[fa:Solid_Image]","fa:Solid_Image:#2D8CFF","Solid Image Solid Image"
"Solid_ImagePolaroid","Solid","fa:Solid","ImagePolaroid","[fa:Solid_ImagePolaroid]","fa:Solid_ImagePolaroid:#2D8CFF","Solid ImagePolaroid Solid ImagePolaroid"
"Solid_Images","Solid","fa:Solid","Images","[fa:Solid_Images]","fa:Solid_Images:#2D8CFF","Solid Images Solid Images"
"Solid_Inbox","Solid","fa:Solid","Inbox","[fa:Solid_Inbox]","fa:Solid_Inbox:#2D8CFF","Solid Inbox Solid Inbox"
"Solid_InboxIn","Solid","fa:Solid","InboxIn","[fa:Solid_InboxIn]","fa:Solid_InboxIn:#2D8CFF","Solid InboxIn Solid InboxIn"
"Solid_InboxOut","Solid","fa:Solid","InboxOut","[fa:Solid_InboxOut]","fa:Solid_InboxOut:#2D8CFF","Solid InboxOut Solid InboxOut"
"Solid_Indent","Solid","fa:Solid","Indent","[fa:Solid_Indent]","fa:Solid_Indent:#2D8CFF","Solid Indent Solid Indent"
"Solid_Industry","Solid","fa:Solid","Industry","[fa:Solid_Industry]","fa:Solid_Industry:#2D8CFF","Solid Industry Solid Industry"
"Solid_IndustryAlt","Solid","fa:Solid","IndustryAlt","[fa:Solid_IndustryAlt]","fa:Solid_IndustryAlt:#2D8CFF","Solid IndustryAlt Solid IndustryAlt"
"Solid_Infinity","Solid","fa:Solid","Infinity","[fa:Solid_Infinity]","fa:Solid_Infinity:#2D8CFF","Solid Infinity Solid Infinity"
"Solid_Info","Solid","fa:Solid","Info","[fa:Solid_Info]","fa:Solid_Info:#2D8CFF","Solid Info Solid Info"
"Solid_InfoCircle","Solid","fa:Solid","InfoCircle","[fa:Solid_InfoCircle]","fa:Solid_InfoCircle:#2D8CFF","Solid InfoCircle Solid InfoCircle"
"Solid_InfoSquare","Solid","fa:Solid","InfoSquare","[fa:Solid_InfoSquare]","fa:Solid_InfoSquare:#2D8CFF","Solid InfoSquare Solid InfoSquare"
"Solid_Inhaler","Solid","fa:Solid","Inhaler","[fa:Solid_Inhaler]","fa:Solid_Inhaler:#2D8CFF","Solid Inhaler Solid Inhaler"
"Solid_Integral","Solid","fa:Solid","Integral","[fa:Solid_Integral]","fa:Solid_Integral:#2D8CFF","Solid Integral Solid Integral"
"Solid_Intersection","Solid","fa:Solid","Intersection","[fa:Solid_Intersection]","fa:Solid_Intersection:#2D8CFF","Solid Intersection Solid Intersection"
"Solid_Inventory","Solid","fa:Solid","Inventory","[fa:Solid_Inventory]","fa:Solid_Inventory:#2D8CFF","Solid Inventory Solid Inventory"
"Solid_IslandTropical","Solid","fa:Solid","IslandTropical","[fa:Solid_IslandTropical]","fa:Solid_IslandTropical:#2D8CFF","Solid IslandTropical Solid IslandTropical"
"Solid_Italic","Solid","fa:Solid","Italic","[fa:Solid_Italic]","fa:Solid_Italic:#2D8CFF","Solid Italic Solid Italic"
"Solid_JackOLantern","Solid","fa:Solid","JackOLantern","[fa:Solid_JackOLantern]","fa:Solid_JackOLantern:#2D8CFF","Solid JackOLantern Solid JackOLantern"
"Solid_Jedi","Solid","fa:Solid","Jedi","[fa:Solid_Jedi]","fa:Solid_Jedi:#2D8CFF","Solid Jedi Solid Jedi"
"Solid_Joint","Solid","fa:Solid","Joint","[fa:Solid_Joint]","fa:Solid_Joint:#2D8CFF","Solid Joint Solid Joint"
"Solid_JournalWhills","Solid","fa:Solid","JournalWhills","[fa:Solid_JournalWhills]","fa:Solid_JournalWhills:#2D8CFF","Solid JournalWhills Solid JournalWhills"
"Solid_Joystick","Solid","fa:Solid","Joystick","[fa:Solid_Joystick]","fa:Solid_Joystick:#2D8CFF","Solid Joystick Solid Joystick"
"Solid_Jug","Solid","fa:Solid","Jug","[fa:Solid_Jug]","fa:Solid_Jug:#2D8CFF","Solid Jug Solid Jug"
"Solid_Kaaba","Solid","fa:Solid","Kaaba","[fa:Solid_Kaaba]","fa:Solid_Kaaba:#2D8CFF","Solid Kaaba Solid Kaaba"
"Solid_Kazoo","Solid","fa:Solid","Kazoo","[fa:Solid_Kazoo]","fa:Solid_Kazoo:#2D8CFF","Solid Kazoo Solid Kazoo"
"Solid_Kerning","Solid","fa:Solid","Kerning","[fa:Solid_Kerning]","fa:Solid_Kerning:#2D8CFF","Solid Kerning Solid Kerning"
"Solid_Key","Solid","fa:Solid","Key","[fa:Solid_Key]","fa:Solid_Key:#2D8CFF","Solid Key Solid Key"
"Solid_KeySkeleton","Solid","fa:Solid","KeySkeleton","[fa:Solid_KeySkeleton]","fa:Solid_KeySkeleton:#2D8CFF","Solid KeySkeleton Solid KeySkeleton"
"Solid_Keyboard","Solid","fa:Solid","Keyboard","[fa:Solid_Keyboard]","fa:Solid_Keyboard:#2D8CFF","Solid Keyboard Solid Keyboard"
"Solid_Keynote","Solid","fa:Solid","Keynote","[fa:Solid_Keynote]","fa:Solid_Keynote:#2D8CFF","Solid Keynote Solid Keynote"
"Solid_Khanda","Solid","fa:Solid","Khanda","[fa:Solid_Khanda]","fa:Solid_Khanda:#2D8CFF","Solid Khanda Solid Khanda"
"Solid_Kidneys","Solid","fa:Solid","Kidneys","[fa:Solid_Kidneys]","fa:Solid_Kidneys:#2D8CFF","Solid Kidneys Solid Kidneys"
"Solid_Kiss","Solid","fa:Solid","Kiss","[fa:Solid_Kiss]","fa:Solid_Kiss:#2D8CFF","Solid Kiss Solid Kiss"
"Solid_KissBeam","Solid","fa:Solid","KissBeam","[fa:Solid_KissBeam]","fa:Solid_KissBeam:#2D8CFF","Solid KissBeam Solid KissBeam"
"Solid_KissWinkHeart","Solid","fa:Solid","KissWinkHeart","[fa:Solid_KissWinkHeart]","fa:Solid_KissWinkHeart:#2D8CFF","Solid KissWinkHeart Solid KissWinkHeart"
"Solid_Kite","Solid","fa:Solid","Kite","[fa:Solid_Kite]","fa:Solid_Kite:#2D8CFF","Solid Kite Solid Kite"
"Solid_KiwiBird","Solid","fa:Solid","KiwiBird","[fa:Solid_KiwiBird]","fa:Solid_KiwiBird:#2D8CFF","Solid KiwiBird Solid KiwiBird"
"Solid_KnifeKitchen","Solid","fa:Solid","KnifeKitchen","[fa:Solid_KnifeKitchen]","fa:Solid_KnifeKitchen:#2D8CFF","Solid KnifeKitchen Solid KnifeKitchen"
"Solid_Lambda","Solid","fa:Solid","Lambda","[fa:Solid_Lambda]","fa:Solid_Lambda:#2D8CFF","Solid Lambda Solid Lambda"
"Solid_Lamp","Solid","fa:Solid","Lamp","[fa:Solid_Lamp]","fa:Solid_Lamp:#2D8CFF","Solid Lamp Solid Lamp"
"Solid_LampDesk","Solid","fa:Solid","LampDesk","[fa:Solid_LampDesk]","fa:Solid_LampDesk:#2D8CFF","Solid LampDesk Solid LampDesk"
"Solid_LampFloor","Solid","fa:Solid","LampFloor","[fa:Solid_LampFloor]","fa:Solid_LampFloor:#2D8CFF","Solid LampFloor Solid LampFloor"
"Solid_Landmark","Solid","fa:Solid","Landmark","[fa:Solid_Landmark]","fa:Solid_Landmark:#2D8CFF","Solid Landmark Solid Landmark"
"Solid_LandmarkAlt","Solid","fa:Solid","LandmarkAlt","[fa:Solid_LandmarkAlt]","fa:Solid_LandmarkAlt:#2D8CFF","Solid LandmarkAlt Solid LandmarkAlt"
"Solid_Language","Solid","fa:Solid","Language","[fa:Solid_Language]","fa:Solid_Language:#2D8CFF","Solid Language Solid Language"
"Solid_Laptop","Solid","fa:Solid","Laptop","[fa:Solid_Laptop]","fa:Solid_Laptop:#2D8CFF","Solid Laptop Solid Laptop"
"Solid_LaptopCode","Solid","fa:Solid","LaptopCode","[fa:Solid_LaptopCode]","fa:Solid_LaptopCode:#2D8CFF","Solid LaptopCode Solid LaptopCode"
"Solid_LaptopHouse","Solid","fa:Solid","LaptopHouse","[fa:Solid_LaptopHouse]","fa:Solid_LaptopHouse:#2D8CFF","Solid LaptopHouse Solid LaptopHouse"
"Solid_LaptopMedical","Solid","fa:Solid","LaptopMedical","[fa:Solid_LaptopMedical]","fa:Solid_LaptopMedical:#2D8CFF","Solid LaptopMedical Solid LaptopMedical"
"Solid_Lasso","Solid","fa:Solid","Lasso","[fa:Solid_Lasso]","fa:Solid_Lasso:#2D8CFF","Solid Lasso Solid Lasso"
"Solid_Laugh","Solid","fa:Solid","Laugh","[fa:Solid_Laugh]","fa:Solid_Laugh:#2D8CFF","Solid Laugh Solid Laugh"
"Solid_LaughBeam","Solid","fa:Solid","LaughBeam","[fa:Solid_LaughBeam]","fa:Solid_LaughBeam:#2D8CFF","Solid LaughBeam Solid LaughBeam"
"Solid_LaughSquint","Solid","fa:Solid","LaughSquint","[fa:Solid_LaughSquint]","fa:Solid_LaughSquint:#2D8CFF","Solid LaughSquint Solid LaughSquint"
"Solid_LaughWink","Solid","fa:Solid","LaughWink","[fa:Solid_LaughWink]","fa:Solid_LaughWink:#2D8CFF","Solid LaughWink Solid LaughWink"
"Solid_LayerGroup","Solid","fa:Solid","LayerGroup","[fa:Solid_LayerGroup]","fa:Solid_LayerGroup:#2D8CFF","Solid LayerGroup Solid LayerGroup"
"Solid_LayerMinus","Solid","fa:Solid","LayerMinus","[fa:Solid_LayerMinus]","fa:Solid_LayerMinus:#2D8CFF","Solid LayerMinus Solid LayerMinus"
"Solid_LayerPlus","Solid","fa:Solid","LayerPlus","[fa:Solid_LayerPlus]","fa:Solid_LayerPlus:#2D8CFF","Solid LayerPlus Solid LayerPlus"
"Solid_Leaf","Solid","fa:Solid","Leaf","[fa:Solid_Leaf]","fa:Solid_Leaf:#2D8CFF","Solid Leaf Solid Leaf"
"Solid_LeafHeart","Solid","fa:Solid","LeafHeart","[fa:Solid_LeafHeart]","fa:Solid_LeafHeart:#2D8CFF","Solid LeafHeart Solid LeafHeart"
"Solid_LeafMaple","Solid","fa:Solid","LeafMaple","[fa:Solid_LeafMaple]","fa:Solid_LeafMaple:#2D8CFF","Solid LeafMaple Solid LeafMaple"
"Solid_LeafOak","Solid","fa:Solid","LeafOak","[fa:Solid_LeafOak]","fa:Solid_LeafOak:#2D8CFF","Solid LeafOak Solid LeafOak"
"Solid_Lemon","Solid","fa:Solid","Lemon","[fa:Solid_Lemon]","fa:Solid_Lemon:#2D8CFF","Solid Lemon Solid Lemon"
"Solid_LessThan","Solid","fa:Solid","LessThan","[fa:Solid_LessThan]","fa:Solid_LessThan:#2D8CFF","Solid LessThan Solid LessThan"
"Solid_LessThanEqual","Solid","fa:Solid","LessThanEqual","[fa:Solid_LessThanEqual]","fa:Solid_LessThanEqual:#2D8CFF","Solid LessThanEqual Solid LessThanEqual"
"Solid_LevelDown","Solid","fa:Solid","LevelDown","[fa:Solid_LevelDown]","fa:Solid_LevelDown:#2D8CFF","Solid LevelDown Solid LevelDown"
"Solid_LevelDownAlt","Solid","fa:Solid","LevelDownAlt","[fa:Solid_LevelDownAlt]","fa:Solid_LevelDownAlt:#2D8CFF","Solid LevelDownAlt Solid LevelDownAlt"
"Solid_LevelUp","Solid","fa:Solid","LevelUp","[fa:Solid_LevelUp]","fa:Solid_LevelUp:#2D8CFF","Solid LevelUp Solid LevelUp"
"Solid_LevelUpAlt","Solid","fa:Solid","LevelUpAlt","[fa:Solid_LevelUpAlt]","fa:Solid_LevelUpAlt:#2D8CFF","Solid LevelUpAlt Solid LevelUpAlt"
"Solid_LifeRing","Solid","fa:Solid","LifeRing","[fa:Solid_LifeRing]","fa:Solid_LifeRing:#2D8CFF","Solid LifeRing Solid LifeRing"
"Solid_LightCeiling","Solid","fa:Solid","LightCeiling","[fa:Solid_LightCeiling]","fa:Solid_LightCeiling:#2D8CFF","Solid LightCeiling Solid LightCeiling"
"Solid_LightSwitch","Solid","fa:Solid","LightSwitch","[fa:Solid_LightSwitch]","fa:Solid_LightSwitch:#2D8CFF","Solid LightSwitch Solid LightSwitch"
"Solid_LightSwitchOff","Solid","fa:Solid","LightSwitchOff","[fa:Solid_LightSwitchOff]","fa:Solid_LightSwitchOff:#2D8CFF","Solid LightSwitchOff Solid LightSwitchOff"
"Solid_LightSwitchOn","Solid","fa:Solid","LightSwitchOn","[fa:Solid_LightSwitchOn]","fa:Solid_LightSwitchOn:#2D8CFF","Solid LightSwitchOn Solid LightSwitchOn"
"Solid_Lightbulb","Solid","fa:Solid","Lightbulb","[fa:Solid_Lightbulb]","fa:Solid_Lightbulb:#2D8CFF","Solid Lightbulb Solid Lightbulb"
"Solid_LightbulbDollar","Solid","fa:Solid","LightbulbDollar","[fa:Solid_LightbulbDollar]","fa:Solid_LightbulbDollar:#2D8CFF","Solid LightbulbDollar Solid LightbulbDollar"
"Solid_LightbulbExclamation","Solid","fa:Solid","LightbulbExclamation","[fa:Solid_LightbulbExclamation]","fa:Solid_LightbulbExclamation:#2D8CFF","Solid LightbulbExclamation Solid LightbulbExclamation"
"Solid_LightbulbOn","Solid","fa:Solid","LightbulbOn","[fa:Solid_LightbulbOn]","fa:Solid_LightbulbOn:#2D8CFF","Solid LightbulbOn Solid LightbulbOn"
"Solid_LightbulbSlash","Solid","fa:Solid","LightbulbSlash","[fa:Solid_LightbulbSlash]","fa:Solid_LightbulbSlash:#2D8CFF","Solid LightbulbSlash Solid LightbulbSlash"
"Solid_LightsHoliday","Solid","fa:Solid","LightsHoliday","[fa:Solid_LightsHoliday]","fa:Solid_LightsHoliday:#2D8CFF","Solid LightsHoliday Solid LightsHoliday"
"Solid_LineColumns","Solid","fa:Solid","LineColumns","[fa:Solid_LineColumns]","fa:Solid_LineColumns:#2D8CFF","Solid LineColumns Solid LineColumns"
"Solid_LineHeight","Solid","fa:Solid","LineHeight","[fa:Solid_LineHeight]","fa:Solid_LineHeight:#2D8CFF","Solid LineHeight Solid LineHeight"
"Solid_Link","Solid","fa:Solid","Link","[fa:Solid_Link]","fa:Solid_Link:#2D8CFF","Solid Link Solid Link"
"Solid_Lips","Solid","fa:Solid","Lips","[fa:Solid_Lips]","fa:Solid_Lips:#2D8CFF","Solid Lips Solid Lips"
"Solid_LiraSign","Solid","fa:Solid","LiraSign","[fa:Solid_LiraSign]","fa:Solid_LiraSign:#2D8CFF","Solid LiraSign Solid LiraSign"
"Solid_List","Solid","fa:Solid","List","[fa:Solid_List]","fa:Solid_List:#2D8CFF","Solid List Solid List"
"Solid_ListAlt","Solid","fa:Solid","ListAlt","[fa:Solid_ListAlt]","fa:Solid_ListAlt:#2D8CFF","Solid ListAlt Solid ListAlt"
"Solid_ListMusic","Solid","fa:Solid","ListMusic","[fa:Solid_ListMusic]","fa:Solid_ListMusic:#2D8CFF","Solid ListMusic Solid ListMusic"
"Solid_ListOl","Solid","fa:Solid","ListOl","[fa:Solid_ListOl]","fa:Solid_ListOl:#2D8CFF","Solid ListOl Solid ListOl"
"Solid_ListUl","Solid","fa:Solid","ListUl","[fa:Solid_ListUl]","fa:Solid_ListUl:#2D8CFF","Solid ListUl Solid ListUl"
"Solid_Location","Solid","fa:Solid","Location","[fa:Solid_Location]","fa:Solid_Location:#2D8CFF","Solid Location Solid Location"
"Solid_LocationArrow","Solid","fa:Solid","LocationArrow","[fa:Solid_LocationArrow]","fa:Solid_LocationArrow:#2D8CFF","Solid LocationArrow Solid LocationArrow"
"Solid_LocationCircle","Solid","fa:Solid","LocationCircle","[fa:Solid_LocationCircle]","fa:Solid_LocationCircle:#2D8CFF","Solid LocationCircle Solid LocationCircle"
"Solid_LocationSlash","Solid","fa:Solid","LocationSlash","[fa:Solid_LocationSlash]","fa:Solid_LocationSlash:#2D8CFF","Solid LocationSlash Solid LocationSlash"
"Solid_Lock","Solid","fa:Solid","Lock","[fa:Solid_Lock]","fa:Solid_Lock:#2D8CFF","Solid Lock Solid Lock"
"Solid_LockAlt","Solid","fa:Solid","LockAlt","[fa:Solid_LockAlt]","fa:Solid_LockAlt:#2D8CFF","Solid LockAlt Solid LockAlt"
"Solid_LockOpen","Solid","fa:Solid","LockOpen","[fa:Solid_LockOpen]","fa:Solid_LockOpen:#2D8CFF","Solid LockOpen Solid LockOpen"
"Solid_LockOpenAlt","Solid","fa:Solid","LockOpenAlt","[fa:Solid_LockOpenAlt]","fa:Solid_LockOpenAlt:#2D8CFF","Solid LockOpenAlt Solid LockOpenAlt"
"Solid_LongArrowAltDown","Solid","fa:Solid","LongArrowAltDown","[fa:Solid_LongArrowAltDown]","fa:Solid_LongArrowAltDown:#2D8CFF","Solid LongArrowAltDown Solid LongArrowAltDown"
"Solid_LongArrowAltLeft","Solid","fa:Solid","LongArrowAltLeft","[fa:Solid_LongArrowAltLeft]","fa:Solid_LongArrowAltLeft:#2D8CFF","Solid LongArrowAltLeft Solid LongArrowAltLeft"
"Solid_LongArrowAltRight","Solid","fa:Solid","LongArrowAltRight","[fa:Solid_LongArrowAltRight]","fa:Solid_LongArrowAltRight:#2D8CFF","Solid LongArrowAltRight Solid LongArrowAltRight"
"Solid_LongArrowAltUp","Solid","fa:Solid","LongArrowAltUp","[fa:Solid_LongArrowAltUp]","fa:Solid_LongArrowAltUp:#2D8CFF","Solid LongArrowAltUp Solid LongArrowAltUp"
"Solid_LongArrowDown","Solid","fa:Solid","LongArrowDown","[fa:Solid_LongArrowDown]","fa:Solid_LongArrowDown:#2D8CFF","Solid LongArrowDown Solid LongArrowDown"
"Solid_LongArrowLeft","Solid","fa:Solid","LongArrowLeft","[fa:Solid_LongArrowLeft]","fa:Solid_LongArrowLeft:#2D8CFF","Solid LongArrowLeft Solid LongArrowLeft"
"Solid_LongArrowRight","Solid","fa:Solid","LongArrowRight","[fa:Solid_LongArrowRight]","fa:Solid_LongArrowRight:#2D8CFF","Solid LongArrowRight Solid LongArrowRight"
"Solid_LongArrowUp","Solid","fa:Solid","LongArrowUp","[fa:Solid_LongArrowUp]","fa:Solid_LongArrowUp:#2D8CFF","Solid LongArrowUp Solid LongArrowUp"
"Solid_Loveseat","Solid","fa:Solid","Loveseat","[fa:Solid_Loveseat]","fa:Solid_Loveseat:#2D8CFF","Solid Loveseat Solid Loveseat"
"Solid_LowVision","Solid","fa:Solid","LowVision","[fa:Solid_LowVision]","fa:Solid_LowVision:#2D8CFF","Solid LowVision Solid LowVision"
"Solid_Luchador","Solid","fa:Solid","Luchador","[fa:Solid_Luchador]","fa:Solid_Luchador:#2D8CFF","Solid Luchador Solid Luchador"
"Solid_LuggageCart","Solid","fa:Solid","LuggageCart","[fa:Solid_LuggageCart]","fa:Solid_LuggageCart:#2D8CFF","Solid LuggageCart Solid LuggageCart"
"Solid_Lungs","Solid","fa:Solid","Lungs","[fa:Solid_Lungs]","fa:Solid_Lungs:#2D8CFF","Solid Lungs Solid Lungs"
"Solid_LungsVirus","Solid","fa:Solid","LungsVirus","[fa:Solid_LungsVirus]","fa:Solid_LungsVirus:#2D8CFF","Solid LungsVirus Solid LungsVirus"
"Solid_Mace","Solid","fa:Solid","Mace","[fa:Solid_Mace]","fa:Solid_Mace:#2D8CFF","Solid Mace Solid Mace"
"Solid_Magic","Solid","fa:Solid","Magic","[fa:Solid_Magic]","fa:Solid_Magic:#2D8CFF","Solid Magic Solid Magic"
"Solid_Magnet","Solid","fa:Solid","Magnet","[fa:Solid_Magnet]","fa:Solid_Magnet:#2D8CFF","Solid Magnet Solid Magnet"
"Solid_MailBulk","Solid","fa:Solid","MailBulk","[fa:Solid_MailBulk]","fa:Solid_MailBulk:#2D8CFF","Solid MailBulk Solid MailBulk"
"Solid_Mailbox","Solid","fa:Solid","Mailbox","[fa:Solid_Mailbox]","fa:Solid_Mailbox:#2D8CFF","Solid Mailbox Solid Mailbox"
"Solid_Male","Solid","fa:Solid","Male","[fa:Solid_Male]","fa:Solid_Male:#2D8CFF","Solid Male Solid Male"
"Solid_Mandolin","Solid","fa:Solid","Mandolin","[fa:Solid_Mandolin]","fa:Solid_Mandolin:#2D8CFF","Solid Mandolin Solid Mandolin"
"Solid_Map","Solid","fa:Solid","Map","[fa:Solid_Map]","fa:Solid_Map:#2D8CFF","Solid Map Solid Map"
"Solid_MapMarked","Solid","fa:Solid","MapMarked","[fa:Solid_MapMarked]","fa:Solid_MapMarked:#2D8CFF","Solid MapMarked Solid MapMarked"
"Solid_MapMarkedAlt","Solid","fa:Solid","MapMarkedAlt","[fa:Solid_MapMarkedAlt]","fa:Solid_MapMarkedAlt:#2D8CFF","Solid MapMarkedAlt Solid MapMarkedAlt"
"Solid_MapMarker","Solid","fa:Solid","MapMarker","[fa:Solid_MapMarker]","fa:Solid_MapMarker:#2D8CFF","Solid MapMarker Solid MapMarker"
"Solid_MapMarkerAlt","Solid","fa:Solid","MapMarkerAlt","[fa:Solid_MapMarkerAlt]","fa:Solid_MapMarkerAlt:#2D8CFF","Solid MapMarkerAlt Solid MapMarkerAlt"
"Solid_MapMarkerAltSlash","Solid","fa:Solid","MapMarkerAltSlash","[fa:Solid_MapMarkerAltSlash]","fa:Solid_MapMarkerAltSlash:#2D8CFF","Solid MapMarkerAltSlash Solid MapMarkerAltSlash"
"Solid_MapMarkerCheck","Solid","fa:Solid","MapMarkerCheck","[fa:Solid_MapMarkerCheck]","fa:Solid_MapMarkerCheck:#2D8CFF","Solid MapMarkerCheck Solid MapMarkerCheck"
"Solid_MapMarkerEdit","Solid","fa:Solid","MapMarkerEdit","[fa:Solid_MapMarkerEdit]","fa:Solid_MapMarkerEdit:#2D8CFF","Solid MapMarkerEdit Solid MapMarkerEdit"
"Solid_MapMarkerExclamation","Solid","fa:Solid","MapMarkerExclamation","[fa:Solid_MapMarkerExclamation]","fa:Solid_MapMarkerExclamation:#2D8CFF","Solid MapMarkerExclamation Solid MapMarkerExclamation"
"Solid_MapMarkerMinus","Solid","fa:Solid","MapMarkerMinus","[fa:Solid_MapMarkerMinus]","fa:Solid_MapMarkerMinus:#2D8CFF","Solid MapMarkerMinus Solid MapMarkerMinus"
"Solid_MapMarkerPlus","Solid","fa:Solid","MapMarkerPlus","[fa:Solid_MapMarkerPlus]","fa:Solid_MapMarkerPlus:#2D8CFF","Solid MapMarkerPlus Solid MapMarkerPlus"
"Solid_MapMarkerQuestion","Solid","fa:Solid","MapMarkerQuestion","[fa:Solid_MapMarkerQuestion]","fa:Solid_MapMarkerQuestion:#2D8CFF","Solid MapMarkerQuestion Solid MapMarkerQuestion"
"Solid_MapMarkerSlash","Solid","fa:Solid","MapMarkerSlash","[fa:Solid_MapMarkerSlash]","fa:Solid_MapMarkerSlash:#2D8CFF","Solid MapMarkerSlash Solid MapMarkerSlash"
"Solid_MapMarkerSmile","Solid","fa:Solid","MapMarkerSmile","[fa:Solid_MapMarkerSmile]","fa:Solid_MapMarkerSmile:#2D8CFF","Solid MapMarkerSmile Solid MapMarkerSmile"
"Solid_MapMarkerTimes","Solid","fa:Solid","MapMarkerTimes","[fa:Solid_MapMarkerTimes]","fa:Solid_MapMarkerTimes:#2D8CFF","Solid MapMarkerTimes Solid MapMarkerTimes"
"Solid_MapPin","Solid","fa:Solid","MapPin","[fa:Solid_MapPin]","fa:Solid_MapPin:#2D8CFF","Solid MapPin Solid MapPin"
"Solid_MapSigns","Solid","fa:Solid","MapSigns","[fa:Solid_MapSigns]","fa:Solid_MapSigns:#2D8CFF","Solid MapSigns Solid MapSigns"
"Solid_Marker","Solid","fa:Solid","Marker","[fa:Solid_Marker]","fa:Solid_Marker:#2D8CFF","Solid Marker Solid Marker"
"Solid_Mars","Solid","fa:Solid","Mars","[fa:Solid_Mars]","fa:Solid_Mars:#2D8CFF","Solid Mars Solid Mars"
"Solid_MarsDouble","Solid","fa:Solid","MarsDouble","[fa:Solid_MarsDouble]","fa:Solid_MarsDouble:#2D8CFF","Solid MarsDouble Solid MarsDouble"
"Solid_MarsStroke","Solid","fa:Solid","MarsStroke","[fa:Solid_MarsStroke]","fa:Solid_MarsStroke:#2D8CFF","Solid MarsStroke Solid MarsStroke"
"Solid_MarsStrokeH","Solid","fa:Solid","MarsStrokeH","[fa:Solid_MarsStrokeH]","fa:Solid_MarsStrokeH:#2D8CFF","Solid MarsStrokeH Solid MarsStrokeH"
"Solid_MarsStrokeV","Solid","fa:Solid","MarsStrokeV","[fa:Solid_MarsStrokeV]","fa:Solid_MarsStrokeV:#2D8CFF","Solid MarsStrokeV Solid MarsStrokeV"
"Solid_Mask","Solid","fa:Solid","Mask","[fa:Solid_Mask]","fa:Solid_Mask:#2D8CFF","Solid Mask Solid Mask"
"Solid_Meat","Solid","fa:Solid","Meat","[fa:Solid_Meat]","fa:Solid_Meat:#2D8CFF","Solid Meat Solid Meat"
"Solid_Medal","Solid","fa:Solid","Medal","[fa:Solid_Medal]","fa:Solid_Medal:#2D8CFF","Solid Medal Solid Medal"
"Solid_Medkit","Solid","fa:Solid","Medkit","[fa:Solid_Medkit]","fa:Solid_Medkit:#2D8CFF","Solid Medkit Solid Medkit"
"Solid_Megaphone","Solid","fa:Solid","Megaphone","[fa:Solid_Megaphone]","fa:Solid_Megaphone:#2D8CFF","Solid Megaphone Solid Megaphone"
"Solid_Meh","Solid","fa:Solid","Meh","[fa:Solid_Meh]","fa:Solid_Meh:#2D8CFF","Solid Meh Solid Meh"
"Solid_MehBlank","Solid","fa:Solid","MehBlank","[fa:Solid_MehBlank]","fa:Solid_MehBlank:#2D8CFF","Solid MehBlank Solid MehBlank"
"Solid_MehRollingEyes","Solid","fa:Solid","MehRollingEyes","[fa:Solid_MehRollingEyes]","fa:Solid_MehRollingEyes:#2D8CFF","Solid MehRollingEyes Solid MehRollingEyes"
"Solid_Memory","Solid","fa:Solid","Memory","[fa:Solid_Memory]","fa:Solid_Memory:#2D8CFF","Solid Memory Solid Memory"
"Solid_Menorah","Solid","fa:Solid","Menorah","[fa:Solid_Menorah]","fa:Solid_Menorah:#2D8CFF","Solid Menorah Solid Menorah"
"Solid_Mercury","Solid","fa:Solid","Mercury","[fa:Solid_Mercury]","fa:Solid_Mercury:#2D8CFF","Solid Mercury Solid Mercury"
"Solid_Meteor","Solid","fa:Solid","Meteor","[fa:Solid_Meteor]","fa:Solid_Meteor:#2D8CFF","Solid Meteor Solid Meteor"
"Solid_Microchip","Solid","fa:Solid","Microchip","[fa:Solid_Microchip]","fa:Solid_Microchip:#2D8CFF","Solid Microchip Solid Microchip"
"Solid_Microphone","Solid","fa:Solid","Microphone","[fa:Solid_Microphone]","fa:Solid_Microphone:#2D8CFF","Solid Microphone Solid Microphone"
"Solid_MicrophoneAlt","Solid","fa:Solid","MicrophoneAlt","[fa:Solid_MicrophoneAlt]","fa:Solid_MicrophoneAlt:#2D8CFF","Solid MicrophoneAlt Solid MicrophoneAlt"
"Solid_MicrophoneAltSlash","Solid","fa:Solid","MicrophoneAltSlash","[fa:Solid_MicrophoneAltSlash]","fa:Solid_MicrophoneAltSlash:#2D8CFF","Solid MicrophoneAltSlash Solid MicrophoneAltSlash"
"Solid_MicrophoneSlash","Solid","fa:Solid","MicrophoneSlash","[fa:Solid_MicrophoneSlash]","fa:Solid_MicrophoneSlash:#2D8CFF","Solid MicrophoneSlash Solid MicrophoneSlash"
"Solid_MicrophoneStand","Solid","fa:Solid","MicrophoneStand","[fa:Solid_MicrophoneStand]","fa:Solid_MicrophoneStand:#2D8CFF","Solid MicrophoneStand Solid MicrophoneStand"
"Solid_Microscope","Solid","fa:Solid","Microscope","[fa:Solid_Microscope]","fa:Solid_Microscope:#2D8CFF","Solid Microscope Solid Microscope"
"Solid_Microwave","Solid","fa:Solid","Microwave","[fa:Solid_Microwave]","fa:Solid_Microwave:#2D8CFF","Solid Microwave Solid Microwave"
"Solid_MindShare","Solid","fa:Solid","MindShare","[fa:Solid_MindShare]","fa:Solid_MindShare:#2D8CFF","Solid MindShare Solid MindShare"
"Solid_Minus","Solid","fa:Solid","Minus","[fa:Solid_Minus]","fa:Solid_Minus:#2D8CFF","Solid Minus Solid Minus"
"Solid_MinusCircle","Solid","fa:Solid","MinusCircle","[fa:Solid_MinusCircle]","fa:Solid_MinusCircle:#2D8CFF","Solid MinusCircle Solid MinusCircle"
"Solid_MinusHexagon","Solid","fa:Solid","MinusHexagon","[fa:Solid_MinusHexagon]","fa:Solid_MinusHexagon:#2D8CFF","Solid MinusHexagon Solid MinusHexagon"
"Solid_MinusOctagon","Solid","fa:Solid","MinusOctagon","[fa:Solid_MinusOctagon]","fa:Solid_MinusOctagon:#2D8CFF","Solid MinusOctagon Solid MinusOctagon"
"Solid_MinusSquare","Solid","fa:Solid","MinusSquare","[fa:Solid_MinusSquare]","fa:Solid_MinusSquare:#2D8CFF","Solid MinusSquare Solid MinusSquare"
"Solid_Mistletoe","Solid","fa:Solid","Mistletoe","[fa:Solid_Mistletoe]","fa:Solid_Mistletoe:#2D8CFF","Solid Mistletoe Solid Mistletoe"
"Solid_Mitten","Solid","fa:Solid","Mitten","[fa:Solid_Mitten]","fa:Solid_Mitten:#2D8CFF","Solid Mitten Solid Mitten"
"Solid_Mobile","Solid","fa:Solid","Mobile","[fa:Solid_Mobile]","fa:Solid_Mobile:#2D8CFF","Solid Mobile Solid Mobile"
"Solid_MobileAlt","Solid","fa:Solid","MobileAlt","[fa:Solid_MobileAlt]","fa:Solid_MobileAlt:#2D8CFF","Solid MobileAlt Solid MobileAlt"
"Solid_MobileAndroid","Solid","fa:Solid","MobileAndroid","[fa:Solid_MobileAndroid]","fa:Solid_MobileAndroid:#2D8CFF","Solid MobileAndroid Solid MobileAndroid"
"Solid_MobileAndroidAlt","Solid","fa:Solid","MobileAndroidAlt","[fa:Solid_MobileAndroidAlt]","fa:Solid_MobileAndroidAlt:#2D8CFF","Solid MobileAndroidAlt Solid MobileAndroidAlt"
"Solid_MoneyBill","Solid","fa:Solid","MoneyBill","[fa:Solid_MoneyBill]","fa:Solid_MoneyBill:#2D8CFF","Solid MoneyBill Solid MoneyBill"
"Solid_MoneyBillAlt","Solid","fa:Solid","MoneyBillAlt","[fa:Solid_MoneyBillAlt]","fa:Solid_MoneyBillAlt:#2D8CFF","Solid MoneyBillAlt Solid MoneyBillAlt"
"Solid_MoneyBillWave","Solid","fa:Solid","MoneyBillWave","[fa:Solid_MoneyBillWave]","fa:Solid_MoneyBillWave:#2D8CFF","Solid MoneyBillWave Solid MoneyBillWave"
"Solid_MoneyBillWaveAlt","Solid","fa:Solid","MoneyBillWaveAlt","[fa:Solid_MoneyBillWaveAlt]","fa:Solid_MoneyBillWaveAlt:#2D8CFF","Solid MoneyBillWaveAlt Solid MoneyBillWaveAlt"
"Solid_MoneyCheck","Solid","fa:Solid","MoneyCheck","[fa:Solid_MoneyCheck]","fa:Solid_MoneyCheck:#2D8CFF","Solid MoneyCheck Solid MoneyCheck"
"Solid_MoneyCheckAlt","Solid","fa:Solid","MoneyCheckAlt","[fa:Solid_MoneyCheckAlt]","fa:Solid_MoneyCheckAlt:#2D8CFF","Solid MoneyCheckAlt Solid MoneyCheckAlt"
"Solid_MoneyCheckEdit","Solid","fa:Solid","MoneyCheckEdit","[fa:Solid_MoneyCheckEdit]","fa:Solid_MoneyCheckEdit:#2D8CFF","Solid MoneyCheckEdit Solid MoneyCheckEdit"
"Solid_MoneyCheckEditAlt","Solid","fa:Solid","MoneyCheckEditAlt","[fa:Solid_MoneyCheckEditAlt]","fa:Solid_MoneyCheckEditAlt:#2D8CFF","Solid MoneyCheckEditAlt Solid MoneyCheckEditAlt"
"Solid_MonitorHeartRate","Solid","fa:Solid","MonitorHeartRate","[fa:Solid_MonitorHeartRate]","fa:Solid_MonitorHeartRate:#2D8CFF","Solid MonitorHeartRate Solid MonitorHeartRate"
"Solid_Monkey","Solid","fa:Solid","Monkey","[fa:Solid_Monkey]","fa:Solid_Monkey:#2D8CFF","Solid Monkey Solid Monkey"
"Solid_Monument","Solid","fa:Solid","Monument","[fa:Solid_Monument]","fa:Solid_Monument:#2D8CFF","Solid Monument Solid Monument"
"Solid_Moon","Solid","fa:Solid","Moon","[fa:Solid_Moon]","fa:Solid_Moon:#2D8CFF","Solid Moon Solid Moon"
"Solid_MoonCloud","Solid","fa:Solid","MoonCloud","[fa:Solid_MoonCloud]","fa:Solid_MoonCloud:#2D8CFF","Solid MoonCloud Solid MoonCloud"
"Solid_MoonStars","Solid","fa:Solid","MoonStars","[fa:Solid_MoonStars]","fa:Solid_MoonStars:#2D8CFF","Solid MoonStars Solid MoonStars"
"Solid_MortarPestle","Solid","fa:Solid","MortarPestle","[fa:Solid_MortarPestle]","fa:Solid_MortarPestle:#2D8CFF","Solid MortarPestle Solid MortarPestle"
"Solid_Mosque","Solid","fa:Solid","Mosque","[fa:Solid_Mosque]","fa:Solid_Mosque:#2D8CFF","Solid Mosque Solid Mosque"
"Solid_Motorcycle","Solid","fa:Solid","Motorcycle","[fa:Solid_Motorcycle]","fa:Solid_Motorcycle:#2D8CFF","Solid Motorcycle Solid Motorcycle"
"Solid_Mountain","Solid","fa:Solid","Mountain","[fa:Solid_Mountain]","fa:Solid_Mountain:#2D8CFF","Solid Mountain Solid Mountain"
"Solid_Mountains","Solid","fa:Solid","Mountains","[fa:Solid_Mountains]","fa:Solid_Mountains:#2D8CFF","Solid Mountains Solid Mountains"
"Solid_Mouse","Solid","fa:Solid","Mouse","[fa:Solid_Mouse]","fa:Solid_Mouse:#2D8CFF","Solid Mouse Solid Mouse"
"Solid_MouseAlt","Solid","fa:Solid","MouseAlt","[fa:Solid_MouseAlt]","fa:Solid_MouseAlt:#2D8CFF","Solid MouseAlt Solid MouseAlt"
"Solid_MousePointer","Solid","fa:Solid","MousePointer","[fa:Solid_MousePointer]","fa:Solid_MousePointer:#2D8CFF","Solid MousePointer Solid MousePointer"
"Solid_Mp3Player","Solid","fa:Solid","Mp3Player","[fa:Solid_Mp3Player]","fa:Solid_Mp3Player:#2D8CFF","Solid Mp3Player Solid Mp3Player"
"Solid_Mug","Solid","fa:Solid","Mug","[fa:Solid_Mug]","fa:Solid_Mug:#2D8CFF","Solid Mug Solid Mug"
"Solid_MugHot","Solid","fa:Solid","MugHot","[fa:Solid_MugHot]","fa:Solid_MugHot:#2D8CFF","Solid MugHot Solid MugHot"
"Solid_MugMarshmallows","Solid","fa:Solid","MugMarshmallows","[fa:Solid_MugMarshmallows]","fa:Solid_MugMarshmallows:#2D8CFF","Solid MugMarshmallows Solid MugMarshmallows"
"Solid_MugTea","Solid","fa:Solid","MugTea","[fa:Solid_MugTea]","fa:Solid_MugTea:#2D8CFF","Solid MugTea Solid MugTea"
"Solid_Music","Solid","fa:Solid","Music","[fa:Solid_Music]","fa:Solid_Music:#2D8CFF","Solid Music Solid Music"
"Solid_MusicAlt","Solid","fa:Solid","MusicAlt","[fa:Solid_MusicAlt]","fa:Solid_MusicAlt:#2D8CFF","Solid MusicAlt Solid MusicAlt"
"Solid_MusicAltSlash","Solid","fa:Solid","MusicAltSlash","[fa:Solid_MusicAltSlash]","fa:Solid_MusicAltSlash:#2D8CFF","Solid MusicAltSlash Solid MusicAltSlash"
"Solid_MusicSlash","Solid","fa:Solid","MusicSlash","[fa:Solid_MusicSlash]","fa:Solid_MusicSlash:#2D8CFF","Solid MusicSlash Solid MusicSlash"
"Solid_Narwhal","Solid","fa:Solid","Narwhal","[fa:Solid_Narwhal]","fa:Solid_Narwhal:#2D8CFF","Solid Narwhal Solid Narwhal"
"Solid_NetworkWired","Solid","fa:Solid","NetworkWired","[fa:Solid_NetworkWired]","fa:Solid_NetworkWired:#2D8CFF","Solid NetworkWired Solid NetworkWired"
"Solid_Neuter","Solid","fa:Solid","Neuter","[fa:Solid_Neuter]","fa:Solid_Neuter:#2D8CFF","Solid Neuter Solid Neuter"
"Solid_Newspaper","Solid","fa:Solid","Newspaper","[fa:Solid_Newspaper]","fa:Solid_Newspaper:#2D8CFF","Solid Newspaper Solid Newspaper"
"Solid_NotEqual","Solid","fa:Solid","NotEqual","[fa:Solid_NotEqual]","fa:Solid_NotEqual:#2D8CFF","Solid NotEqual Solid NotEqual"
"Solid_NotesMedical","Solid","fa:Solid","NotesMedical","[fa:Solid_NotesMedical]","fa:Solid_NotesMedical:#2D8CFF","Solid NotesMedical Solid NotesMedical"
"Solid_ObjectGroup","Solid","fa:Solid","ObjectGroup","[fa:Solid_ObjectGroup]","fa:Solid_ObjectGroup:#2D8CFF","Solid ObjectGroup Solid ObjectGroup"
"Solid_ObjectUngroup","Solid","fa:Solid","ObjectUngroup","[fa:Solid_ObjectUngroup]","fa:Solid_ObjectUngroup:#2D8CFF","Solid ObjectUngroup Solid ObjectUngroup"
"Solid_Octagon","Solid","fa:Solid","Octagon","[fa:Solid_Octagon]","fa:Solid_Octagon:#2D8CFF","Solid Octagon Solid Octagon"
"Solid_OilCan","Solid","fa:Solid","OilCan","[fa:Solid_OilCan]","fa:Solid_OilCan:#2D8CFF","Solid OilCan Solid OilCan"
"Solid_OilTemp","Solid","fa:Solid","OilTemp","[fa:Solid_OilTemp]","fa:Solid_OilTemp:#2D8CFF","Solid OilTemp Solid OilTemp"
"Solid_Om","Solid","fa:Solid","Om","[fa:Solid_Om]","fa:Solid_Om:#2D8CFF","Solid Om Solid Om"
"Solid_Omega","Solid","fa:Solid","Omega","[fa:Solid_Omega]","fa:Solid_Omega:#2D8CFF","Solid Omega Solid Omega"
"Solid_Ornament","Solid","fa:Solid","Ornament","[fa:Solid_Ornament]","fa:Solid_Ornament:#2D8CFF","Solid Ornament Solid Ornament"
"Solid_Otter","Solid","fa:Solid","Otter","[fa:Solid_Otter]","fa:Solid_Otter:#2D8CFF","Solid Otter Solid Otter"
"Solid_Outdent","Solid","fa:Solid","Outdent","[fa:Solid_Outdent]","fa:Solid_Outdent:#2D8CFF","Solid Outdent Solid Outdent"
"Solid_Outlet","Solid","fa:Solid","Outlet","[fa:Solid_Outlet]","fa:Solid_Outlet:#2D8CFF","Solid Outlet Solid Outlet"
"Solid_Oven","Solid","fa:Solid","Oven","[fa:Solid_Oven]","fa:Solid_Oven:#2D8CFF","Solid Oven Solid Oven"
"Solid_Overline","Solid","fa:Solid","Overline","[fa:Solid_Overline]","fa:Solid_Overline:#2D8CFF","Solid Overline Solid Overline"
"Solid_PageBreak","Solid","fa:Solid","PageBreak","[fa:Solid_PageBreak]","fa:Solid_PageBreak:#2D8CFF","Solid PageBreak Solid PageBreak"
"Solid_Pager","Solid","fa:Solid","Pager","[fa:Solid_Pager]","fa:Solid_Pager:#2D8CFF","Solid Pager Solid Pager"
"Solid_PaintBrush","Solid","fa:Solid","PaintBrush","[fa:Solid_PaintBrush]","fa:Solid_PaintBrush:#2D8CFF","Solid PaintBrush Solid PaintBrush"
"Solid_PaintBrushAlt","Solid","fa:Solid","PaintBrushAlt","[fa:Solid_PaintBrushAlt]","fa:Solid_PaintBrushAlt:#2D8CFF","Solid PaintBrushAlt Solid PaintBrushAlt"
"Solid_PaintRoller","Solid","fa:Solid","PaintRoller","[fa:Solid_PaintRoller]","fa:Solid_PaintRoller:#2D8CFF","Solid PaintRoller Solid PaintRoller"
"Solid_Palette","Solid","fa:Solid","Palette","[fa:Solid_Palette]","fa:Solid_Palette:#2D8CFF","Solid Palette Solid Palette"
"Solid_Pallet","Solid","fa:Solid","Pallet","[fa:Solid_Pallet]","fa:Solid_Pallet:#2D8CFF","Solid Pallet Solid Pallet"
"Solid_PalletAlt","Solid","fa:Solid","PalletAlt","[fa:Solid_PalletAlt]","fa:Solid_PalletAlt:#2D8CFF","Solid PalletAlt Solid PalletAlt"
"Solid_PaperPlane","Solid","fa:Solid","PaperPlane","[fa:Solid_PaperPlane]","fa:Solid_PaperPlane:#2D8CFF","Solid PaperPlane Solid PaperPlane"
"Solid_Paperclip","Solid","fa:Solid","Paperclip","[fa:Solid_Paperclip]","fa:Solid_Paperclip:#2D8CFF","Solid Paperclip Solid Paperclip"
"Solid_ParachuteBox","Solid","fa:Solid","ParachuteBox","[fa:Solid_ParachuteBox]","fa:Solid_ParachuteBox:#2D8CFF","Solid ParachuteBox Solid ParachuteBox"
"Solid_Paragraph","Solid","fa:Solid","Paragraph","[fa:Solid_Paragraph]","fa:Solid_Paragraph:#2D8CFF","Solid Paragraph Solid Paragraph"
"Solid_ParagraphRtl","Solid","fa:Solid","ParagraphRtl","[fa:Solid_ParagraphRtl]","fa:Solid_ParagraphRtl:#2D8CFF","Solid ParagraphRtl Solid ParagraphRtl"
"Solid_Parking","Solid","fa:Solid","Parking","[fa:Solid_Parking]","fa:Solid_Parking:#2D8CFF","Solid Parking Solid Parking"
"Solid_ParkingCircle","Solid","fa:Solid","ParkingCircle","[fa:Solid_ParkingCircle]","fa:Solid_ParkingCircle:#2D8CFF","Solid ParkingCircle Solid ParkingCircle"
"Solid_ParkingCircleSlash","Solid","fa:Solid","ParkingCircleSlash","[fa:Solid_ParkingCircleSlash]","fa:Solid_ParkingCircleSlash:#2D8CFF","Solid ParkingCircleSlash Solid ParkingCircleSlash"
"Solid_ParkingSlash","Solid","fa:Solid","ParkingSlash","[fa:Solid_ParkingSlash]","fa:Solid_ParkingSlash:#2D8CFF","Solid ParkingSlash Solid ParkingSlash"
"Solid_Passport","Solid","fa:Solid","Passport","[fa:Solid_Passport]","fa:Solid_Passport:#2D8CFF","Solid Passport Solid Passport"
"Solid_Pastafarianism","Solid","fa:Solid","Pastafarianism","[fa:Solid_Pastafarianism]","fa:Solid_Pastafarianism:#2D8CFF","Solid Pastafarianism Solid Pastafarianism"
"Solid_Paste","Solid","fa:Solid","Paste","[fa:Solid_Paste]","fa:Solid_Paste:#2D8CFF","Solid Paste Solid Paste"
"Solid_Pause","Solid","fa:Solid","Pause","[fa:Solid_Pause]","fa:Solid_Pause:#2D8CFF","Solid Pause Solid Pause"
"Solid_PauseCircle","Solid","fa:Solid","PauseCircle","[fa:Solid_PauseCircle]","fa:Solid_PauseCircle:#2D8CFF","Solid PauseCircle Solid PauseCircle"
"Solid_Paw","Solid","fa:Solid","Paw","[fa:Solid_Paw]","fa:Solid_Paw:#2D8CFF","Solid Paw Solid Paw"
"Solid_PawAlt","Solid","fa:Solid","PawAlt","[fa:Solid_PawAlt]","fa:Solid_PawAlt:#2D8CFF","Solid PawAlt Solid PawAlt"
"Solid_PawClaws","Solid","fa:Solid","PawClaws","[fa:Solid_PawClaws]","fa:Solid_PawClaws:#2D8CFF","Solid PawClaws Solid PawClaws"
"Solid_Peace","Solid","fa:Solid","Peace","[fa:Solid_Peace]","fa:Solid_Peace:#2D8CFF","Solid Peace Solid Peace"
"Solid_Pegasus","Solid","fa:Solid","Pegasus","[fa:Solid_Pegasus]","fa:Solid_Pegasus:#2D8CFF","Solid Pegasus Solid Pegasus"
"Solid_Pen","Solid","fa:Solid","Pen","[fa:Solid_Pen]","fa:Solid_Pen:#2D8CFF","Solid Pen Solid Pen"
"Solid_PenAlt","Solid","fa:Solid","PenAlt","[fa:Solid_PenAlt]","fa:Solid_PenAlt:#2D8CFF","Solid PenAlt Solid PenAlt"
"Solid_PenFancy","Solid","fa:Solid","PenFancy","[fa:Solid_PenFancy]","fa:Solid_PenFancy:#2D8CFF","Solid PenFancy Solid PenFancy"
"Solid_PenNib","Solid","fa:Solid","PenNib","[fa:Solid_PenNib]","fa:Solid_PenNib:#2D8CFF","Solid PenNib Solid PenNib"
"Solid_PenSquare","Solid","fa:Solid","PenSquare","[fa:Solid_PenSquare]","fa:Solid_PenSquare:#2D8CFF","Solid PenSquare Solid PenSquare"
"Solid_Pencil","Solid","fa:Solid","Pencil","[fa:Solid_Pencil]","fa:Solid_Pencil:#2D8CFF","Solid Pencil Solid Pencil"
"Solid_PencilAlt","Solid","fa:Solid","PencilAlt","[fa:Solid_PencilAlt]","fa:Solid_PencilAlt:#2D8CFF","Solid PencilAlt Solid PencilAlt"
"Solid_PencilPaintbrush","Solid","fa:Solid","PencilPaintbrush","[fa:Solid_PencilPaintbrush]","fa:Solid_PencilPaintbrush:#2D8CFF","Solid PencilPaintbrush Solid PencilPaintbrush"
"Solid_PencilRuler","Solid","fa:Solid","PencilRuler","[fa:Solid_PencilRuler]","fa:Solid_PencilRuler:#2D8CFF","Solid PencilRuler Solid PencilRuler"
"Solid_Pennant","Solid","fa:Solid","Pennant","[fa:Solid_Pennant]","fa:Solid_Pennant:#2D8CFF","Solid Pennant Solid Pennant"
"Solid_PeopleArrows","Solid","fa:Solid","PeopleArrows","[fa:Solid_PeopleArrows]","fa:Solid_PeopleArrows:#2D8CFF","Solid PeopleArrows Solid PeopleArrows"
"Solid_PeopleCarry","Solid","fa:Solid","PeopleCarry","[fa:Solid_PeopleCarry]","fa:Solid_PeopleCarry:#2D8CFF","Solid PeopleCarry Solid PeopleCarry"
"Solid_PepperHot","Solid","fa:Solid","PepperHot","[fa:Solid_PepperHot]","fa:Solid_PepperHot:#2D8CFF","Solid PepperHot Solid PepperHot"
"Solid_Percent","Solid","fa:Solid","Percent","[fa:Solid_Percent]","fa:Solid_Percent:#2D8CFF","Solid Percent Solid Percent"
"Solid_Percentage","Solid","fa:Solid","Percentage","[fa:Solid_Percentage]","fa:Solid_Percentage:#2D8CFF","Solid Percentage Solid Percentage"
"Solid_PersonBooth","Solid","fa:Solid","PersonBooth","[fa:Solid_PersonBooth]","fa:Solid_PersonBooth:#2D8CFF","Solid PersonBooth Solid PersonBooth"
"Solid_PersonCarry","Solid","fa:Solid","PersonCarry","[fa:Solid_PersonCarry]","fa:Solid_PersonCarry:#2D8CFF","Solid PersonCarry Solid PersonCarry"
"Solid_PersonDolly","Solid","fa:Solid","PersonDolly","[fa:Solid_PersonDolly]","fa:Solid_PersonDolly:#2D8CFF","Solid PersonDolly Solid PersonDolly"
"Solid_PersonDollyEmpty","Solid","fa:Solid","PersonDollyEmpty","[fa:Solid_PersonDollyEmpty]","fa:Solid_PersonDollyEmpty:#2D8CFF","Solid PersonDollyEmpty Solid PersonDollyEmpty"
"Solid_PersonSign","Solid","fa:Solid","PersonSign","[fa:Solid_PersonSign]","fa:Solid_PersonSign:#2D8CFF","Solid PersonSign Solid PersonSign"
"Solid_Phone","Solid","fa:Solid","Phone","[fa:Solid_Phone]","fa:Solid_Phone:#2D8CFF","Solid Phone Solid Phone"
"Solid_PhoneAlt","Solid","fa:Solid","PhoneAlt","[fa:Solid_PhoneAlt]","fa:Solid_PhoneAlt:#2D8CFF","Solid PhoneAlt Solid PhoneAlt"
"Solid_PhoneLaptop","Solid","fa:Solid","PhoneLaptop","[fa:Solid_PhoneLaptop]","fa:Solid_PhoneLaptop:#2D8CFF","Solid PhoneLaptop Solid PhoneLaptop"
"Solid_PhoneOffice","Solid","fa:Solid","PhoneOffice","[fa:Solid_PhoneOffice]","fa:Solid_PhoneOffice:#2D8CFF","Solid PhoneOffice Solid PhoneOffice"
"Solid_PhonePlus","Solid","fa:Solid","PhonePlus","[fa:Solid_PhonePlus]","fa:Solid_PhonePlus:#2D8CFF","Solid PhonePlus Solid PhonePlus"
"Solid_PhoneRotary","Solid","fa:Solid","PhoneRotary","[fa:Solid_PhoneRotary]","fa:Solid_PhoneRotary:#2D8CFF","Solid PhoneRotary Solid PhoneRotary"
"Solid_PhoneSlash","Solid","fa:Solid","PhoneSlash","[fa:Solid_PhoneSlash]","fa:Solid_PhoneSlash:#2D8CFF","Solid PhoneSlash Solid PhoneSlash"
"Solid_PhoneSquare","Solid","fa:Solid","PhoneSquare","[fa:Solid_PhoneSquare]","fa:Solid_PhoneSquare:#2D8CFF","Solid PhoneSquare Solid PhoneSquare"
"Solid_PhoneSquareAlt","Solid","fa:Solid","PhoneSquareAlt","[fa:Solid_PhoneSquareAlt]","fa:Solid_PhoneSquareAlt:#2D8CFF","Solid PhoneSquareAlt Solid PhoneSquareAlt"
"Solid_PhoneVolume","Solid","fa:Solid","PhoneVolume","[fa:Solid_PhoneVolume]","fa:Solid_PhoneVolume:#2D8CFF","Solid PhoneVolume Solid PhoneVolume"
"Solid_PhotoVideo","Solid","fa:Solid","PhotoVideo","[fa:Solid_PhotoVideo]","fa:Solid_PhotoVideo:#2D8CFF","Solid PhotoVideo Solid PhotoVideo"
"Solid_Pi","Solid","fa:Solid","Pi","[fa:Solid_Pi]","fa:Solid_Pi:#2D8CFF","Solid Pi Solid Pi"
"Solid_Piano","Solid","fa:Solid","Piano","[fa:Solid_Piano]","fa:Solid_Piano:#2D8CFF","Solid Piano Solid Piano"
"Solid_PianoKeyboard","Solid","fa:Solid","PianoKeyboard","[fa:Solid_PianoKeyboard]","fa:Solid_PianoKeyboard:#2D8CFF","Solid PianoKeyboard Solid PianoKeyboard"
"Solid_Pie","Solid","fa:Solid","Pie","[fa:Solid_Pie]","fa:Solid_Pie:#2D8CFF","Solid Pie Solid Pie"
"Solid_Pig","Solid","fa:Solid","Pig","[fa:Solid_Pig]","fa:Solid_Pig:#2D8CFF","Solid Pig Solid Pig"
"Solid_PiggyBank","Solid","fa:Solid","PiggyBank","[fa:Solid_PiggyBank]","fa:Solid_PiggyBank:#2D8CFF","Solid PiggyBank Solid PiggyBank"
"Solid_Pills","Solid","fa:Solid","Pills","[fa:Solid_Pills]","fa:Solid_Pills:#2D8CFF","Solid Pills Solid Pills"
"Solid_Pizza","Solid","fa:Solid","Pizza","[fa:Solid_Pizza]","fa:Solid_Pizza:#2D8CFF","Solid Pizza Solid Pizza"
"Solid_PizzaSlice","Solid","fa:Solid","PizzaSlice","[fa:Solid_PizzaSlice]","fa:Solid_PizzaSlice:#2D8CFF","Solid PizzaSlice Solid PizzaSlice"
"Solid_PlaceOfWorship","Solid","fa:Solid","PlaceOfWorship","[fa:Solid_PlaceOfWorship]","fa:Solid_PlaceOfWorship:#2D8CFF","Solid PlaceOfWorship Solid PlaceOfWorship"
"Solid_Plane","Solid","fa:Solid","Plane","[fa:Solid_Plane]","fa:Solid_Plane:#2D8CFF","Solid Plane Solid Plane"
"Solid_PlaneAlt","Solid","fa:Solid","PlaneAlt","[fa:Solid_PlaneAlt]","fa:Solid_PlaneAlt:#2D8CFF","Solid PlaneAlt Solid PlaneAlt"
"Solid_PlaneArrival","Solid","fa:Solid","PlaneArrival","[fa:Solid_PlaneArrival]","fa:Solid_PlaneArrival:#2D8CFF","Solid PlaneArrival Solid PlaneArrival"
"Solid_PlaneDeparture","Solid","fa:Solid","PlaneDeparture","[fa:Solid_PlaneDeparture]","fa:Solid_PlaneDeparture:#2D8CFF","Solid PlaneDeparture Solid PlaneDeparture"
"Solid_PlaneSlash","Solid","fa:Solid","PlaneSlash","[fa:Solid_PlaneSlash]","fa:Solid_PlaneSlash:#2D8CFF","Solid PlaneSlash Solid PlaneSlash"
"Solid_PlanetMoon","Solid","fa:Solid","PlanetMoon","[fa:Solid_PlanetMoon]","fa:Solid_PlanetMoon:#2D8CFF","Solid PlanetMoon Solid PlanetMoon"
"Solid_PlanetRinged","Solid","fa:Solid","PlanetRinged","[fa:Solid_PlanetRinged]","fa:Solid_PlanetRinged:#2D8CFF","Solid PlanetRinged Solid PlanetRinged"
"Solid_Play","Solid","fa:Solid","Play","[fa:Solid_Play]","fa:Solid_Play:#2D8CFF","Solid Play Solid Play"
"Solid_PlayCircle","Solid","fa:Solid","PlayCircle","[fa:Solid_PlayCircle]","fa:Solid_PlayCircle:#2D8CFF","Solid PlayCircle Solid PlayCircle"
"Solid_Plug","Solid","fa:Solid","Plug","[fa:Solid_Plug]","fa:Solid_Plug:#2D8CFF","Solid Plug Solid Plug"
"Solid_Plus","Solid","fa:Solid","Plus","[fa:Solid_Plus]","fa:Solid_Plus:#2D8CFF","Solid Plus Solid Plus"
"Solid_PlusCircle","Solid","fa:Solid","PlusCircle","[fa:Solid_PlusCircle]","fa:Solid_PlusCircle:#2D8CFF","Solid PlusCircle Solid PlusCircle"
"Solid_PlusHexagon","Solid","fa:Solid","PlusHexagon","[fa:Solid_PlusHexagon]","fa:Solid_PlusHexagon:#2D8CFF","Solid PlusHexagon Solid PlusHexagon"
"Solid_PlusOctagon","Solid","fa:Solid","PlusOctagon","[fa:Solid_PlusOctagon]","fa:Solid_PlusOctagon:#2D8CFF","Solid PlusOctagon Solid PlusOctagon"
"Solid_PlusSquare","Solid","fa:Solid","PlusSquare","[fa:Solid_PlusSquare]","fa:Solid_PlusSquare:#2D8CFF","Solid PlusSquare Solid PlusSquare"
"Solid_Podcast","Solid","fa:Solid","Podcast","[fa:Solid_Podcast]","fa:Solid_Podcast:#2D8CFF","Solid Podcast Solid Podcast"
"Solid_Podium","Solid","fa:Solid","Podium","[fa:Solid_Podium]","fa:Solid_Podium:#2D8CFF","Solid Podium Solid Podium"
"Solid_PodiumStar","Solid","fa:Solid","PodiumStar","[fa:Solid_PodiumStar]","fa:Solid_PodiumStar:#2D8CFF","Solid PodiumStar Solid PodiumStar"
"Solid_PoliceBox","Solid","fa:Solid","PoliceBox","[fa:Solid_PoliceBox]","fa:Solid_PoliceBox:#2D8CFF","Solid PoliceBox Solid PoliceBox"
"Solid_Poll","Solid","fa:Solid","Poll","[fa:Solid_Poll]","fa:Solid_Poll:#2D8CFF","Solid Poll Solid Poll"
"Solid_PollH","Solid","fa:Solid","PollH","[fa:Solid_PollH]","fa:Solid_PollH:#2D8CFF","Solid PollH Solid PollH"
"Solid_PollPeople","Solid","fa:Solid","PollPeople","[fa:Solid_PollPeople]","fa:Solid_PollPeople:#2D8CFF","Solid PollPeople Solid PollPeople"
"Solid_Poo","Solid","fa:Solid","Poo","[fa:Solid_Poo]","fa:Solid_Poo:#2D8CFF","Solid Poo Solid Poo"
"Solid_PooStorm","Solid","fa:Solid","PooStorm","[fa:Solid_PooStorm]","fa:Solid_PooStorm:#2D8CFF","Solid PooStorm Solid PooStorm"
"Solid_Poop","Solid","fa:Solid","Poop","[fa:Solid_Poop]","fa:Solid_Poop:#2D8CFF","Solid Poop Solid Poop"
"Solid_Popcorn","Solid","fa:Solid","Popcorn","[fa:Solid_Popcorn]","fa:Solid_Popcorn:#2D8CFF","Solid Popcorn Solid Popcorn"
"Solid_PortalEnter","Solid","fa:Solid","PortalEnter","[fa:Solid_PortalEnter]","fa:Solid_PortalEnter:#2D8CFF","Solid PortalEnter Solid PortalEnter"
"Solid_PortalExit","Solid","fa:Solid","PortalExit","[fa:Solid_PortalExit]","fa:Solid_PortalExit:#2D8CFF","Solid PortalExit Solid PortalExit"
"Solid_Portrait","Solid","fa:Solid","Portrait","[fa:Solid_Portrait]","fa:Solid_Portrait:#2D8CFF","Solid Portrait Solid Portrait"
"Solid_PoundSign","Solid","fa:Solid","PoundSign","[fa:Solid_PoundSign]","fa:Solid_PoundSign:#2D8CFF","Solid PoundSign Solid PoundSign"
"Solid_PowerOff","Solid","fa:Solid","PowerOff","[fa:Solid_PowerOff]","fa:Solid_PowerOff:#2D8CFF","Solid PowerOff Solid PowerOff"
"Solid_Pray","Solid","fa:Solid","Pray","[fa:Solid_Pray]","fa:Solid_Pray:#2D8CFF","Solid Pray Solid Pray"
"Solid_PrayingHands","Solid","fa:Solid","PrayingHands","[fa:Solid_PrayingHands]","fa:Solid_PrayingHands:#2D8CFF","Solid PrayingHands Solid PrayingHands"
"Solid_Prescription","Solid","fa:Solid","Prescription","[fa:Solid_Prescription]","fa:Solid_Prescription:#2D8CFF","Solid Prescription Solid Prescription"
"Solid_PrescriptionBottle","Solid","fa:Solid","PrescriptionBottle","[fa:Solid_PrescriptionBottle]","fa:Solid_PrescriptionBottle:#2D8CFF","Solid PrescriptionBottle Solid PrescriptionBottle"
"Solid_PrescriptionBottleAlt","Solid","fa:Solid","PrescriptionBottleAlt","[fa:Solid_PrescriptionBottleAlt]","fa:Solid_PrescriptionBottleAlt:#2D8CFF","Solid PrescriptionBottleAlt Solid PrescriptionBottleAlt"
"Solid_Presentation","Solid","fa:Solid","Presentation","[fa:Solid_Presentation]","fa:Solid_Presentation:#2D8CFF","Solid Presentation Solid Presentation"
"Solid_Print","Solid","fa:Solid","Print","[fa:Solid_Print]","fa:Solid_Print:#2D8CFF","Solid Print Solid Print"
"Solid_PrintSearch","Solid","fa:Solid","PrintSearch","[fa:Solid_PrintSearch]","fa:Solid_PrintSearch:#2D8CFF","Solid PrintSearch Solid PrintSearch"
"Solid_PrintSlash","Solid","fa:Solid","PrintSlash","[fa:Solid_PrintSlash]","fa:Solid_PrintSlash:#2D8CFF","Solid PrintSlash Solid PrintSlash"
"Solid_Procedures","Solid","fa:Solid","Procedures","[fa:Solid_Procedures]","fa:Solid_Procedures:#2D8CFF","Solid Procedures Solid Procedures"
"Solid_ProjectDiagram","Solid","fa:Solid","ProjectDiagram","[fa:Solid_ProjectDiagram]","fa:Solid_ProjectDiagram:#2D8CFF","Solid ProjectDiagram Solid ProjectDiagram"
"Solid_Projector","Solid","fa:Solid","Projector","[fa:Solid_Projector]","fa:Solid_Projector:#2D8CFF","Solid Projector Solid Projector"
"Solid_PumpMedical","Solid","fa:Solid","PumpMedical","[fa:Solid_PumpMedical]","fa:Solid_PumpMedical:#2D8CFF","Solid PumpMedical Solid PumpMedical"
"Solid_PumpSoap","Solid","fa:Solid","PumpSoap","[fa:Solid_PumpSoap]","fa:Solid_PumpSoap:#2D8CFF","Solid PumpSoap Solid PumpSoap"
"Solid_Pumpkin","Solid","fa:Solid","Pumpkin","[fa:Solid_Pumpkin]","fa:Solid_Pumpkin:#2D8CFF","Solid Pumpkin Solid Pumpkin"
"Solid_PuzzlePiece","Solid","fa:Solid","PuzzlePiece","[fa:Solid_PuzzlePiece]","fa:Solid_PuzzlePiece:#2D8CFF","Solid PuzzlePiece Solid PuzzlePiece"
"Solid_Qrcode","Solid","fa:Solid","Qrcode","[fa:Solid_Qrcode]","fa:Solid_Qrcode:#2D8CFF","Solid Qrcode Solid Qrcode"
"Solid_Question","Solid","fa:Solid","Question","[fa:Solid_Question]","fa:Solid_Question:#2D8CFF","Solid Question Solid Question"
"Solid_QuestionCircle","Solid","fa:Solid","QuestionCircle","[fa:Solid_QuestionCircle]","fa:Solid_QuestionCircle:#2D8CFF","Solid QuestionCircle Solid QuestionCircle"
"Solid_QuestionSquare","Solid","fa:Solid","QuestionSquare","[fa:Solid_QuestionSquare]","fa:Solid_QuestionSquare:#2D8CFF","Solid QuestionSquare Solid QuestionSquare"
"Solid_Quidditch","Solid","fa:Solid","Quidditch","[fa:Solid_Quidditch]","fa:Solid_Quidditch:#2D8CFF","Solid Quidditch Solid Quidditch"
"Solid_QuoteLeft","Solid","fa:Solid","QuoteLeft","[fa:Solid_QuoteLeft]","fa:Solid_QuoteLeft:#2D8CFF","Solid QuoteLeft Solid QuoteLeft"
"Solid_QuoteRight","Solid","fa:Solid","QuoteRight","[fa:Solid_QuoteRight]","fa:Solid_QuoteRight:#2D8CFF","Solid QuoteRight Solid QuoteRight"
"Solid_Quran","Solid","fa:Solid","Quran","[fa:Solid_Quran]","fa:Solid_Quran:#2D8CFF","Solid Quran Solid Quran"
"Solid_Rabbit","Solid","fa:Solid","Rabbit","[fa:Solid_Rabbit]","fa:Solid_Rabbit:#2D8CFF","Solid Rabbit Solid Rabbit"
"Solid_RabbitFast","Solid","fa:Solid","RabbitFast","[fa:Solid_RabbitFast]","fa:Solid_RabbitFast:#2D8CFF","Solid RabbitFast Solid RabbitFast"
"Solid_Racquet","Solid","fa:Solid","Racquet","[fa:Solid_Racquet]","fa:Solid_Racquet:#2D8CFF","Solid Racquet Solid Racquet"
"Solid_Radar","Solid","fa:Solid","Radar","[fa:Solid_Radar]","fa:Solid_Radar:#2D8CFF","Solid Radar Solid Radar"
"Solid_Radiation","Solid","fa:Solid","Radiation","[fa:Solid_Radiation]","fa:Solid_Radiation:#2D8CFF","Solid Radiation Solid Radiation"
"Solid_RadiationAlt","Solid","fa:Solid","RadiationAlt","[fa:Solid_RadiationAlt]","fa:Solid_RadiationAlt:#2D8CFF","Solid RadiationAlt Solid RadiationAlt"
"Solid_Radio","Solid","fa:Solid","Radio","[fa:Solid_Radio]","fa:Solid_Radio:#2D8CFF","Solid Radio Solid Radio"
"Solid_RadioAlt","Solid","fa:Solid","RadioAlt","[fa:Solid_RadioAlt]","fa:Solid_RadioAlt:#2D8CFF","Solid RadioAlt Solid RadioAlt"
"Solid_Rainbow","Solid","fa:Solid","Rainbow","[fa:Solid_Rainbow]","fa:Solid_Rainbow:#2D8CFF","Solid Rainbow Solid Rainbow"
"Solid_Raindrops","Solid","fa:Solid","Raindrops","[fa:Solid_Raindrops]","fa:Solid_Raindrops:#2D8CFF","Solid Raindrops Solid Raindrops"
"Solid_Ram","Solid","fa:Solid","Ram","[fa:Solid_Ram]","fa:Solid_Ram:#2D8CFF","Solid Ram Solid Ram"
"Solid_RampLoading","Solid","fa:Solid","RampLoading","[fa:Solid_RampLoading]","fa:Solid_RampLoading:#2D8CFF","Solid RampLoading Solid RampLoading"
"Solid_Random","Solid","fa:Solid","Random","[fa:Solid_Random]","fa:Solid_Random:#2D8CFF","Solid Random Solid Random"
"Solid_Raygun","Solid","fa:Solid","Raygun","[fa:Solid_Raygun]","fa:Solid_Raygun:#2D8CFF","Solid Raygun Solid Raygun"
"Solid_Receipt","Solid","fa:Solid","Receipt","[fa:Solid_Receipt]","fa:Solid_Receipt:#2D8CFF","Solid Receipt Solid Receipt"
"Solid_RecordVinyl","Solid","fa:Solid","RecordVinyl","[fa:Solid_RecordVinyl]","fa:Solid_RecordVinyl:#2D8CFF","Solid RecordVinyl Solid RecordVinyl"
"Solid_RectangleLandscape","Solid","fa:Solid","RectangleLandscape","[fa:Solid_RectangleLandscape]","fa:Solid_RectangleLandscape:#2D8CFF","Solid RectangleLandscape Solid RectangleLandscape"
"Solid_RectanglePortrait","Solid","fa:Solid","RectanglePortrait","[fa:Solid_RectanglePortrait]","fa:Solid_RectanglePortrait:#2D8CFF","Solid RectanglePortrait Solid RectanglePortrait"
"Solid_RectangleWide","Solid","fa:Solid","RectangleWide","[fa:Solid_RectangleWide]","fa:Solid_RectangleWide:#2D8CFF","Solid RectangleWide Solid RectangleWide"
"Solid_Recycle","Solid","fa:Solid","Recycle","[fa:Solid_Recycle]","fa:Solid_Recycle:#2D8CFF","Solid Recycle Solid Recycle"
"Solid_Redo","Solid","fa:Solid","Redo","[fa:Solid_Redo]","fa:Solid_Redo:#2D8CFF","Solid Redo Solid Redo"
"Solid_RedoAlt","Solid","fa:Solid","RedoAlt","[fa:Solid_RedoAlt]","fa:Solid_RedoAlt:#2D8CFF","Solid RedoAlt Solid RedoAlt"
"Solid_Refrigerator","Solid","fa:Solid","Refrigerator","[fa:Solid_Refrigerator]","fa:Solid_Refrigerator:#2D8CFF","Solid Refrigerator Solid Refrigerator"
"Solid_Registered","Solid","fa:Solid","Registered","[fa:Solid_Registered]","fa:Solid_Registered:#2D8CFF","Solid Registered Solid Registered"
"Solid_RemoveFormat","Solid","fa:Solid","RemoveFormat","[fa:Solid_RemoveFormat]","fa:Solid_RemoveFormat:#2D8CFF","Solid RemoveFormat Solid RemoveFormat"
"Solid_Repeat","Solid","fa:Solid","Repeat","[fa:Solid_Repeat]","fa:Solid_Repeat:#2D8CFF","Solid Repeat Solid Repeat"
"Solid_Repeat1","Solid","fa:Solid","Repeat1","[fa:Solid_Repeat1]","fa:Solid_Repeat1:#2D8CFF","Solid Repeat1 Solid Repeat1"
"Solid_Repeat1Alt","Solid","fa:Solid","Repeat1Alt","[fa:Solid_Repeat1Alt]","fa:Solid_Repeat1Alt:#2D8CFF","Solid Repeat1Alt Solid Repeat1Alt"
"Solid_RepeatAlt","Solid","fa:Solid","RepeatAlt","[fa:Solid_RepeatAlt]","fa:Solid_RepeatAlt:#2D8CFF","Solid RepeatAlt Solid RepeatAlt"
"Solid_Reply","Solid","fa:Solid","Reply","[fa:Solid_Reply]","fa:Solid_Reply:#2D8CFF","Solid Reply Solid Reply"
"Solid_ReplyAll","Solid","fa:Solid","ReplyAll","[fa:Solid_ReplyAll]","fa:Solid_ReplyAll:#2D8CFF","Solid ReplyAll Solid ReplyAll"
"Solid_Republican","Solid","fa:Solid","Republican","[fa:Solid_Republican]","fa:Solid_Republican:#2D8CFF","Solid Republican Solid Republican"
"Solid_Restroom","Solid","fa:Solid","Restroom","[fa:Solid_Restroom]","fa:Solid_Restroom:#2D8CFF","Solid Restroom Solid Restroom"
"Solid_Retweet","Solid","fa:Solid","Retweet","[fa:Solid_Retweet]","fa:Solid_Retweet:#2D8CFF","Solid Retweet Solid Retweet"
"Solid_RetweetAlt","Solid","fa:Solid","RetweetAlt","[fa:Solid_RetweetAlt]","fa:Solid_RetweetAlt:#2D8CFF","Solid RetweetAlt Solid RetweetAlt"
"Solid_Ribbon","Solid","fa:Solid","Ribbon","[fa:Solid_Ribbon]","fa:Solid_Ribbon:#2D8CFF","Solid Ribbon Solid Ribbon"
"Solid_Ring","Solid","fa:Solid","Ring","[fa:Solid_Ring]","fa:Solid_Ring:#2D8CFF","Solid Ring Solid Ring"
"Solid_RingsWedding","Solid","fa:Solid","RingsWedding","[fa:Solid_RingsWedding]","fa:Solid_RingsWedding:#2D8CFF","Solid RingsWedding Solid RingsWedding"
"Solid_Road","Solid","fa:Solid","Road","[fa:Solid_Road]","fa:Solid_Road:#2D8CFF","Solid Road Solid Road"
"Solid_Robot","Solid","fa:Solid","Robot","[fa:Solid_Robot]","fa:Solid_Robot:#2D8CFF","Solid Robot Solid Robot"
"Solid_Rocket","Solid","fa:Solid","Rocket","[fa:Solid_Rocket]","fa:Solid_Rocket:#2D8CFF","Solid Rocket Solid Rocket"
"Solid_RocketLaunch","Solid","fa:Solid","RocketLaunch","[fa:Solid_RocketLaunch]","fa:Solid_RocketLaunch:#2D8CFF","Solid RocketLaunch Solid RocketLaunch"
"Solid_Route","Solid","fa:Solid","Route","[fa:Solid_Route]","fa:Solid_Route:#2D8CFF","Solid Route Solid Route"
"Solid_RouteHighway","Solid","fa:Solid","RouteHighway","[fa:Solid_RouteHighway]","fa:Solid_RouteHighway:#2D8CFF","Solid RouteHighway Solid RouteHighway"
"Solid_RouteInterstate","Solid","fa:Solid","RouteInterstate","[fa:Solid_RouteInterstate]","fa:Solid_RouteInterstate:#2D8CFF","Solid RouteInterstate Solid RouteInterstate"
"Solid_Router","Solid","fa:Solid","Router","[fa:Solid_Router]","fa:Solid_Router:#2D8CFF","Solid Router Solid Router"
"Solid_Rss","Solid","fa:Solid","Rss","[fa:Solid_Rss]","fa:Solid_Rss:#2D8CFF","Solid Rss Solid Rss"
"Solid_RssSquare","Solid","fa:Solid","RssSquare","[fa:Solid_RssSquare]","fa:Solid_RssSquare:#2D8CFF","Solid RssSquare Solid RssSquare"
"Solid_RubleSign","Solid","fa:Solid","RubleSign","[fa:Solid_RubleSign]","fa:Solid_RubleSign:#2D8CFF","Solid RubleSign Solid RubleSign"
"Solid_Ruler","Solid","fa:Solid","Ruler","[fa:Solid_Ruler]","fa:Solid_Ruler:#2D8CFF","Solid Ruler Solid Ruler"
"Solid_RulerCombined","Solid","fa:Solid","RulerCombined","[fa:Solid_RulerCombined]","fa:Solid_RulerCombined:#2D8CFF","Solid RulerCombined Solid RulerCombined"
"Solid_RulerHorizontal","Solid","fa:Solid","RulerHorizontal","[fa:Solid_RulerHorizontal]","fa:Solid_RulerHorizontal:#2D8CFF","Solid RulerHorizontal Solid RulerHorizontal"
"Solid_RulerTriangle","Solid","fa:Solid","RulerTriangle","[fa:Solid_RulerTriangle]","fa:Solid_RulerTriangle:#2D8CFF","Solid RulerTriangle Solid RulerTriangle"
"Solid_RulerVertical","Solid","fa:Solid","RulerVertical","[fa:Solid_RulerVertical]","fa:Solid_RulerVertical:#2D8CFF","Solid RulerVertical Solid RulerVertical"
"Solid_Running","Solid","fa:Solid","Running","[fa:Solid_Running]","fa:Solid_Running:#2D8CFF","Solid Running Solid Running"
"Solid_RupeeSign","Solid","fa:Solid","RupeeSign","[fa:Solid_RupeeSign]","fa:Solid_RupeeSign:#2D8CFF","Solid RupeeSign Solid RupeeSign"
"Solid_Rv","Solid","fa:Solid","Rv","[fa:Solid_Rv]","fa:Solid_Rv:#2D8CFF","Solid Rv Solid Rv"
"Solid_Sack","Solid","fa:Solid","Sack","[fa:Solid_Sack]","fa:Solid_Sack:#2D8CFF","Solid Sack Solid Sack"
"Solid_SackDollar","Solid","fa:Solid","SackDollar","[fa:Solid_SackDollar]","fa:Solid_SackDollar:#2D8CFF","Solid SackDollar Solid SackDollar"
"Solid_SadCry","Solid","fa:Solid","SadCry","[fa:Solid_SadCry]","fa:Solid_SadCry:#2D8CFF","Solid SadCry Solid SadCry"
"Solid_SadTear","Solid","fa:Solid","SadTear","[fa:Solid_SadTear]","fa:Solid_SadTear:#2D8CFF","Solid SadTear Solid SadTear"
"Solid_Salad","Solid","fa:Solid","Salad","[fa:Solid_Salad]","fa:Solid_Salad:#2D8CFF","Solid Salad Solid Salad"
"Solid_Sandwich","Solid","fa:Solid","Sandwich","[fa:Solid_Sandwich]","fa:Solid_Sandwich:#2D8CFF","Solid Sandwich Solid Sandwich"
"Solid_Satellite","Solid","fa:Solid","Satellite","[fa:Solid_Satellite]","fa:Solid_Satellite:#2D8CFF","Solid Satellite Solid Satellite"
"Solid_SatelliteDish","Solid","fa:Solid","SatelliteDish","[fa:Solid_SatelliteDish]","fa:Solid_SatelliteDish:#2D8CFF","Solid SatelliteDish Solid SatelliteDish"
"Solid_Sausage","Solid","fa:Solid","Sausage","[fa:Solid_Sausage]","fa:Solid_Sausage:#2D8CFF","Solid Sausage Solid Sausage"
"Solid_Save","Solid","fa:Solid","Save","[fa:Solid_Save]","fa:Solid_Save:#2D8CFF","Solid Save Solid Save"
"Solid_SaxHot","Solid","fa:Solid","SaxHot","[fa:Solid_SaxHot]","fa:Solid_SaxHot:#2D8CFF","Solid SaxHot Solid SaxHot"
"Solid_Saxophone","Solid","fa:Solid","Saxophone","[fa:Solid_Saxophone]","fa:Solid_Saxophone:#2D8CFF","Solid Saxophone Solid Saxophone"
"Solid_Scalpel","Solid","fa:Solid","Scalpel","[fa:Solid_Scalpel]","fa:Solid_Scalpel:#2D8CFF","Solid Scalpel Solid Scalpel"
"Solid_ScalpelPath","Solid","fa:Solid","ScalpelPath","[fa:Solid_ScalpelPath]","fa:Solid_ScalpelPath:#2D8CFF","Solid ScalpelPath Solid ScalpelPath"
"Solid_Scanner","Solid","fa:Solid","Scanner","[fa:Solid_Scanner]","fa:Solid_Scanner:#2D8CFF","Solid Scanner Solid Scanner"
"Solid_ScannerImage","Solid","fa:Solid","ScannerImage","[fa:Solid_ScannerImage]","fa:Solid_ScannerImage:#2D8CFF","Solid ScannerImage Solid ScannerImage"
"Solid_ScannerKeyboard","Solid","fa:Solid","ScannerKeyboard","[fa:Solid_ScannerKeyboard]","fa:Solid_ScannerKeyboard:#2D8CFF","Solid ScannerKeyboard Solid ScannerKeyboard"
"Solid_ScannerTouchscreen","Solid","fa:Solid","ScannerTouchscreen","[fa:Solid_ScannerTouchscreen]","fa:Solid_ScannerTouchscreen:#2D8CFF","Solid ScannerTouchscreen Solid ScannerTouchscreen"
"Solid_Scarecrow","Solid","fa:Solid","Scarecrow","[fa:Solid_Scarecrow]","fa:Solid_Scarecrow:#2D8CFF","Solid Scarecrow Solid Scarecrow"
"Solid_Scarf","Solid","fa:Solid","Scarf","[fa:Solid_Scarf]","fa:Solid_Scarf:#2D8CFF","Solid Scarf Solid Scarf"
"Solid_School","Solid","fa:Solid","School","[fa:Solid_School]","fa:Solid_School:#2D8CFF","Solid School Solid School"
"Solid_Screwdriver","Solid","fa:Solid","Screwdriver","[fa:Solid_Screwdriver]","fa:Solid_Screwdriver:#2D8CFF","Solid Screwdriver Solid Screwdriver"
"Solid_Scroll","Solid","fa:Solid","Scroll","[fa:Solid_Scroll]","fa:Solid_Scroll:#2D8CFF","Solid Scroll Solid Scroll"
"Solid_ScrollOld","Solid","fa:Solid","ScrollOld","[fa:Solid_ScrollOld]","fa:Solid_ScrollOld:#2D8CFF","Solid ScrollOld Solid ScrollOld"
"Solid_Scrubber","Solid","fa:Solid","Scrubber","[fa:Solid_Scrubber]","fa:Solid_Scrubber:#2D8CFF","Solid Scrubber Solid Scrubber"
"Solid_Scythe","Solid","fa:Solid","Scythe","[fa:Solid_Scythe]","fa:Solid_Scythe:#2D8CFF","Solid Scythe Solid Scythe"
"Solid_SdCard","Solid","fa:Solid","SdCard","[fa:Solid_SdCard]","fa:Solid_SdCard:#2D8CFF","Solid SdCard Solid SdCard"
"Solid_Search","Solid","fa:Solid","Search","[fa:Solid_Search]","fa:Solid_Search:#2D8CFF","Solid Search Solid Search"
"Solid_SearchDollar","Solid","fa:Solid","SearchDollar","[fa:Solid_SearchDollar]","fa:Solid_SearchDollar:#2D8CFF","Solid SearchDollar Solid SearchDollar"
"Solid_SearchLocation","Solid","fa:Solid","SearchLocation","[fa:Solid_SearchLocation]","fa:Solid_SearchLocation:#2D8CFF","Solid SearchLocation Solid SearchLocation"
"Solid_SearchMinus","Solid","fa:Solid","SearchMinus","[fa:Solid_SearchMinus]","fa:Solid_SearchMinus:#2D8CFF","Solid SearchMinus Solid SearchMinus"
"Solid_SearchPlus","Solid","fa:Solid","SearchPlus","[fa:Solid_SearchPlus]","fa:Solid_SearchPlus:#2D8CFF","Solid SearchPlus Solid SearchPlus"
"Solid_Seedling","Solid","fa:Solid","Seedling","[fa:Solid_Seedling]","fa:Solid_Seedling:#2D8CFF","Solid Seedling Solid Seedling"
"Solid_SendBack","Solid","fa:Solid","SendBack","[fa:Solid_SendBack]","fa:Solid_SendBack:#2D8CFF","Solid SendBack Solid SendBack"
"Solid_SendBackward","Solid","fa:Solid","SendBackward","[fa:Solid_SendBackward]","fa:Solid_SendBackward:#2D8CFF","Solid SendBackward Solid SendBackward"
"Solid_Sensor","Solid","fa:Solid","Sensor","[fa:Solid_Sensor]","fa:Solid_Sensor:#2D8CFF","Solid Sensor Solid Sensor"
"Solid_SensorAlert","Solid","fa:Solid","SensorAlert","[fa:Solid_SensorAlert]","fa:Solid_SensorAlert:#2D8CFF","Solid SensorAlert Solid SensorAlert"
"Solid_SensorFire","Solid","fa:Solid","SensorFire","[fa:Solid_SensorFire]","fa:Solid_SensorFire:#2D8CFF","Solid SensorFire Solid SensorFire"
"Solid_SensorOn","Solid","fa:Solid","SensorOn","[fa:Solid_SensorOn]","fa:Solid_SensorOn:#2D8CFF","Solid SensorOn Solid SensorOn"
"Solid_SensorSmoke","Solid","fa:Solid","SensorSmoke","[fa:Solid_SensorSmoke]","fa:Solid_SensorSmoke:#2D8CFF","Solid SensorSmoke Solid SensorSmoke"
"Solid_Server","Solid","fa:Solid","Server","[fa:Solid_Server]","fa:Solid_Server:#2D8CFF","Solid Server Solid Server"
"Solid_Shapes","Solid","fa:Solid","Shapes","[fa:Solid_Shapes]","fa:Solid_Shapes:#2D8CFF","Solid Shapes Solid Shapes"
"Solid_Share","Solid","fa:Solid","Share","[fa:Solid_Share]","fa:Solid_Share:#2D8CFF","Solid Share Solid Share"
"Solid_ShareAll","Solid","fa:Solid","ShareAll","[fa:Solid_ShareAll]","fa:Solid_ShareAll:#2D8CFF","Solid ShareAll Solid ShareAll"
"Solid_ShareAlt","Solid","fa:Solid","ShareAlt","[fa:Solid_ShareAlt]","fa:Solid_ShareAlt:#2D8CFF","Solid ShareAlt Solid ShareAlt"
"Solid_ShareAltSquare","Solid","fa:Solid","ShareAltSquare","[fa:Solid_ShareAltSquare]","fa:Solid_ShareAltSquare:#2D8CFF","Solid ShareAltSquare Solid ShareAltSquare"
"Solid_ShareSquare","Solid","fa:Solid","ShareSquare","[fa:Solid_ShareSquare]","fa:Solid_ShareSquare:#2D8CFF","Solid ShareSquare Solid ShareSquare"
"Solid_Sheep","Solid","fa:Solid","Sheep","[fa:Solid_Sheep]","fa:Solid_Sheep:#2D8CFF","Solid Sheep Solid Sheep"
"Solid_ShekelSign","Solid","fa:Solid","ShekelSign","[fa:Solid_ShekelSign]","fa:Solid_ShekelSign:#2D8CFF","Solid ShekelSign Solid ShekelSign"
"Solid_Shield","Solid","fa:Solid","Shield","[fa:Solid_Shield]","fa:Solid_Shield:#2D8CFF","Solid Shield Solid Shield"
"Solid_ShieldAlt","Solid","fa:Solid","ShieldAlt","[fa:Solid_ShieldAlt]","fa:Solid_ShieldAlt:#2D8CFF","Solid ShieldAlt Solid ShieldAlt"
"Solid_ShieldCheck","Solid","fa:Solid","ShieldCheck","[fa:Solid_ShieldCheck]","fa:Solid_ShieldCheck:#2D8CFF","Solid ShieldCheck Solid ShieldCheck"
"Solid_ShieldCross","Solid","fa:Solid","ShieldCross","[fa:Solid_ShieldCross]","fa:Solid_ShieldCross:#2D8CFF","Solid ShieldCross Solid ShieldCross"
"Solid_ShieldVirus","Solid","fa:Solid","ShieldVirus","[fa:Solid_ShieldVirus]","fa:Solid_ShieldVirus:#2D8CFF","Solid ShieldVirus Solid ShieldVirus"
"Solid_Ship","Solid","fa:Solid","Ship","[fa:Solid_Ship]","fa:Solid_Ship:#2D8CFF","Solid Ship Solid Ship"
"Solid_ShippingFast","Solid","fa:Solid","ShippingFast","[fa:Solid_ShippingFast]","fa:Solid_ShippingFast:#2D8CFF","Solid ShippingFast Solid ShippingFast"
"Solid_ShippingTimed","Solid","fa:Solid","ShippingTimed","[fa:Solid_ShippingTimed]","fa:Solid_ShippingTimed:#2D8CFF","Solid ShippingTimed Solid ShippingTimed"
"Solid_ShishKebab","Solid","fa:Solid","ShishKebab","[fa:Solid_ShishKebab]","fa:Solid_ShishKebab:#2D8CFF","Solid ShishKebab Solid ShishKebab"
"Solid_ShoePrints","Solid","fa:Solid","ShoePrints","[fa:Solid_ShoePrints]","fa:Solid_ShoePrints:#2D8CFF","Solid ShoePrints Solid ShoePrints"
"Solid_ShoppingBag","Solid","fa:Solid","ShoppingBag","[fa:Solid_ShoppingBag]","fa:Solid_ShoppingBag:#2D8CFF","Solid ShoppingBag Solid ShoppingBag"
"Solid_ShoppingBasket","Solid","fa:Solid","ShoppingBasket","[fa:Solid_ShoppingBasket]","fa:Solid_ShoppingBasket:#2D8CFF","Solid ShoppingBasket Solid ShoppingBasket"
"Solid_ShoppingCart","Solid","fa:Solid","ShoppingCart","[fa:Solid_ShoppingCart]","fa:Solid_ShoppingCart:#2D8CFF","Solid ShoppingCart Solid ShoppingCart"
"Solid_Shovel","Solid","fa:Solid","Shovel","[fa:Solid_Shovel]","fa:Solid_Shovel:#2D8CFF","Solid Shovel Solid Shovel"
"Solid_ShovelSnow","Solid","fa:Solid","ShovelSnow","[fa:Solid_ShovelSnow]","fa:Solid_ShovelSnow:#2D8CFF","Solid ShovelSnow Solid ShovelSnow"
"Solid_Shower","Solid","fa:Solid","Shower","[fa:Solid_Shower]","fa:Solid_Shower:#2D8CFF","Solid Shower Solid Shower"
"Solid_Shredder","Solid","fa:Solid","Shredder","[fa:Solid_Shredder]","fa:Solid_Shredder:#2D8CFF","Solid Shredder Solid Shredder"
"Solid_ShuttleVan","Solid","fa:Solid","ShuttleVan","[fa:Solid_ShuttleVan]","fa:Solid_ShuttleVan:#2D8CFF","Solid ShuttleVan Solid ShuttleVan"
"Solid_Shuttlecock","Solid","fa:Solid","Shuttlecock","[fa:Solid_Shuttlecock]","fa:Solid_Shuttlecock:#2D8CFF","Solid Shuttlecock Solid Shuttlecock"
"Solid_Sickle","Solid","fa:Solid","Sickle","[fa:Solid_Sickle]","fa:Solid_Sickle:#2D8CFF","Solid Sickle Solid Sickle"
"Solid_Sigma","Solid","fa:Solid","Sigma","[fa:Solid_Sigma]","fa:Solid_Sigma:#2D8CFF","Solid Sigma Solid Sigma"
"Solid_Sign","Solid","fa:Solid","Sign","[fa:Solid_Sign]","fa:Solid_Sign:#2D8CFF","Solid Sign Solid Sign"
"Solid_SignIn","Solid","fa:Solid","SignIn","[fa:Solid_SignIn]","fa:Solid_SignIn:#2D8CFF","Solid SignIn Solid SignIn"
"Solid_SignInAlt","Solid","fa:Solid","SignInAlt","[fa:Solid_SignInAlt]","fa:Solid_SignInAlt:#2D8CFF","Solid SignInAlt Solid SignInAlt"
"Solid_SignLanguage","Solid","fa:Solid","SignLanguage","[fa:Solid_SignLanguage]","fa:Solid_SignLanguage:#2D8CFF","Solid SignLanguage Solid SignLanguage"
"Solid_SignOut","Solid","fa:Solid","SignOut","[fa:Solid_SignOut]","fa:Solid_SignOut:#2D8CFF","Solid SignOut Solid SignOut"
"Solid_SignOutAlt","Solid","fa:Solid","SignOutAlt","[fa:Solid_SignOutAlt]","fa:Solid_SignOutAlt:#2D8CFF","Solid SignOutAlt Solid SignOutAlt"
"Solid_Signal","Solid","fa:Solid","Signal","[fa:Solid_Signal]","fa:Solid_Signal:#2D8CFF","Solid Signal Solid Signal"
"Solid_Signal1","Solid","fa:Solid","Signal1","[fa:Solid_Signal1]","fa:Solid_Signal1:#2D8CFF","Solid Signal1 Solid Signal1"
"Solid_Signal2","Solid","fa:Solid","Signal2","[fa:Solid_Signal2]","fa:Solid_Signal2:#2D8CFF","Solid Signal2 Solid Signal2"
"Solid_Signal3","Solid","fa:Solid","Signal3","[fa:Solid_Signal3]","fa:Solid_Signal3:#2D8CFF","Solid Signal3 Solid Signal3"
"Solid_Signal4","Solid","fa:Solid","Signal4","[fa:Solid_Signal4]","fa:Solid_Signal4:#2D8CFF","Solid Signal4 Solid Signal4"
"Solid_SignalAlt","Solid","fa:Solid","SignalAlt","[fa:Solid_SignalAlt]","fa:Solid_SignalAlt:#2D8CFF","Solid SignalAlt Solid SignalAlt"
"Solid_SignalAlt1","Solid","fa:Solid","SignalAlt1","[fa:Solid_SignalAlt1]","fa:Solid_SignalAlt1:#2D8CFF","Solid SignalAlt1 Solid SignalAlt1"
"Solid_SignalAlt2","Solid","fa:Solid","SignalAlt2","[fa:Solid_SignalAlt2]","fa:Solid_SignalAlt2:#2D8CFF","Solid SignalAlt2 Solid SignalAlt2"
"Solid_SignalAlt3","Solid","fa:Solid","SignalAlt3","[fa:Solid_SignalAlt3]","fa:Solid_SignalAlt3:#2D8CFF","Solid SignalAlt3 Solid SignalAlt3"
"Solid_SignalAltSlash","Solid","fa:Solid","SignalAltSlash","[fa:Solid_SignalAltSlash]","fa:Solid_SignalAltSlash:#2D8CFF","Solid SignalAltSlash Solid SignalAltSlash"
"Solid_SignalSlash","Solid","fa:Solid","SignalSlash","[fa:Solid_SignalSlash]","fa:Solid_SignalSlash:#2D8CFF","Solid SignalSlash Solid SignalSlash"
"Solid_SignalStream","Solid","fa:Solid","SignalStream","[fa:Solid_SignalStream]","fa:Solid_SignalStream:#2D8CFF","Solid SignalStream Solid SignalStream"
"Solid_Signature","Solid","fa:Solid","Signature","[fa:Solid_Signature]","fa:Solid_Signature:#2D8CFF","Solid Signature Solid Signature"
"Solid_SimCard","Solid","fa:Solid","SimCard","[fa:Solid_SimCard]","fa:Solid_SimCard:#2D8CFF","Solid SimCard Solid SimCard"
"Solid_Sink","Solid","fa:Solid","Sink","[fa:Solid_Sink]","fa:Solid_Sink:#2D8CFF","Solid Sink Solid Sink"
"Solid_Siren","Solid","fa:Solid","Siren","[fa:Solid_Siren]","fa:Solid_Siren:#2D8CFF","Solid Siren Solid Siren"
"Solid_SirenOn","Solid","fa:Solid","SirenOn","[fa:Solid_SirenOn]","fa:Solid_SirenOn:#2D8CFF","Solid SirenOn Solid SirenOn"
"Solid_Sitemap","Solid","fa:Solid","Sitemap","[fa:Solid_Sitemap]","fa:Solid_Sitemap:#2D8CFF","Solid Sitemap Solid Sitemap"
"Solid_Skating","Solid","fa:Solid","Skating","[fa:Solid_Skating]","fa:Solid_Skating:#2D8CFF","Solid Skating Solid Skating"
"Solid_Skeleton","Solid","fa:Solid","Skeleton","[fa:Solid_Skeleton]","fa:Solid_Skeleton:#2D8CFF","Solid Skeleton Solid Skeleton"
"Solid_SkiJump","Solid","fa:Solid","SkiJump","[fa:Solid_SkiJump]","fa:Solid_SkiJump:#2D8CFF","Solid SkiJump Solid SkiJump"
"Solid_SkiLift","Solid","fa:Solid","SkiLift","[fa:Solid_SkiLift]","fa:Solid_SkiLift:#2D8CFF","Solid SkiLift Solid SkiLift"
"Solid_Skiing","Solid","fa:Solid","Skiing","[fa:Solid_Skiing]","fa:Solid_Skiing:#2D8CFF","Solid Skiing Solid Skiing"
"Solid_SkiingNordic","Solid","fa:Solid","SkiingNordic","[fa:Solid_SkiingNordic]","fa:Solid_SkiingNordic:#2D8CFF","Solid SkiingNordic Solid SkiingNordic"
"Solid_Skull","Solid","fa:Solid","Skull","[fa:Solid_Skull]","fa:Solid_Skull:#2D8CFF","Solid Skull Solid Skull"
"Solid_SkullCow","Solid","fa:Solid","SkullCow","[fa:Solid_SkullCow]","fa:Solid_SkullCow:#2D8CFF","Solid SkullCow Solid SkullCow"
"Solid_SkullCrossbones","Solid","fa:Solid","SkullCrossbones","[fa:Solid_SkullCrossbones]","fa:Solid_SkullCrossbones:#2D8CFF","Solid SkullCrossbones Solid SkullCrossbones"
"Solid_Slash","Solid","fa:Solid","Slash","[fa:Solid_Slash]","fa:Solid_Slash:#2D8CFF","Solid Slash Solid Slash"
"Solid_Sledding","Solid","fa:Solid","Sledding","[fa:Solid_Sledding]","fa:Solid_Sledding:#2D8CFF","Solid Sledding Solid Sledding"
"Solid_Sleigh","Solid","fa:Solid","Sleigh","[fa:Solid_Sleigh]","fa:Solid_Sleigh:#2D8CFF","Solid Sleigh Solid Sleigh"
"Solid_SlidersH","Solid","fa:Solid","SlidersH","[fa:Solid_SlidersH]","fa:Solid_SlidersH:#2D8CFF","Solid SlidersH Solid SlidersH"
"Solid_SlidersHSquare","Solid","fa:Solid","SlidersHSquare","[fa:Solid_SlidersHSquare]","fa:Solid_SlidersHSquare:#2D8CFF","Solid SlidersHSquare Solid SlidersHSquare"
"Solid_SlidersV","Solid","fa:Solid","SlidersV","[fa:Solid_SlidersV]","fa:Solid_SlidersV:#2D8CFF","Solid SlidersV Solid SlidersV"
"Solid_SlidersVSquare","Solid","fa:Solid","SlidersVSquare","[fa:Solid_SlidersVSquare]","fa:Solid_SlidersVSquare:#2D8CFF","Solid SlidersVSquare Solid SlidersVSquare"
"Solid_Smile","Solid","fa:Solid","Smile","[fa:Solid_Smile]","fa:Solid_Smile:#2D8CFF","Solid Smile Solid Smile"
"Solid_SmileBeam","Solid","fa:Solid","SmileBeam","[fa:Solid_SmileBeam]","fa:Solid_SmileBeam:#2D8CFF","Solid SmileBeam Solid SmileBeam"
"Solid_SmilePlus","Solid","fa:Solid","SmilePlus","[fa:Solid_SmilePlus]","fa:Solid_SmilePlus:#2D8CFF","Solid SmilePlus Solid SmilePlus"
"Solid_SmileWink","Solid","fa:Solid","SmileWink","[fa:Solid_SmileWink]","fa:Solid_SmileWink:#2D8CFF","Solid SmileWink Solid SmileWink"
"Solid_Smog","Solid","fa:Solid","Smog","[fa:Solid_Smog]","fa:Solid_Smog:#2D8CFF","Solid Smog Solid Smog"
"Solid_Smoke","Solid","fa:Solid","Smoke","[fa:Solid_Smoke]","fa:Solid_Smoke:#2D8CFF","Solid Smoke Solid Smoke"
"Solid_Smoking","Solid","fa:Solid","Smoking","[fa:Solid_Smoking]","fa:Solid_Smoking:#2D8CFF","Solid Smoking Solid Smoking"
"Solid_SmokingBan","Solid","fa:Solid","SmokingBan","[fa:Solid_SmokingBan]","fa:Solid_SmokingBan:#2D8CFF","Solid SmokingBan Solid SmokingBan"
"Solid_Sms","Solid","fa:Solid","Sms","[fa:Solid_Sms]","fa:Solid_Sms:#2D8CFF","Solid Sms Solid Sms"
"Solid_Snake","Solid","fa:Solid","Snake","[fa:Solid_Snake]","fa:Solid_Snake:#2D8CFF","Solid Snake Solid Snake"
"Solid_Snooze","Solid","fa:Solid","Snooze","[fa:Solid_Snooze]","fa:Solid_Snooze:#2D8CFF","Solid Snooze Solid Snooze"
"Solid_SnowBlowing","Solid","fa:Solid","SnowBlowing","[fa:Solid_SnowBlowing]","fa:Solid_SnowBlowing:#2D8CFF","Solid SnowBlowing Solid SnowBlowing"
"Solid_Snowboarding","Solid","fa:Solid","Snowboarding","[fa:Solid_Snowboarding]","fa:Solid_Snowboarding:#2D8CFF","Solid Snowboarding Solid Snowboarding"
"Solid_Snowflake","Solid","fa:Solid","Snowflake","[fa:Solid_Snowflake]","fa:Solid_Snowflake:#2D8CFF","Solid Snowflake Solid Snowflake"
"Solid_Snowflakes","Solid","fa:Solid","Snowflakes","[fa:Solid_Snowflakes]","fa:Solid_Snowflakes:#2D8CFF","Solid Snowflakes Solid Snowflakes"
"Solid_Snowman","Solid","fa:Solid","Snowman","[fa:Solid_Snowman]","fa:Solid_Snowman:#2D8CFF","Solid Snowman Solid Snowman"
"Solid_Snowmobile","Solid","fa:Solid","Snowmobile","[fa:Solid_Snowmobile]","fa:Solid_Snowmobile:#2D8CFF","Solid Snowmobile Solid Snowmobile"
"Solid_Snowplow","Solid","fa:Solid","Snowplow","[fa:Solid_Snowplow]","fa:Solid_Snowplow:#2D8CFF","Solid Snowplow Solid Snowplow"
"Solid_Soap","Solid","fa:Solid","Soap","[fa:Solid_Soap]","fa:Solid_Soap:#2D8CFF","Solid Soap Solid Soap"
"Solid_Socks","Solid","fa:Solid","Socks","[fa:Solid_Socks]","fa:Solid_Socks:#2D8CFF","Solid Socks Solid Socks"
"Solid_SolarPanel","Solid","fa:Solid","SolarPanel","[fa:Solid_SolarPanel]","fa:Solid_SolarPanel:#2D8CFF","Solid SolarPanel Solid SolarPanel"
"Solid_SolarSystem","Solid","fa:Solid","SolarSystem","[fa:Solid_SolarSystem]","fa:Solid_SolarSystem:#2D8CFF","Solid SolarSystem Solid SolarSystem"
"Solid_Sort","Solid","fa:Solid","Sort","[fa:Solid_Sort]","fa:Solid_Sort:#2D8CFF","Solid Sort Solid Sort"
"Solid_SortAlphaDown","Solid","fa:Solid","SortAlphaDown","[fa:Solid_SortAlphaDown]","fa:Solid_SortAlphaDown:#2D8CFF","Solid SortAlphaDown Solid SortAlphaDown"
"Solid_SortAlphaDownAlt","Solid","fa:Solid","SortAlphaDownAlt","[fa:Solid_SortAlphaDownAlt]","fa:Solid_SortAlphaDownAlt:#2D8CFF","Solid SortAlphaDownAlt Solid SortAlphaDownAlt"
"Solid_SortAlphaUp","Solid","fa:Solid","SortAlphaUp","[fa:Solid_SortAlphaUp]","fa:Solid_SortAlphaUp:#2D8CFF","Solid SortAlphaUp Solid SortAlphaUp"
"Solid_SortAlphaUpAlt","Solid","fa:Solid","SortAlphaUpAlt","[fa:Solid_SortAlphaUpAlt]","fa:Solid_SortAlphaUpAlt:#2D8CFF","Solid SortAlphaUpAlt Solid SortAlphaUpAlt"
"Solid_SortAlt","Solid","fa:Solid","SortAlt","[fa:Solid_SortAlt]","fa:Solid_SortAlt:#2D8CFF","Solid SortAlt Solid SortAlt"
"Solid_SortAmountDown","Solid","fa:Solid","SortAmountDown","[fa:Solid_SortAmountDown]","fa:Solid_SortAmountDown:#2D8CFF","Solid SortAmountDown Solid SortAmountDown"
"Solid_SortAmountDownAlt","Solid","fa:Solid","SortAmountDownAlt","[fa:Solid_SortAmountDownAlt]","fa:Solid_SortAmountDownAlt:#2D8CFF","Solid SortAmountDownAlt Solid SortAmountDownAlt"
"Solid_SortAmountUp","Solid","fa:Solid","SortAmountUp","[fa:Solid_SortAmountUp]","fa:Solid_SortAmountUp:#2D8CFF","Solid SortAmountUp Solid SortAmountUp"
"Solid_SortAmountUpAlt","Solid","fa:Solid","SortAmountUpAlt","[fa:Solid_SortAmountUpAlt]","fa:Solid_SortAmountUpAlt:#2D8CFF","Solid SortAmountUpAlt Solid SortAmountUpAlt"
"Solid_SortCircle","Solid","fa:Solid","SortCircle","[fa:Solid_SortCircle]","fa:Solid_SortCircle:#2D8CFF","Solid SortCircle Solid SortCircle"
"Solid_SortCircleDown","Solid","fa:Solid","SortCircleDown","[fa:Solid_SortCircleDown]","fa:Solid_SortCircleDown:#2D8CFF","Solid SortCircleDown Solid SortCircleDown"
"Solid_SortCircleUp","Solid","fa:Solid","SortCircleUp","[fa:Solid_SortCircleUp]","fa:Solid_SortCircleUp:#2D8CFF","Solid SortCircleUp Solid SortCircleUp"
"Solid_SortDown","Solid","fa:Solid","SortDown","[fa:Solid_SortDown]","fa:Solid_SortDown:#2D8CFF","Solid SortDown Solid SortDown"
"Solid_SortNumericDown","Solid","fa:Solid","SortNumericDown","[fa:Solid_SortNumericDown]","fa:Solid_SortNumericDown:#2D8CFF","Solid SortNumericDown Solid SortNumericDown"
"Solid_SortNumericDownAlt","Solid","fa:Solid","SortNumericDownAlt","[fa:Solid_SortNumericDownAlt]","fa:Solid_SortNumericDownAlt:#2D8CFF","Solid SortNumericDownAlt Solid SortNumericDownAlt"
"Solid_SortNumericUp","Solid","fa:Solid","SortNumericUp","[fa:Solid_SortNumericUp]","fa:Solid_SortNumericUp:#2D8CFF","Solid SortNumericUp Solid SortNumericUp"
"Solid_SortNumericUpAlt","Solid","fa:Solid","SortNumericUpAlt","[fa:Solid_SortNumericUpAlt]","fa:Solid_SortNumericUpAlt:#2D8CFF","Solid SortNumericUpAlt Solid SortNumericUpAlt"
"Solid_SortShapesDown","Solid","fa:Solid","SortShapesDown","[fa:Solid_SortShapesDown]","fa:Solid_SortShapesDown:#2D8CFF","Solid SortShapesDown Solid SortShapesDown"
"Solid_SortShapesDownAlt","Solid","fa:Solid","SortShapesDownAlt","[fa:Solid_SortShapesDownAlt]","fa:Solid_SortShapesDownAlt:#2D8CFF","Solid SortShapesDownAlt Solid SortShapesDownAlt"
"Solid_SortShapesUp","Solid","fa:Solid","SortShapesUp","[fa:Solid_SortShapesUp]","fa:Solid_SortShapesUp:#2D8CFF","Solid SortShapesUp Solid SortShapesUp"
"Solid_SortShapesUpAlt","Solid","fa:Solid","SortShapesUpAlt","[fa:Solid_SortShapesUpAlt]","fa:Solid_SortShapesUpAlt:#2D8CFF","Solid SortShapesUpAlt Solid SortShapesUpAlt"
"Solid_SortSizeDown","Solid","fa:Solid","SortSizeDown","[fa:Solid_SortSizeDown]","fa:Solid_SortSizeDown:#2D8CFF","Solid SortSizeDown Solid SortSizeDown"
"Solid_SortSizeDownAlt","Solid","fa:Solid","SortSizeDownAlt","[fa:Solid_SortSizeDownAlt]","fa:Solid_SortSizeDownAlt:#2D8CFF","Solid SortSizeDownAlt Solid SortSizeDownAlt"
"Solid_SortSizeUp","Solid","fa:Solid","SortSizeUp","[fa:Solid_SortSizeUp]","fa:Solid_SortSizeUp:#2D8CFF","Solid SortSizeUp Solid SortSizeUp"
"Solid_SortSizeUpAlt","Solid","fa:Solid","SortSizeUpAlt","[fa:Solid_SortSizeUpAlt]","fa:Solid_SortSizeUpAlt:#2D8CFF","Solid SortSizeUpAlt Solid SortSizeUpAlt"
"Solid_SortUp","Solid","fa:Solid","SortUp","[fa:Solid_SortUp]","fa:Solid_SortUp:#2D8CFF","Solid SortUp Solid SortUp"
"Solid_Soup","Solid","fa:Solid","Soup","[fa:Solid_Soup]","fa:Solid_Soup:#2D8CFF","Solid Soup Solid Soup"
"Solid_Spa","Solid","fa:Solid","Spa","[fa:Solid_Spa]","fa:Solid_Spa:#2D8CFF","Solid Spa Solid Spa"
"Solid_SpaceShuttle","Solid","fa:Solid","SpaceShuttle","[fa:Solid_SpaceShuttle]","fa:Solid_SpaceShuttle:#2D8CFF","Solid SpaceShuttle Solid SpaceShuttle"
"Solid_SpaceStationMoon","Solid","fa:Solid","SpaceStationMoon","[fa:Solid_SpaceStationMoon]","fa:Solid_SpaceStationMoon:#2D8CFF","Solid SpaceStationMoon Solid SpaceStationMoon"
"Solid_SpaceStationMoonAlt","Solid","fa:Solid","SpaceStationMoonAlt","[fa:Solid_SpaceStationMoonAlt]","fa:Solid_SpaceStationMoonAlt:#2D8CFF","Solid SpaceStationMoonAlt Solid SpaceStationMoonAlt"
"Solid_Spade","Solid","fa:Solid","Spade","[fa:Solid_Spade]","fa:Solid_Spade:#2D8CFF","Solid Spade Solid Spade"
"Solid_Sparkles","Solid","fa:Solid","Sparkles","[fa:Solid_Sparkles]","fa:Solid_Sparkles:#2D8CFF","Solid Sparkles Solid Sparkles"
"Solid_Speaker","Solid","fa:Solid","Speaker","[fa:Solid_Speaker]","fa:Solid_Speaker:#2D8CFF","Solid Speaker Solid Speaker"
"Solid_Speakers","Solid","fa:Solid","Speakers","[fa:Solid_Speakers]","fa:Solid_Speakers:#2D8CFF","Solid Speakers Solid Speakers"
"Solid_SpellCheck","Solid","fa:Solid","SpellCheck","[fa:Solid_SpellCheck]","fa:Solid_SpellCheck:#2D8CFF","Solid SpellCheck Solid SpellCheck"
"Solid_Spider","Solid","fa:Solid","Spider","[fa:Solid_Spider]","fa:Solid_Spider:#2D8CFF","Solid Spider Solid Spider"
"Solid_SpiderBlackWidow","Solid","fa:Solid","SpiderBlackWidow","[fa:Solid_SpiderBlackWidow]","fa:Solid_SpiderBlackWidow:#2D8CFF","Solid SpiderBlackWidow Solid SpiderBlackWidow"
"Solid_SpiderWeb","Solid","fa:Solid","SpiderWeb","[fa:Solid_SpiderWeb]","fa:Solid_SpiderWeb:#2D8CFF","Solid SpiderWeb Solid SpiderWeb"
"Solid_Spinner","Solid","fa:Solid","Spinner","[fa:Solid_Spinner]","fa:Solid_Spinner:#2D8CFF","Solid Spinner Solid Spinner"
"Solid_SpinnerThird","Solid","fa:Solid","SpinnerThird","[fa:Solid_SpinnerThird]","fa:Solid_SpinnerThird:#2D8CFF","Solid SpinnerThird Solid SpinnerThird"
"Solid_Splotch","Solid","fa:Solid","Splotch","[fa:Solid_Splotch]","fa:Solid_Splotch:#2D8CFF","Solid Splotch Solid Splotch"
"Solid_SprayCan","Solid","fa:Solid","SprayCan","[fa:Solid_SprayCan]","fa:Solid_SprayCan:#2D8CFF","Solid SprayCan Solid SprayCan"
"Solid_Sprinkler","Solid","fa:Solid","Sprinkler","[fa:Solid_Sprinkler]","fa:Solid_Sprinkler:#2D8CFF","Solid Sprinkler Solid Sprinkler"
"Solid_Square","Solid","fa:Solid","Square","[fa:Solid_Square]","fa:Solid_Square:#2D8CFF","Solid Square Solid Square"
"Solid_SquareFull","Solid","fa:Solid","SquareFull","[fa:Solid_SquareFull]","fa:Solid_SquareFull:#2D8CFF","Solid SquareFull Solid SquareFull"
"Solid_SquareRoot","Solid","fa:Solid","SquareRoot","[fa:Solid_SquareRoot]","fa:Solid_SquareRoot:#2D8CFF","Solid SquareRoot Solid SquareRoot"
"Solid_SquareRootAlt","Solid","fa:Solid","SquareRootAlt","[fa:Solid_SquareRootAlt]","fa:Solid_SquareRootAlt:#2D8CFF","Solid SquareRootAlt Solid SquareRootAlt"
"Solid_Squirrel","Solid","fa:Solid","Squirrel","[fa:Solid_Squirrel]","fa:Solid_Squirrel:#2D8CFF","Solid Squirrel Solid Squirrel"
"Solid_Staff","Solid","fa:Solid","Staff","[fa:Solid_Staff]","fa:Solid_Staff:#2D8CFF","Solid Staff Solid Staff"
"Solid_Stamp","Solid","fa:Solid","Stamp","[fa:Solid_Stamp]","fa:Solid_Stamp:#2D8CFF","Solid Stamp Solid Stamp"
"Solid_Star","Solid","fa:Solid","Star","[fa:Solid_Star]","fa:Solid_Star:#2D8CFF","Solid Star Solid Star"
"Solid_StarAndCrescent","Solid","fa:Solid","StarAndCrescent","[fa:Solid_StarAndCrescent]","fa:Solid_StarAndCrescent:#2D8CFF","Solid StarAndCrescent Solid StarAndCrescent"
"Solid_StarChristmas","Solid","fa:Solid","StarChristmas","[fa:Solid_StarChristmas]","fa:Solid_StarChristmas:#2D8CFF","Solid StarChristmas Solid StarChristmas"
"Solid_StarExclamation","Solid","fa:Solid","StarExclamation","[fa:Solid_StarExclamation]","fa:Solid_StarExclamation:#2D8CFF","Solid StarExclamation Solid StarExclamation"
"Solid_StarHalf","Solid","fa:Solid","StarHalf","[fa:Solid_StarHalf]","fa:Solid_StarHalf:#2D8CFF","Solid StarHalf Solid StarHalf"
"Solid_StarHalfAlt","Solid","fa:Solid","StarHalfAlt","[fa:Solid_StarHalfAlt]","fa:Solid_StarHalfAlt:#2D8CFF","Solid StarHalfAlt Solid StarHalfAlt"
"Solid_StarOfDavid","Solid","fa:Solid","StarOfDavid","[fa:Solid_StarOfDavid]","fa:Solid_StarOfDavid:#2D8CFF","Solid StarOfDavid Solid StarOfDavid"
"Solid_StarOfLife","Solid","fa:Solid","StarOfLife","[fa:Solid_StarOfLife]","fa:Solid_StarOfLife:#2D8CFF","Solid StarOfLife Solid StarOfLife"
"Solid_StarShooting","Solid","fa:Solid","StarShooting","[fa:Solid_StarShooting]","fa:Solid_StarShooting:#2D8CFF","Solid StarShooting Solid StarShooting"
"Solid_Starfighter","Solid","fa:Solid","Starfighter","[fa:Solid_Starfighter]","fa:Solid_Starfighter:#2D8CFF","Solid Starfighter Solid Starfighter"
"Solid_StarfighterAlt","Solid","fa:Solid","StarfighterAlt","[fa:Solid_StarfighterAlt]","fa:Solid_StarfighterAlt:#2D8CFF","Solid StarfighterAlt Solid StarfighterAlt"
"Solid_Stars","Solid","fa:Solid","Stars","[fa:Solid_Stars]","fa:Solid_Stars:#2D8CFF","Solid Stars Solid Stars"
"Solid_Starship","Solid","fa:Solid","Starship","[fa:Solid_Starship]","fa:Solid_Starship:#2D8CFF","Solid Starship Solid Starship"
"Solid_StarshipFreighter","Solid","fa:Solid","StarshipFreighter","[fa:Solid_StarshipFreighter]","fa:Solid_StarshipFreighter:#2D8CFF","Solid StarshipFreighter Solid StarshipFreighter"
"Solid_Steak","Solid","fa:Solid","Steak","[fa:Solid_Steak]","fa:Solid_Steak:#2D8CFF","Solid Steak Solid Steak"
"Solid_SteeringWheel","Solid","fa:Solid","SteeringWheel","[fa:Solid_SteeringWheel]","fa:Solid_SteeringWheel:#2D8CFF","Solid SteeringWheel Solid SteeringWheel"
"Solid_StepBackward","Solid","fa:Solid","StepBackward","[fa:Solid_StepBackward]","fa:Solid_StepBackward:#2D8CFF","Solid StepBackward Solid StepBackward"
"Solid_StepForward","Solid","fa:Solid","StepForward","[fa:Solid_StepForward]","fa:Solid_StepForward:#2D8CFF","Solid StepForward Solid StepForward"
"Solid_Stethoscope","Solid","fa:Solid","Stethoscope","[fa:Solid_Stethoscope]","fa:Solid_Stethoscope:#2D8CFF","Solid Stethoscope Solid Stethoscope"
"Solid_StickyNote","Solid","fa:Solid","StickyNote","[fa:Solid_StickyNote]","fa:Solid_StickyNote:#2D8CFF","Solid StickyNote Solid StickyNote"
"Solid_Stocking","Solid","fa:Solid","Stocking","[fa:Solid_Stocking]","fa:Solid_Stocking:#2D8CFF","Solid Stocking Solid Stocking"
"Solid_Stomach","Solid","fa:Solid","Stomach","[fa:Solid_Stomach]","fa:Solid_Stomach:#2D8CFF","Solid Stomach Solid Stomach"
"Solid_Stop","Solid","fa:Solid","Stop","[fa:Solid_Stop]","fa:Solid_Stop:#2D8CFF","Solid Stop Solid Stop"
"Solid_StopCircle","Solid","fa:Solid","StopCircle","[fa:Solid_StopCircle]","fa:Solid_StopCircle:#2D8CFF","Solid StopCircle Solid StopCircle"
"Solid_Stopwatch","Solid","fa:Solid","Stopwatch","[fa:Solid_Stopwatch]","fa:Solid_Stopwatch:#2D8CFF","Solid Stopwatch Solid Stopwatch"
"Solid_Stopwatch20","Solid","fa:Solid","Stopwatch20","[fa:Solid_Stopwatch20]","fa:Solid_Stopwatch20:#2D8CFF","Solid Stopwatch20 Solid Stopwatch20"
"Solid_Store","Solid","fa:Solid","Store","[fa:Solid_Store]","fa:Solid_Store:#2D8CFF","Solid Store Solid Store"
"Solid_StoreAlt","Solid","fa:Solid","StoreAlt","[fa:Solid_StoreAlt]","fa:Solid_StoreAlt:#2D8CFF","Solid StoreAlt Solid StoreAlt"
"Solid_StoreAltSlash","Solid","fa:Solid","StoreAltSlash","[fa:Solid_StoreAltSlash]","fa:Solid_StoreAltSlash:#2D8CFF","Solid StoreAltSlash Solid StoreAltSlash"
"Solid_StoreSlash","Solid","fa:Solid","StoreSlash","[fa:Solid_StoreSlash]","fa:Solid_StoreSlash:#2D8CFF","Solid StoreSlash Solid StoreSlash"
"Solid_Stream","Solid","fa:Solid","Stream","[fa:Solid_Stream]","fa:Solid_Stream:#2D8CFF","Solid Stream Solid Stream"
"Solid_StreetView","Solid","fa:Solid","StreetView","[fa:Solid_StreetView]","fa:Solid_StreetView:#2D8CFF","Solid StreetView Solid StreetView"
"Solid_Stretcher","Solid","fa:Solid","Stretcher","[fa:Solid_Stretcher]","fa:Solid_Stretcher:#2D8CFF","Solid Stretcher Solid Stretcher"
"Solid_Strikethrough","Solid","fa:Solid","Strikethrough","[fa:Solid_Strikethrough]","fa:Solid_Strikethrough:#2D8CFF","Solid Strikethrough Solid Strikethrough"
"Solid_Stroopwafel","Solid","fa:Solid","Stroopwafel","[fa:Solid_Stroopwafel]","fa:Solid_Stroopwafel:#2D8CFF","Solid Stroopwafel Solid Stroopwafel"
"Solid_Subscript","Solid","fa:Solid","Subscript","[fa:Solid_Subscript]","fa:Solid_Subscript:#2D8CFF","Solid Subscript Solid Subscript"
"Solid_Subway","Solid","fa:Solid","Subway","[fa:Solid_Subway]","fa:Solid_Subway:#2D8CFF","Solid Subway Solid Subway"
"Solid_Suitcase","Solid","fa:Solid","Suitcase","[fa:Solid_Suitcase]","fa:Solid_Suitcase:#2D8CFF","Solid Suitcase Solid Suitcase"
"Solid_SuitcaseRolling","Solid","fa:Solid","SuitcaseRolling","[fa:Solid_SuitcaseRolling]","fa:Solid_SuitcaseRolling:#2D8CFF","Solid SuitcaseRolling Solid SuitcaseRolling"
"Solid_Sun","Solid","fa:Solid","Sun","[fa:Solid_Sun]","fa:Solid_Sun:#2D8CFF","Solid Sun Solid Sun"
"Solid_SunCloud","Solid","fa:Solid","SunCloud","[fa:Solid_SunCloud]","fa:Solid_SunCloud:#2D8CFF","Solid SunCloud Solid SunCloud"
"Solid_SunDust","Solid","fa:Solid","SunDust","[fa:Solid_SunDust]","fa:Solid_SunDust:#2D8CFF","Solid SunDust Solid SunDust"
"Solid_SunHaze","Solid","fa:Solid","SunHaze","[fa:Solid_SunHaze]","fa:Solid_SunHaze:#2D8CFF","Solid SunHaze Solid SunHaze"
"Solid_Sunglasses","Solid","fa:Solid","Sunglasses","[fa:Solid_Sunglasses]","fa:Solid_Sunglasses:#2D8CFF","Solid Sunglasses Solid Sunglasses"
"Solid_Sunrise","Solid","fa:Solid","Sunrise","[fa:Solid_Sunrise]","fa:Solid_Sunrise:#2D8CFF","Solid Sunrise Solid Sunrise"
"Solid_Sunset","Solid","fa:Solid","Sunset","[fa:Solid_Sunset]","fa:Solid_Sunset:#2D8CFF","Solid Sunset Solid Sunset"
"Solid_Superscript","Solid","fa:Solid","Superscript","[fa:Solid_Superscript]","fa:Solid_Superscript:#2D8CFF","Solid Superscript Solid Superscript"
"Solid_Surprise","Solid","fa:Solid","Surprise","[fa:Solid_Surprise]","fa:Solid_Surprise:#2D8CFF","Solid Surprise Solid Surprise"
"Solid_Swatchbook","Solid","fa:Solid","Swatchbook","[fa:Solid_Swatchbook]","fa:Solid_Swatchbook:#2D8CFF","Solid Swatchbook Solid Swatchbook"
"Solid_Swimmer","Solid","fa:Solid","Swimmer","[fa:Solid_Swimmer]","fa:Solid_Swimmer:#2D8CFF","Solid Swimmer Solid Swimmer"
"Solid_SwimmingPool","Solid","fa:Solid","SwimmingPool","[fa:Solid_SwimmingPool]","fa:Solid_SwimmingPool:#2D8CFF","Solid SwimmingPool Solid SwimmingPool"
"Solid_Sword","Solid","fa:Solid","Sword","[fa:Solid_Sword]","fa:Solid_Sword:#2D8CFF","Solid Sword Solid Sword"
"Solid_SwordLaser","Solid","fa:Solid","SwordLaser","[fa:Solid_SwordLaser]","fa:Solid_SwordLaser:#2D8CFF","Solid SwordLaser Solid SwordLaser"
"Solid_SwordLaserAlt","Solid","fa:Solid","SwordLaserAlt","[fa:Solid_SwordLaserAlt]","fa:Solid_SwordLaserAlt:#2D8CFF","Solid SwordLaserAlt Solid SwordLaserAlt"
"Solid_Swords","Solid","fa:Solid","Swords","[fa:Solid_Swords]","fa:Solid_Swords:#2D8CFF","Solid Swords Solid Swords"
"Solid_SwordsLaser","Solid","fa:Solid","SwordsLaser","[fa:Solid_SwordsLaser]","fa:Solid_SwordsLaser:#2D8CFF","Solid SwordsLaser Solid SwordsLaser"
"Solid_Synagogue","Solid","fa:Solid","Synagogue","[fa:Solid_Synagogue]","fa:Solid_Synagogue:#2D8CFF","Solid Synagogue Solid Synagogue"
"Solid_Sync","Solid","fa:Solid","Sync","[fa:Solid_Sync]","fa:Solid_Sync:#2D8CFF","Solid Sync Solid Sync"
"Solid_SyncAlt","Solid","fa:Solid","SyncAlt","[fa:Solid_SyncAlt]","fa:Solid_SyncAlt:#2D8CFF","Solid SyncAlt Solid SyncAlt"
"Solid_Syringe","Solid","fa:Solid","Syringe","[fa:Solid_Syringe]","fa:Solid_Syringe:#2D8CFF","Solid Syringe Solid Syringe"
"Solid_Table","Solid","fa:Solid","Table","[fa:Solid_Table]","fa:Solid_Table:#2D8CFF","Solid Table Solid Table"
"Solid_TableTennis","Solid","fa:Solid","TableTennis","[fa:Solid_TableTennis]","fa:Solid_TableTennis:#2D8CFF","Solid TableTennis Solid TableTennis"
"Solid_Tablet","Solid","fa:Solid","Tablet","[fa:Solid_Tablet]","fa:Solid_Tablet:#2D8CFF","Solid Tablet Solid Tablet"
"Solid_TabletAlt","Solid","fa:Solid","TabletAlt","[fa:Solid_TabletAlt]","fa:Solid_TabletAlt:#2D8CFF","Solid TabletAlt Solid TabletAlt"
"Solid_TabletAndroid","Solid","fa:Solid","TabletAndroid","[fa:Solid_TabletAndroid]","fa:Solid_TabletAndroid:#2D8CFF","Solid TabletAndroid Solid TabletAndroid"
"Solid_TabletAndroidAlt","Solid","fa:Solid","TabletAndroidAlt","[fa:Solid_TabletAndroidAlt]","fa:Solid_TabletAndroidAlt:#2D8CFF","Solid TabletAndroidAlt Solid TabletAndroidAlt"
"Solid_TabletRugged","Solid","fa:Solid","TabletRugged","[fa:Solid_TabletRugged]","fa:Solid_TabletRugged:#2D8CFF","Solid TabletRugged Solid TabletRugged"
"Solid_Tablets","Solid","fa:Solid","Tablets","[fa:Solid_Tablets]","fa:Solid_Tablets:#2D8CFF","Solid Tablets Solid Tablets"
"Solid_Tachometer","Solid","fa:Solid","Tachometer","[fa:Solid_Tachometer]","fa:Solid_Tachometer:#2D8CFF","Solid Tachometer Solid Tachometer"
"Solid_TachometerAlt","Solid","fa:Solid","TachometerAlt","[fa:Solid_TachometerAlt]","fa:Solid_TachometerAlt:#2D8CFF","Solid TachometerAlt Solid TachometerAlt"
"Solid_TachometerAltAverage","Solid","fa:Solid","TachometerAltAverage","[fa:Solid_TachometerAltAverage]","fa:Solid_TachometerAltAverage:#2D8CFF","Solid TachometerAltAverage Solid TachometerAltAverage"
"Solid_TachometerAltFast","Solid","fa:Solid","TachometerAltFast","[fa:Solid_TachometerAltFast]","fa:Solid_TachometerAltFast:#2D8CFF","Solid TachometerAltFast Solid TachometerAltFast"
"Solid_TachometerAltFastest","Solid","fa:Solid","TachometerAltFastest","[fa:Solid_TachometerAltFastest]","fa:Solid_TachometerAltFastest:#2D8CFF","Solid TachometerAltFastest Solid TachometerAltFastest"
"Solid_TachometerAltSlow","Solid","fa:Solid","TachometerAltSlow","[fa:Solid_TachometerAltSlow]","fa:Solid_TachometerAltSlow:#2D8CFF","Solid TachometerAltSlow Solid TachometerAltSlow"
"Solid_TachometerAltSlowest","Solid","fa:Solid","TachometerAltSlowest","[fa:Solid_TachometerAltSlowest]","fa:Solid_TachometerAltSlowest:#2D8CFF","Solid TachometerAltSlowest Solid TachometerAltSlowest"
"Solid_TachometerAverage","Solid","fa:Solid","TachometerAverage","[fa:Solid_TachometerAverage]","fa:Solid_TachometerAverage:#2D8CFF","Solid TachometerAverage Solid TachometerAverage"
"Solid_TachometerFast","Solid","fa:Solid","TachometerFast","[fa:Solid_TachometerFast]","fa:Solid_TachometerFast:#2D8CFF","Solid TachometerFast Solid TachometerFast"
"Solid_TachometerFastest","Solid","fa:Solid","TachometerFastest","[fa:Solid_TachometerFastest]","fa:Solid_TachometerFastest:#2D8CFF","Solid TachometerFastest Solid TachometerFastest"
"Solid_TachometerSlow","Solid","fa:Solid","TachometerSlow","[fa:Solid_TachometerSlow]","fa:Solid_TachometerSlow:#2D8CFF","Solid TachometerSlow Solid TachometerSlow"
"Solid_TachometerSlowest","Solid","fa:Solid","TachometerSlowest","[fa:Solid_TachometerSlowest]","fa:Solid_TachometerSlowest:#2D8CFF","Solid TachometerSlowest Solid TachometerSlowest"
"Solid_Taco","Solid","fa:Solid","Taco","[fa:Solid_Taco]","fa:Solid_Taco:#2D8CFF","Solid Taco Solid Taco"
"Solid_Tag","Solid","fa:Solid","Tag","[fa:Solid_Tag]","fa:Solid_Tag:#2D8CFF","Solid Tag Solid Tag"
"Solid_Tags","Solid","fa:Solid","Tags","[fa:Solid_Tags]","fa:Solid_Tags:#2D8CFF","Solid Tags Solid Tags"
"Solid_Tally","Solid","fa:Solid","Tally","[fa:Solid_Tally]","fa:Solid_Tally:#2D8CFF","Solid Tally Solid Tally"
"Solid_Tanakh","Solid","fa:Solid","Tanakh","[fa:Solid_Tanakh]","fa:Solid_Tanakh:#2D8CFF","Solid Tanakh Solid Tanakh"
"Solid_Tape","Solid","fa:Solid","Tape","[fa:Solid_Tape]","fa:Solid_Tape:#2D8CFF","Solid Tape Solid Tape"
"Solid_Tasks","Solid","fa:Solid","Tasks","[fa:Solid_Tasks]","fa:Solid_Tasks:#2D8CFF","Solid Tasks Solid Tasks"
"Solid_TasksAlt","Solid","fa:Solid","TasksAlt","[fa:Solid_TasksAlt]","fa:Solid_TasksAlt:#2D8CFF","Solid TasksAlt Solid TasksAlt"
"Solid_Taxi","Solid","fa:Solid","Taxi","[fa:Solid_Taxi]","fa:Solid_Taxi:#2D8CFF","Solid Taxi Solid Taxi"
"Solid_Teeth","Solid","fa:Solid","Teeth","[fa:Solid_Teeth]","fa:Solid_Teeth:#2D8CFF","Solid Teeth Solid Teeth"
"Solid_TeethOpen","Solid","fa:Solid","TeethOpen","[fa:Solid_TeethOpen]","fa:Solid_TeethOpen:#2D8CFF","Solid TeethOpen Solid TeethOpen"
"Solid_Telescope","Solid","fa:Solid","Telescope","[fa:Solid_Telescope]","fa:Solid_Telescope:#2D8CFF","Solid Telescope Solid Telescope"
"Solid_TemperatureDown","Solid","fa:Solid","TemperatureDown","[fa:Solid_TemperatureDown]","fa:Solid_TemperatureDown:#2D8CFF","Solid TemperatureDown Solid TemperatureDown"
"Solid_TemperatureFrigid","Solid","fa:Solid","TemperatureFrigid","[fa:Solid_TemperatureFrigid]","fa:Solid_TemperatureFrigid:#2D8CFF","Solid TemperatureFrigid Solid TemperatureFrigid"
"Solid_TemperatureHigh","Solid","fa:Solid","TemperatureHigh","[fa:Solid_TemperatureHigh]","fa:Solid_TemperatureHigh:#2D8CFF","Solid TemperatureHigh Solid TemperatureHigh"
"Solid_TemperatureHot","Solid","fa:Solid","TemperatureHot","[fa:Solid_TemperatureHot]","fa:Solid_TemperatureHot:#2D8CFF","Solid TemperatureHot Solid TemperatureHot"
"Solid_TemperatureLow","Solid","fa:Solid","TemperatureLow","[fa:Solid_TemperatureLow]","fa:Solid_TemperatureLow:#2D8CFF","Solid TemperatureLow Solid TemperatureLow"
"Solid_TemperatureUp","Solid","fa:Solid","TemperatureUp","[fa:Solid_TemperatureUp]","fa:Solid_TemperatureUp:#2D8CFF","Solid TemperatureUp Solid TemperatureUp"
"Solid_Tenge","Solid","fa:Solid","Tenge","[fa:Solid_Tenge]","fa:Solid_Tenge:#2D8CFF","Solid Tenge Solid Tenge"
"Solid_TennisBall","Solid","fa:Solid","TennisBall","[fa:Solid_TennisBall]","fa:Solid_TennisBall:#2D8CFF","Solid TennisBall Solid TennisBall"
"Solid_Terminal","Solid","fa:Solid","Terminal","[fa:Solid_Terminal]","fa:Solid_Terminal:#2D8CFF","Solid Terminal Solid Terminal"
"Solid_Text","Solid","fa:Solid","Text","[fa:Solid_Text]","fa:Solid_Text:#2D8CFF","Solid Text Solid Text"
"Solid_TextHeight","Solid","fa:Solid","TextHeight","[fa:Solid_TextHeight]","fa:Solid_TextHeight:#2D8CFF","Solid TextHeight Solid TextHeight"
"Solid_TextSize","Solid","fa:Solid","TextSize","[fa:Solid_TextSize]","fa:Solid_TextSize:#2D8CFF","Solid TextSize Solid TextSize"
"Solid_TextWidth","Solid","fa:Solid","TextWidth","[fa:Solid_TextWidth]","fa:Solid_TextWidth:#2D8CFF","Solid TextWidth Solid TextWidth"
"Solid_Th","Solid","fa:Solid","Th","[fa:Solid_Th]","fa:Solid_Th:#2D8CFF","Solid Th Solid Th"
"Solid_ThLarge","Solid","fa:Solid","ThLarge","[fa:Solid_ThLarge]","fa:Solid_ThLarge:#2D8CFF","Solid ThLarge Solid ThLarge"
"Solid_ThList","Solid","fa:Solid","ThList","[fa:Solid_ThList]","fa:Solid_ThList:#2D8CFF","Solid ThList Solid ThList"
"Solid_TheaterMasks","Solid","fa:Solid","TheaterMasks","[fa:Solid_TheaterMasks]","fa:Solid_TheaterMasks:#2D8CFF","Solid TheaterMasks Solid TheaterMasks"
"Solid_Thermometer","Solid","fa:Solid","Thermometer","[fa:Solid_Thermometer]","fa:Solid_Thermometer:#2D8CFF","Solid Thermometer Solid Thermometer"
"Solid_ThermometerEmpty","Solid","fa:Solid","ThermometerEmpty","[fa:Solid_ThermometerEmpty]","fa:Solid_ThermometerEmpty:#2D8CFF","Solid ThermometerEmpty Solid ThermometerEmpty"
"Solid_ThermometerFull","Solid","fa:Solid","ThermometerFull","[fa:Solid_ThermometerFull]","fa:Solid_ThermometerFull:#2D8CFF","Solid ThermometerFull Solid ThermometerFull"
"Solid_ThermometerHalf","Solid","fa:Solid","ThermometerHalf","[fa:Solid_ThermometerHalf]","fa:Solid_ThermometerHalf:#2D8CFF","Solid ThermometerHalf Solid ThermometerHalf"
"Solid_ThermometerQuarter","Solid","fa:Solid","ThermometerQuarter","[fa:Solid_ThermometerQuarter]","fa:Solid_ThermometerQuarter:#2D8CFF","Solid ThermometerQuarter Solid ThermometerQuarter"
"Solid_ThermometerThreeQuarters","Solid","fa:Solid","ThermometerThreeQuarters","[fa:Solid_ThermometerThreeQuarters]","fa:Solid_ThermometerThreeQuarters:#2D8CFF","Solid ThermometerThreeQuarters Solid ThermometerThreeQuarters"
"Solid_Theta","Solid","fa:Solid","Theta","[fa:Solid_Theta]","fa:Solid_Theta:#2D8CFF","Solid Theta Solid Theta"
"Solid_ThumbsDown","Solid","fa:Solid","ThumbsDown","[fa:Solid_ThumbsDown]","fa:Solid_ThumbsDown:#2D8CFF","Solid ThumbsDown Solid ThumbsDown"
"Solid_ThumbsUp","Solid","fa:Solid","ThumbsUp","[fa:Solid_ThumbsUp]","fa:Solid_ThumbsUp:#2D8CFF","Solid ThumbsUp Solid ThumbsUp"
"Solid_Thumbtack","Solid","fa:Solid","Thumbtack","[fa:Solid_Thumbtack]","fa:Solid_Thumbtack:#2D8CFF","Solid Thumbtack Solid Thumbtack"
"Solid_Thunderstorm","Solid","fa:Solid","Thunderstorm","[fa:Solid_Thunderstorm]","fa:Solid_Thunderstorm:#2D8CFF","Solid Thunderstorm Solid Thunderstorm"
"Solid_ThunderstormMoon","Solid","fa:Solid","ThunderstormMoon","[fa:Solid_ThunderstormMoon]","fa:Solid_ThunderstormMoon:#2D8CFF","Solid ThunderstormMoon Solid ThunderstormMoon"
"Solid_ThunderstormSun","Solid","fa:Solid","ThunderstormSun","[fa:Solid_ThunderstormSun]","fa:Solid_ThunderstormSun:#2D8CFF","Solid ThunderstormSun Solid ThunderstormSun"
"Solid_Ticket","Solid","fa:Solid","Ticket","[fa:Solid_Ticket]","fa:Solid_Ticket:#2D8CFF","Solid Ticket Solid Ticket"
"Solid_TicketAlt","Solid","fa:Solid","TicketAlt","[fa:Solid_TicketAlt]","fa:Solid_TicketAlt:#2D8CFF","Solid TicketAlt Solid TicketAlt"
"Solid_Tilde","Solid","fa:Solid","Tilde","[fa:Solid_Tilde]","fa:Solid_Tilde:#2D8CFF","Solid Tilde Solid Tilde"
"Solid_Times","Solid","fa:Solid","Times","[fa:Solid_Times]","fa:Solid_Times:#2D8CFF","Solid Times Solid Times"
"Solid_TimesCircle","Solid","fa:Solid","TimesCircle","[fa:Solid_TimesCircle]","fa:Solid_TimesCircle:#2D8CFF","Solid TimesCircle Solid TimesCircle"
"Solid_TimesHexagon","Solid","fa:Solid","TimesHexagon","[fa:Solid_TimesHexagon]","fa:Solid_TimesHexagon:#2D8CFF","Solid TimesHexagon Solid TimesHexagon"
"Solid_TimesOctagon","Solid","fa:Solid","TimesOctagon","[fa:Solid_TimesOctagon]","fa:Solid_TimesOctagon:#2D8CFF","Solid TimesOctagon Solid TimesOctagon"
"Solid_TimesSquare","Solid","fa:Solid","TimesSquare","[fa:Solid_TimesSquare]","fa:Solid_TimesSquare:#2D8CFF","Solid TimesSquare Solid TimesSquare"
"Solid_Tint","Solid","fa:Solid","Tint","[fa:Solid_Tint]","fa:Solid_Tint:#2D8CFF","Solid Tint Solid Tint"
"Solid_TintSlash","Solid","fa:Solid","TintSlash","[fa:Solid_TintSlash]","fa:Solid_TintSlash:#2D8CFF","Solid TintSlash Solid TintSlash"
"Solid_Tire","Solid","fa:Solid","Tire","[fa:Solid_Tire]","fa:Solid_Tire:#2D8CFF","Solid Tire Solid Tire"
"Solid_TireFlat","Solid","fa:Solid","TireFlat","[fa:Solid_TireFlat]","fa:Solid_TireFlat:#2D8CFF","Solid TireFlat Solid TireFlat"
"Solid_TirePressureWarning","Solid","fa:Solid","TirePressureWarning","[fa:Solid_TirePressureWarning]","fa:Solid_TirePressureWarning:#2D8CFF","Solid TirePressureWarning Solid TirePressureWarning"
"Solid_TireRugged","Solid","fa:Solid","TireRugged","[fa:Solid_TireRugged]","fa:Solid_TireRugged:#2D8CFF","Solid TireRugged Solid TireRugged"
"Solid_Tired","Solid","fa:Solid","Tired","[fa:Solid_Tired]","fa:Solid_Tired:#2D8CFF","Solid Tired Solid Tired"
"Solid_ToggleOff","Solid","fa:Solid","ToggleOff","[fa:Solid_ToggleOff]","fa:Solid_ToggleOff:#2D8CFF","Solid ToggleOff Solid ToggleOff"
"Solid_ToggleOn","Solid","fa:Solid","ToggleOn","[fa:Solid_ToggleOn]","fa:Solid_ToggleOn:#2D8CFF","Solid ToggleOn Solid ToggleOn"
"Solid_Toilet","Solid","fa:Solid","Toilet","[fa:Solid_Toilet]","fa:Solid_Toilet:#2D8CFF","Solid Toilet Solid Toilet"
"Solid_ToiletPaper","Solid","fa:Solid","ToiletPaper","[fa:Solid_ToiletPaper]","fa:Solid_ToiletPaper:#2D8CFF","Solid ToiletPaper Solid ToiletPaper"
"Solid_ToiletPaperAlt","Solid","fa:Solid","ToiletPaperAlt","[fa:Solid_ToiletPaperAlt]","fa:Solid_ToiletPaperAlt:#2D8CFF","Solid ToiletPaperAlt Solid ToiletPaperAlt"
"Solid_ToiletPaperSlash","Solid","fa:Solid","ToiletPaperSlash","[fa:Solid_ToiletPaperSlash]","fa:Solid_ToiletPaperSlash:#2D8CFF","Solid ToiletPaperSlash Solid ToiletPaperSlash"
"Solid_Tombstone","Solid","fa:Solid","Tombstone","[fa:Solid_Tombstone]","fa:Solid_Tombstone:#2D8CFF","Solid Tombstone Solid Tombstone"
"Solid_TombstoneAlt","Solid","fa:Solid","TombstoneAlt","[fa:Solid_TombstoneAlt]","fa:Solid_TombstoneAlt:#2D8CFF","Solid TombstoneAlt Solid TombstoneAlt"
"Solid_Toolbox","Solid","fa:Solid","Toolbox","[fa:Solid_Toolbox]","fa:Solid_Toolbox:#2D8CFF","Solid Toolbox Solid Toolbox"
"Solid_Tools","Solid","fa:Solid","Tools","[fa:Solid_Tools]","fa:Solid_Tools:#2D8CFF","Solid Tools Solid Tools"
"Solid_Tooth","Solid","fa:Solid","Tooth","[fa:Solid_Tooth]","fa:Solid_Tooth:#2D8CFF","Solid Tooth Solid Tooth"
"Solid_Toothbrush","Solid","fa:Solid","Toothbrush","[fa:Solid_Toothbrush]","fa:Solid_Toothbrush:#2D8CFF","Solid Toothbrush Solid Toothbrush"
"Solid_Torah","Solid","fa:Solid","Torah","[fa:Solid_Torah]","fa:Solid_Torah:#2D8CFF","Solid Torah Solid Torah"
"Solid_ToriiGate","Solid","fa:Solid","ToriiGate","[fa:Solid_ToriiGate]","fa:Solid_ToriiGate:#2D8CFF","Solid ToriiGate Solid ToriiGate"
"Solid_Tornado","Solid","fa:Solid","Tornado","[fa:Solid_Tornado]","fa:Solid_Tornado:#2D8CFF","Solid Tornado Solid Tornado"
"Solid_Tractor","Solid","fa:Solid","Tractor","[fa:Solid_Tractor]","fa:Solid_Tractor:#2D8CFF","Solid Tractor Solid Tractor"
"Solid_Trademark","Solid","fa:Solid","Trademark","[fa:Solid_Trademark]","fa:Solid_Trademark:#2D8CFF","Solid Trademark Solid Trademark"
"Solid_TrafficCone","Solid","fa:Solid","TrafficCone","[fa:Solid_TrafficCone]","fa:Solid_TrafficCone:#2D8CFF","Solid TrafficCone Solid TrafficCone"
"Solid_TrafficLight","Solid","fa:Solid","TrafficLight","[fa:Solid_TrafficLight]","fa:Solid_TrafficLight:#2D8CFF","Solid TrafficLight Solid TrafficLight"
"Solid_TrafficLightGo","Solid","fa:Solid","TrafficLightGo","[fa:Solid_TrafficLightGo]","fa:Solid_TrafficLightGo:#2D8CFF","Solid TrafficLightGo Solid TrafficLightGo"
"Solid_TrafficLightSlow","Solid","fa:Solid","TrafficLightSlow","[fa:Solid_TrafficLightSlow]","fa:Solid_TrafficLightSlow:#2D8CFF","Solid TrafficLightSlow Solid TrafficLightSlow"
"Solid_TrafficLightStop","Solid","fa:Solid","TrafficLightStop","[fa:Solid_TrafficLightStop]","fa:Solid_TrafficLightStop:#2D8CFF","Solid TrafficLightStop Solid TrafficLightStop"
"Solid_Trailer","Solid","fa:Solid","Trailer","[fa:Solid_Trailer]","fa:Solid_Trailer:#2D8CFF","Solid Trailer Solid Trailer"
"Solid_Train","Solid","fa:Solid","Train","[fa:Solid_Train]","fa:Solid_Train:#2D8CFF","Solid Train Solid Train"
"Solid_Tram","Solid","fa:Solid","Tram","[fa:Solid_Tram]","fa:Solid_Tram:#2D8CFF","Solid Tram Solid Tram"
"Solid_Transgender","Solid","fa:Solid","Transgender","[fa:Solid_Transgender]","fa:Solid_Transgender:#2D8CFF","Solid Transgender Solid Transgender"
"Solid_TransgenderAlt","Solid","fa:Solid","TransgenderAlt","[fa:Solid_TransgenderAlt]","fa:Solid_TransgenderAlt:#2D8CFF","Solid TransgenderAlt Solid TransgenderAlt"
"Solid_Transporter","Solid","fa:Solid","Transporter","[fa:Solid_Transporter]","fa:Solid_Transporter:#2D8CFF","Solid Transporter Solid Transporter"
"Solid_Transporter1","Solid","fa:Solid","Transporter1","[fa:Solid_Transporter1]","fa:Solid_Transporter1:#2D8CFF","Solid Transporter1 Solid Transporter1"
"Solid_Transporter2","Solid","fa:Solid","Transporter2","[fa:Solid_Transporter2]","fa:Solid_Transporter2:#2D8CFF","Solid Transporter2 Solid Transporter2"
"Solid_Transporter3","Solid","fa:Solid","Transporter3","[fa:Solid_Transporter3]","fa:Solid_Transporter3:#2D8CFF","Solid Transporter3 Solid Transporter3"
"Solid_TransporterEmpty","Solid","fa:Solid","TransporterEmpty","[fa:Solid_TransporterEmpty]","fa:Solid_TransporterEmpty:#2D8CFF","Solid TransporterEmpty Solid TransporterEmpty"
"Solid_Trash","Solid","fa:Solid","Trash","[fa:Solid_Trash]","fa:Solid_Trash:#2D8CFF","Solid Trash Solid Trash"
"Solid_TrashAlt","Solid","fa:Solid","TrashAlt","[fa:Solid_TrashAlt]","fa:Solid_TrashAlt:#2D8CFF","Solid TrashAlt Solid TrashAlt"
"Solid_TrashRestore","Solid","fa:Solid","TrashRestore","[fa:Solid_TrashRestore]","fa:Solid_TrashRestore:#2D8CFF","Solid TrashRestore Solid TrashRestore"
"Solid_TrashRestoreAlt","Solid","fa:Solid","TrashRestoreAlt","[fa:Solid_TrashRestoreAlt]","fa:Solid_TrashRestoreAlt:#2D8CFF","Solid TrashRestoreAlt Solid TrashRestoreAlt"
"Solid_TrashUndo","Solid","fa:Solid","TrashUndo","[fa:Solid_TrashUndo]","fa:Solid_TrashUndo:#2D8CFF","Solid TrashUndo Solid TrashUndo"
"Solid_TrashUndoAlt","Solid","fa:Solid","TrashUndoAlt","[fa:Solid_TrashUndoAlt]","fa:Solid_TrashUndoAlt:#2D8CFF","Solid TrashUndoAlt Solid TrashUndoAlt"
"Solid_TreasureChest","Solid","fa:Solid","TreasureChest","[fa:Solid_TreasureChest]","fa:Solid_TreasureChest:#2D8CFF","Solid TreasureChest Solid TreasureChest"
"Solid_Tree","Solid","fa:Solid","Tree","[fa:Solid_Tree]","fa:Solid_Tree:#2D8CFF","Solid Tree Solid Tree"
"Solid_TreeAlt","Solid","fa:Solid","TreeAlt","[fa:Solid_TreeAlt]","fa:Solid_TreeAlt:#2D8CFF","Solid TreeAlt Solid TreeAlt"
"Solid_TreeChristmas","Solid","fa:Solid","TreeChristmas","[fa:Solid_TreeChristmas]","fa:Solid_TreeChristmas:#2D8CFF","Solid TreeChristmas Solid TreeChristmas"
"Solid_TreeDecorated","Solid","fa:Solid","TreeDecorated","[fa:Solid_TreeDecorated]","fa:Solid_TreeDecorated:#2D8CFF","Solid TreeDecorated Solid TreeDecorated"
"Solid_TreeLarge","Solid","fa:Solid","TreeLarge","[fa:Solid_TreeLarge]","fa:Solid_TreeLarge:#2D8CFF","Solid TreeLarge Solid TreeLarge"
"Solid_TreePalm","Solid","fa:Solid","TreePalm","[fa:Solid_TreePalm]","fa:Solid_TreePalm:#2D8CFF","Solid TreePalm Solid TreePalm"
"Solid_Trees","Solid","fa:Solid","Trees","[fa:Solid_Trees]","fa:Solid_Trees:#2D8CFF","Solid Trees Solid Trees"
"Solid_Triangle","Solid","fa:Solid","Triangle","[fa:Solid_Triangle]","fa:Solid_Triangle:#2D8CFF","Solid Triangle Solid Triangle"
"Solid_TriangleMusic","Solid","fa:Solid","TriangleMusic","[fa:Solid_TriangleMusic]","fa:Solid_TriangleMusic:#2D8CFF","Solid TriangleMusic Solid TriangleMusic"
"Solid_Trophy","Solid","fa:Solid","Trophy","[fa:Solid_Trophy]","fa:Solid_Trophy:#2D8CFF","Solid Trophy Solid Trophy"
"Solid_TrophyAlt","Solid","fa:Solid","TrophyAlt","[fa:Solid_TrophyAlt]","fa:Solid_TrophyAlt:#2D8CFF","Solid TrophyAlt Solid TrophyAlt"
"Solid_Truck","Solid","fa:Solid","Truck","[fa:Solid_Truck]","fa:Solid_Truck:#2D8CFF","Solid Truck Solid Truck"
"Solid_TruckContainer","Solid","fa:Solid","TruckContainer","[fa:Solid_TruckContainer]","fa:Solid_TruckContainer:#2D8CFF","Solid TruckContainer Solid TruckContainer"
"Solid_TruckCouch","Solid","fa:Solid","TruckCouch","[fa:Solid_TruckCouch]","fa:Solid_TruckCouch:#2D8CFF","Solid TruckCouch Solid TruckCouch"
"Solid_TruckLoading","Solid","fa:Solid","TruckLoading","[fa:Solid_TruckLoading]","fa:Solid_TruckLoading:#2D8CFF","Solid TruckLoading Solid TruckLoading"
"Solid_TruckMonster","Solid","fa:Solid","TruckMonster","[fa:Solid_TruckMonster]","fa:Solid_TruckMonster:#2D8CFF","Solid TruckMonster Solid TruckMonster"
"Solid_TruckMoving","Solid","fa:Solid","TruckMoving","[fa:Solid_TruckMoving]","fa:Solid_TruckMoving:#2D8CFF","Solid TruckMoving Solid TruckMoving"
"Solid_TruckPickup","Solid","fa:Solid","TruckPickup","[fa:Solid_TruckPickup]","fa:Solid_TruckPickup:#2D8CFF","Solid TruckPickup Solid TruckPickup"
"Solid_TruckPlow","Solid","fa:Solid","TruckPlow","[fa:Solid_TruckPlow]","fa:Solid_TruckPlow:#2D8CFF","Solid TruckPlow Solid TruckPlow"
"Solid_TruckRamp","Solid","fa:Solid","TruckRamp","[fa:Solid_TruckRamp]","fa:Solid_TruckRamp:#2D8CFF","Solid TruckRamp Solid TruckRamp"
"Solid_Trumpet","Solid","fa:Solid","Trumpet","[fa:Solid_Trumpet]","fa:Solid_Trumpet:#2D8CFF","Solid Trumpet Solid Trumpet"
"Solid_Tshirt","Solid","fa:Solid","Tshirt","[fa:Solid_Tshirt]","fa:Solid_Tshirt:#2D8CFF","Solid Tshirt Solid Tshirt"
"Solid_Tty","Solid","fa:Solid","Tty","[fa:Solid_Tty]","fa:Solid_Tty:#2D8CFF","Solid Tty Solid Tty"
"Solid_Turkey","Solid","fa:Solid","Turkey","[fa:Solid_Turkey]","fa:Solid_Turkey:#2D8CFF","Solid Turkey Solid Turkey"
"Solid_Turntable","Solid","fa:Solid","Turntable","[fa:Solid_Turntable]","fa:Solid_Turntable:#2D8CFF","Solid Turntable Solid Turntable"
"Solid_Turtle","Solid","fa:Solid","Turtle","[fa:Solid_Turtle]","fa:Solid_Turtle:#2D8CFF","Solid Turtle Solid Turtle"
"Solid_Tv","Solid","fa:Solid","Tv","[fa:Solid_Tv]","fa:Solid_Tv:#2D8CFF","Solid Tv Solid Tv"
"Solid_TvAlt","Solid","fa:Solid","TvAlt","[fa:Solid_TvAlt]","fa:Solid_TvAlt:#2D8CFF","Solid TvAlt Solid TvAlt"
"Solid_TvMusic","Solid","fa:Solid","TvMusic","[fa:Solid_TvMusic]","fa:Solid_TvMusic:#2D8CFF","Solid TvMusic Solid TvMusic"
"Solid_TvRetro","Solid","fa:Solid","TvRetro","[fa:Solid_TvRetro]","fa:Solid_TvRetro:#2D8CFF","Solid TvRetro Solid TvRetro"
"Solid_Typewriter","Solid","fa:Solid","Typewriter","[fa:Solid_Typewriter]","fa:Solid_Typewriter:#2D8CFF","Solid Typewriter Solid Typewriter"
"Solid_Ufo","Solid","fa:Solid","Ufo","[fa:Solid_Ufo]","fa:Solid_Ufo:#2D8CFF","Solid Ufo Solid Ufo"
"Solid_UfoBeam","Solid","fa:Solid","UfoBeam","[fa:Solid_UfoBeam]","fa:Solid_UfoBeam:#2D8CFF","Solid UfoBeam Solid UfoBeam"
"Solid_Umbrella","Solid","fa:Solid","Umbrella","[fa:Solid_Umbrella]","fa:Solid_Umbrella:#2D8CFF","Solid Umbrella Solid Umbrella"
"Solid_UmbrellaBeach","Solid","fa:Solid","UmbrellaBeach","[fa:Solid_UmbrellaBeach]","fa:Solid_UmbrellaBeach:#2D8CFF","Solid UmbrellaBeach Solid UmbrellaBeach"
"Solid_Underline","Solid","fa:Solid","Underline","[fa:Solid_Underline]","fa:Solid_Underline:#2D8CFF","Solid Underline Solid Underline"
"Solid_Undo","Solid","fa:Solid","Undo","[fa:Solid_Undo]","fa:Solid_Undo:#2D8CFF","Solid Undo Solid Undo"
"Solid_UndoAlt","Solid","fa:Solid","UndoAlt","[fa:Solid_UndoAlt]","fa:Solid_UndoAlt:#2D8CFF","Solid UndoAlt Solid UndoAlt"
"Solid_Unicorn","Solid","fa:Solid","Unicorn","[fa:Solid_Unicorn]","fa:Solid_Unicorn:#2D8CFF","Solid Unicorn Solid Unicorn"
"Solid_Union","Solid","fa:Solid","Union","[fa:Solid_Union]","fa:Solid_Union:#2D8CFF","Solid Union Solid Union"
"Solid_UniversalAccess","Solid","fa:Solid","UniversalAccess","[fa:Solid_UniversalAccess]","fa:Solid_UniversalAccess:#2D8CFF","Solid UniversalAccess Solid UniversalAccess"
"Solid_University","Solid","fa:Solid","University","[fa:Solid_University]","fa:Solid_University:#2D8CFF","Solid University Solid University"
"Solid_Unlink","Solid","fa:Solid","Unlink","[fa:Solid_Unlink]","fa:Solid_Unlink:#2D8CFF","Solid Unlink Solid Unlink"
"Solid_Unlock","Solid","fa:Solid","Unlock","[fa:Solid_Unlock]","fa:Solid_Unlock:#2D8CFF","Solid Unlock Solid Unlock"
"Solid_UnlockAlt","Solid","fa:Solid","UnlockAlt","[fa:Solid_UnlockAlt]","fa:Solid_UnlockAlt:#2D8CFF","Solid UnlockAlt Solid UnlockAlt"
"Solid_Upload","Solid","fa:Solid","Upload","[fa:Solid_Upload]","fa:Solid_Upload:#2D8CFF","Solid Upload Solid Upload"
"Solid_UsbDrive","Solid","fa:Solid","UsbDrive","[fa:Solid_UsbDrive]","fa:Solid_UsbDrive:#2D8CFF","Solid UsbDrive Solid UsbDrive"
"Solid_UsdCircle","Solid","fa:Solid","UsdCircle","[fa:Solid_UsdCircle]","fa:Solid_UsdCircle:#2D8CFF","Solid UsdCircle Solid UsdCircle"
"Solid_UsdSquare","Solid","fa:Solid","UsdSquare","[fa:Solid_UsdSquare]","fa:Solid_UsdSquare:#2D8CFF","Solid UsdSquare Solid UsdSquare"
"Solid_User","Solid","fa:Solid","User","[fa:Solid_User]","fa:Solid_User:#2D8CFF","Solid User Solid User"
"Solid_UserAlien","Solid","fa:Solid","UserAlien","[fa:Solid_UserAlien]","fa:Solid_UserAlien:#2D8CFF","Solid UserAlien Solid UserAlien"
"Solid_UserAlt","Solid","fa:Solid","UserAlt","[fa:Solid_UserAlt]","fa:Solid_UserAlt:#2D8CFF","Solid UserAlt Solid UserAlt"
"Solid_UserAltSlash","Solid","fa:Solid","UserAltSlash","[fa:Solid_UserAltSlash]","fa:Solid_UserAltSlash:#2D8CFF","Solid UserAltSlash Solid UserAltSlash"
"Solid_UserAstronaut","Solid","fa:Solid","UserAstronaut","[fa:Solid_UserAstronaut]","fa:Solid_UserAstronaut:#2D8CFF","Solid UserAstronaut Solid UserAstronaut"
"Solid_UserChart","Solid","fa:Solid","UserChart","[fa:Solid_UserChart]","fa:Solid_UserChart:#2D8CFF","Solid UserChart Solid UserChart"
"Solid_UserCheck","Solid","fa:Solid","UserCheck","[fa:Solid_UserCheck]","fa:Solid_UserCheck:#2D8CFF","Solid UserCheck Solid UserCheck"
"Solid_UserCircle","Solid","fa:Solid","UserCircle","[fa:Solid_UserCircle]","fa:Solid_UserCircle:#2D8CFF","Solid UserCircle Solid UserCircle"
"Solid_UserClock","Solid","fa:Solid","UserClock","[fa:Solid_UserClock]","fa:Solid_UserClock:#2D8CFF","Solid UserClock Solid UserClock"
"Solid_UserCog","Solid","fa:Solid","UserCog","[fa:Solid_UserCog]","fa:Solid_UserCog:#2D8CFF","Solid UserCog Solid UserCog"
"Solid_UserCowboy","Solid","fa:Solid","UserCowboy","[fa:Solid_UserCowboy]","fa:Solid_UserCowboy:#2D8CFF","Solid UserCowboy Solid UserCowboy"
"Solid_UserCrown","Solid","fa:Solid","UserCrown","[fa:Solid_UserCrown]","fa:Solid_UserCrown:#2D8CFF","Solid UserCrown Solid UserCrown"
"Solid_UserEdit","Solid","fa:Solid","UserEdit","[fa:Solid_UserEdit]","fa:Solid_UserEdit:#2D8CFF","Solid UserEdit Solid UserEdit"
"Solid_UserFriends","Solid","fa:Solid","UserFriends","[fa:Solid_UserFriends]","fa:Solid_UserFriends:#2D8CFF","Solid UserFriends Solid UserFriends"
"Solid_UserGraduate","Solid","fa:Solid","UserGraduate","[fa:Solid_UserGraduate]","fa:Solid_UserGraduate:#2D8CFF","Solid UserGraduate Solid UserGraduate"
"Solid_UserHardHat","Solid","fa:Solid","UserHardHat","[fa:Solid_UserHardHat]","fa:Solid_UserHardHat:#2D8CFF","Solid UserHardHat Solid UserHardHat"
"Solid_UserHeadset","Solid","fa:Solid","UserHeadset","[fa:Solid_UserHeadset]","fa:Solid_UserHeadset:#2D8CFF","Solid UserHeadset Solid UserHeadset"
"Solid_UserInjured","Solid","fa:Solid","UserInjured","[fa:Solid_UserInjured]","fa:Solid_UserInjured:#2D8CFF","Solid UserInjured Solid UserInjured"
"Solid_UserLock","Solid","fa:Solid","UserLock","[fa:Solid_UserLock]","fa:Solid_UserLock:#2D8CFF","Solid UserLock Solid UserLock"
"Solid_UserMd","Solid","fa:Solid","UserMd","[fa:Solid_UserMd]","fa:Solid_UserMd:#2D8CFF","Solid UserMd Solid UserMd"
"Solid_UserMdChat","Solid","fa:Solid","UserMdChat","[fa:Solid_UserMdChat]","fa:Solid_UserMdChat:#2D8CFF","Solid UserMdChat Solid UserMdChat"
"Solid_UserMinus","Solid","fa:Solid","UserMinus","[fa:Solid_UserMinus]","fa:Solid_UserMinus:#2D8CFF","Solid UserMinus Solid UserMinus"
"Solid_UserMusic","Solid","fa:Solid","UserMusic","[fa:Solid_UserMusic]","fa:Solid_UserMusic:#2D8CFF","Solid UserMusic Solid UserMusic"
"Solid_UserNinja","Solid","fa:Solid","UserNinja","[fa:Solid_UserNinja]","fa:Solid_UserNinja:#2D8CFF","Solid UserNinja Solid UserNinja"
"Solid_UserNurse","Solid","fa:Solid","UserNurse","[fa:Solid_UserNurse]","fa:Solid_UserNurse:#2D8CFF","Solid UserNurse Solid UserNurse"
"Solid_UserPlus","Solid","fa:Solid","UserPlus","[fa:Solid_UserPlus]","fa:Solid_UserPlus:#2D8CFF","Solid UserPlus Solid UserPlus"
"Solid_UserRobot","Solid","fa:Solid","UserRobot","[fa:Solid_UserRobot]","fa:Solid_UserRobot:#2D8CFF","Solid UserRobot Solid UserRobot"
"Solid_UserSecret","Solid","fa:Solid","UserSecret","[fa:Solid_UserSecret]","fa:Solid_UserSecret:#2D8CFF","Solid UserSecret Solid UserSecret"
"Solid_UserShield","Solid","fa:Solid","UserShield","[fa:Solid_UserShield]","fa:Solid_UserShield:#2D8CFF","Solid UserShield Solid UserShield"
"Solid_UserSlash","Solid","fa:Solid","UserSlash","[fa:Solid_UserSlash]","fa:Solid_UserSlash:#2D8CFF","Solid UserSlash Solid UserSlash"
"Solid_UserTag","Solid","fa:Solid","UserTag","[fa:Solid_UserTag]","fa:Solid_UserTag:#2D8CFF","Solid UserTag Solid UserTag"
"Solid_UserTie","Solid","fa:Solid","UserTie","[fa:Solid_UserTie]","fa:Solid_UserTie:#2D8CFF","Solid UserTie Solid UserTie"
"Solid_UserTimes","Solid","fa:Solid","UserTimes","[fa:Solid_UserTimes]","fa:Solid_UserTimes:#2D8CFF","Solid UserTimes Solid UserTimes"
"Solid_UserUnlock","Solid","fa:Solid","UserUnlock","[fa:Solid_UserUnlock]","fa:Solid_UserUnlock:#2D8CFF","Solid UserUnlock Solid UserUnlock"
"Solid_UserVisor","Solid","fa:Solid","UserVisor","[fa:Solid_UserVisor]","fa:Solid_UserVisor:#2D8CFF","Solid UserVisor Solid UserVisor"
"Solid_Users","Solid","fa:Solid","Users","[fa:Solid_Users]","fa:Solid_Users:#2D8CFF","Solid Users Solid Users"
"Solid_UsersClass","Solid","fa:Solid","UsersClass","[fa:Solid_UsersClass]","fa:Solid_UsersClass:#2D8CFF","Solid UsersClass Solid UsersClass"
"Solid_UsersCog","Solid","fa:Solid","UsersCog","[fa:Solid_UsersCog]","fa:Solid_UsersCog:#2D8CFF","Solid UsersCog Solid UsersCog"
"Solid_UsersCrown","Solid","fa:Solid","UsersCrown","[fa:Solid_UsersCrown]","fa:Solid_UsersCrown:#2D8CFF","Solid UsersCrown Solid UsersCrown"
"Solid_UsersMedical","Solid","fa:Solid","UsersMedical","[fa:Solid_UsersMedical]","fa:Solid_UsersMedical:#2D8CFF","Solid UsersMedical Solid UsersMedical"
"Solid_UsersSlash","Solid","fa:Solid","UsersSlash","[fa:Solid_UsersSlash]","fa:Solid_UsersSlash:#2D8CFF","Solid UsersSlash Solid UsersSlash"
"Solid_UtensilFork","Solid","fa:Solid","UtensilFork","[fa:Solid_UtensilFork]","fa:Solid_UtensilFork:#2D8CFF","Solid UtensilFork Solid UtensilFork"
"Solid_UtensilKnife","Solid","fa:Solid","UtensilKnife","[fa:Solid_UtensilKnife]","fa:Solid_UtensilKnife:#2D8CFF","Solid UtensilKnife Solid UtensilKnife"
"Solid_UtensilSpoon","Solid","fa:Solid","UtensilSpoon","[fa:Solid_UtensilSpoon]","fa:Solid_UtensilSpoon:#2D8CFF","Solid UtensilSpoon Solid UtensilSpoon"
"Solid_Utensils","Solid","fa:Solid","Utensils","[fa:Solid_Utensils]","fa:Solid_Utensils:#2D8CFF","Solid Utensils Solid Utensils"
"Solid_UtensilsAlt","Solid","fa:Solid","UtensilsAlt","[fa:Solid_UtensilsAlt]","fa:Solid_UtensilsAlt:#2D8CFF","Solid UtensilsAlt Solid UtensilsAlt"
"Solid_Vacuum","Solid","fa:Solid","Vacuum","[fa:Solid_Vacuum]","fa:Solid_Vacuum:#2D8CFF","Solid Vacuum Solid Vacuum"
"Solid_VacuumRobot","Solid","fa:Solid","VacuumRobot","[fa:Solid_VacuumRobot]","fa:Solid_VacuumRobot:#2D8CFF","Solid VacuumRobot Solid VacuumRobot"
"Solid_ValueAbsolute","Solid","fa:Solid","ValueAbsolute","[fa:Solid_ValueAbsolute]","fa:Solid_ValueAbsolute:#2D8CFF","Solid ValueAbsolute Solid ValueAbsolute"
"Solid_VectorSquare","Solid","fa:Solid","VectorSquare","[fa:Solid_VectorSquare]","fa:Solid_VectorSquare:#2D8CFF","Solid VectorSquare Solid VectorSquare"
"Solid_Venus","Solid","fa:Solid","Venus","[fa:Solid_Venus]","fa:Solid_Venus:#2D8CFF","Solid Venus Solid Venus"
"Solid_VenusDouble","Solid","fa:Solid","VenusDouble","[fa:Solid_VenusDouble]","fa:Solid_VenusDouble:#2D8CFF","Solid VenusDouble Solid VenusDouble"
"Solid_VenusMars","Solid","fa:Solid","VenusMars","[fa:Solid_VenusMars]","fa:Solid_VenusMars:#2D8CFF","Solid VenusMars Solid VenusMars"
"Solid_Vhs","Solid","fa:Solid","Vhs","[fa:Solid_Vhs]","fa:Solid_Vhs:#2D8CFF","Solid Vhs Solid Vhs"
"Solid_Vial","Solid","fa:Solid","Vial","[fa:Solid_Vial]","fa:Solid_Vial:#2D8CFF","Solid Vial Solid Vial"
"Solid_Vials","Solid","fa:Solid","Vials","[fa:Solid_Vials]","fa:Solid_Vials:#2D8CFF","Solid Vials Solid Vials"
"Solid_Video","Solid","fa:Solid","Video","[fa:Solid_Video]","fa:Solid_Video:#2D8CFF","Solid Video Solid Video"
"Solid_VideoPlus","Solid","fa:Solid","VideoPlus","[fa:Solid_VideoPlus]","fa:Solid_VideoPlus:#2D8CFF","Solid VideoPlus Solid VideoPlus"
"Solid_VideoSlash","Solid","fa:Solid","VideoSlash","[fa:Solid_VideoSlash]","fa:Solid_VideoSlash:#2D8CFF","Solid VideoSlash Solid VideoSlash"
"Solid_Vihara","Solid","fa:Solid","Vihara","[fa:Solid_Vihara]","fa:Solid_Vihara:#2D8CFF","Solid Vihara Solid Vihara"
"Solid_Violin","Solid","fa:Solid","Violin","[fa:Solid_Violin]","fa:Solid_Violin:#2D8CFF","Solid Violin Solid Violin"
"Solid_Virus","Solid","fa:Solid","Virus","[fa:Solid_Virus]","fa:Solid_Virus:#2D8CFF","Solid Virus Solid Virus"
"Solid_VirusSlash","Solid","fa:Solid","VirusSlash","[fa:Solid_VirusSlash]","fa:Solid_VirusSlash:#2D8CFF","Solid VirusSlash Solid VirusSlash"
"Solid_Viruses","Solid","fa:Solid","Viruses","[fa:Solid_Viruses]","fa:Solid_Viruses:#2D8CFF","Solid Viruses Solid Viruses"
"Solid_Voicemail","Solid","fa:Solid","Voicemail","[fa:Solid_Voicemail]","fa:Solid_Voicemail:#2D8CFF","Solid Voicemail Solid Voicemail"
"Solid_Volcano","Solid","fa:Solid","Volcano","[fa:Solid_Volcano]","fa:Solid_Volcano:#2D8CFF","Solid Volcano Solid Volcano"
"Solid_VolleyballBall","Solid","fa:Solid","VolleyballBall","[fa:Solid_VolleyballBall]","fa:Solid_VolleyballBall:#2D8CFF","Solid VolleyballBall Solid VolleyballBall"
"Solid_Volume","Solid","fa:Solid","Volume","[fa:Solid_Volume]","fa:Solid_Volume:#2D8CFF","Solid Volume Solid Volume"
"Solid_VolumeDown","Solid","fa:Solid","VolumeDown","[fa:Solid_VolumeDown]","fa:Solid_VolumeDown:#2D8CFF","Solid VolumeDown Solid VolumeDown"
"Solid_VolumeMute","Solid","fa:Solid","VolumeMute","[fa:Solid_VolumeMute]","fa:Solid_VolumeMute:#2D8CFF","Solid VolumeMute Solid VolumeMute"
"Solid_VolumeOff","Solid","fa:Solid","VolumeOff","[fa:Solid_VolumeOff]","fa:Solid_VolumeOff:#2D8CFF","Solid VolumeOff Solid VolumeOff"
"Solid_VolumeSlash","Solid","fa:Solid","VolumeSlash","[fa:Solid_VolumeSlash]","fa:Solid_VolumeSlash:#2D8CFF","Solid VolumeSlash Solid VolumeSlash"
"Solid_VolumeUp","Solid","fa:Solid","VolumeUp","[fa:Solid_VolumeUp]","fa:Solid_VolumeUp:#2D8CFF","Solid VolumeUp Solid VolumeUp"
"Solid_VoteNay","Solid","fa:Solid","VoteNay","[fa:Solid_VoteNay]","fa:Solid_VoteNay:#2D8CFF","Solid VoteNay Solid VoteNay"
"Solid_VoteYea","Solid","fa:Solid","VoteYea","[fa:Solid_VoteYea]","fa:Solid_VoteYea:#2D8CFF","Solid VoteYea Solid VoteYea"
"Solid_VrCardboard","Solid","fa:Solid","VrCardboard","[fa:Solid_VrCardboard]","fa:Solid_VrCardboard:#2D8CFF","Solid VrCardboard Solid VrCardboard"
"Solid_WagonCovered","Solid","fa:Solid","WagonCovered","[fa:Solid_WagonCovered]","fa:Solid_WagonCovered:#2D8CFF","Solid WagonCovered Solid WagonCovered"
"Solid_Walker","Solid","fa:Solid","Walker","[fa:Solid_Walker]","fa:Solid_Walker:#2D8CFF","Solid Walker Solid Walker"
"Solid_WalkieTalkie","Solid","fa:Solid","WalkieTalkie","[fa:Solid_WalkieTalkie]","fa:Solid_WalkieTalkie:#2D8CFF","Solid WalkieTalkie Solid WalkieTalkie"
"Solid_Walking","Solid","fa:Solid","Walking","[fa:Solid_Walking]","fa:Solid_Walking:#2D8CFF","Solid Walking Solid Walking"
"Solid_Wallet","Solid","fa:Solid","Wallet","[fa:Solid_Wallet]","fa:Solid_Wallet:#2D8CFF","Solid Wallet Solid Wallet"
"Solid_Wand","Solid","fa:Solid","Wand","[fa:Solid_Wand]","fa:Solid_Wand:#2D8CFF","Solid Wand Solid Wand"
"Solid_WandMagic","Solid","fa:Solid","WandMagic","[fa:Solid_WandMagic]","fa:Solid_WandMagic:#2D8CFF","Solid WandMagic Solid WandMagic"
"Solid_Warehouse","Solid","fa:Solid","Warehouse","[fa:Solid_Warehouse]","fa:Solid_Warehouse:#2D8CFF","Solid Warehouse Solid Warehouse"
"Solid_WarehouseAlt","Solid","fa:Solid","WarehouseAlt","[fa:Solid_WarehouseAlt]","fa:Solid_WarehouseAlt:#2D8CFF","Solid WarehouseAlt Solid WarehouseAlt"
"Solid_Washer","Solid","fa:Solid","Washer","[fa:Solid_Washer]","fa:Solid_Washer:#2D8CFF","Solid Washer Solid Washer"
"Solid_Watch","Solid","fa:Solid","Watch","[fa:Solid_Watch]","fa:Solid_Watch:#2D8CFF","Solid Watch Solid Watch"
"Solid_WatchCalculator","Solid","fa:Solid","WatchCalculator","[fa:Solid_WatchCalculator]","fa:Solid_WatchCalculator:#2D8CFF","Solid WatchCalculator Solid WatchCalculator"
"Solid_WatchFitness","Solid","fa:Solid","WatchFitness","[fa:Solid_WatchFitness]","fa:Solid_WatchFitness:#2D8CFF","Solid WatchFitness Solid WatchFitness"
"Solid_Water","Solid","fa:Solid","Water","[fa:Solid_Water]","fa:Solid_Water:#2D8CFF","Solid Water Solid Water"
"Solid_WaterLower","Solid","fa:Solid","WaterLower","[fa:Solid_WaterLower]","fa:Solid_WaterLower:#2D8CFF","Solid WaterLower Solid WaterLower"
"Solid_WaterRise","Solid","fa:Solid","WaterRise","[fa:Solid_WaterRise]","fa:Solid_WaterRise:#2D8CFF","Solid WaterRise Solid WaterRise"
"Solid_WaveSine","Solid","fa:Solid","WaveSine","[fa:Solid_WaveSine]","fa:Solid_WaveSine:#2D8CFF","Solid WaveSine Solid WaveSine"
"Solid_WaveSquare","Solid","fa:Solid","WaveSquare","[fa:Solid_WaveSquare]","fa:Solid_WaveSquare:#2D8CFF","Solid WaveSquare Solid WaveSquare"
"Solid_WaveTriangle","Solid","fa:Solid","WaveTriangle","[fa:Solid_WaveTriangle]","fa:Solid_WaveTriangle:#2D8CFF","Solid WaveTriangle Solid WaveTriangle"
"Solid_Waveform","Solid","fa:Solid","Waveform","[fa:Solid_Waveform]","fa:Solid_Waveform:#2D8CFF","Solid Waveform Solid Waveform"
"Solid_WaveformPath","Solid","fa:Solid","WaveformPath","[fa:Solid_WaveformPath]","fa:Solid_WaveformPath:#2D8CFF","Solid WaveformPath Solid WaveformPath"
"Solid_Webcam","Solid","fa:Solid","Webcam","[fa:Solid_Webcam]","fa:Solid_Webcam:#2D8CFF","Solid Webcam Solid Webcam"
"Solid_WebcamSlash","Solid","fa:Solid","WebcamSlash","[fa:Solid_WebcamSlash]","fa:Solid_WebcamSlash:#2D8CFF","Solid WebcamSlash Solid WebcamSlash"
"Solid_Weight","Solid","fa:Solid","Weight","[fa:Solid_Weight]","fa:Solid_Weight:#2D8CFF","Solid Weight Solid Weight"
"Solid_WeightHanging","Solid","fa:Solid","WeightHanging","[fa:Solid_WeightHanging]","fa:Solid_WeightHanging:#2D8CFF","Solid WeightHanging Solid WeightHanging"
"Solid_Whale","Solid","fa:Solid","Whale","[fa:Solid_Whale]","fa:Solid_Whale:#2D8CFF","Solid Whale Solid Whale"
"Solid_Wheat","Solid","fa:Solid","Wheat","[fa:Solid_Wheat]","fa:Solid_Wheat:#2D8CFF","Solid Wheat Solid Wheat"
"Solid_Wheelchair","Solid","fa:Solid","Wheelchair","[fa:Solid_Wheelchair]","fa:Solid_Wheelchair:#2D8CFF","Solid Wheelchair Solid Wheelchair"
"Solid_Whistle","Solid","fa:Solid","Whistle","[fa:Solid_Whistle]","fa:Solid_Whistle:#2D8CFF","Solid Whistle Solid Whistle"
"Solid_Wifi","Solid","fa:Solid","Wifi","[fa:Solid_Wifi]","fa:Solid_Wifi:#2D8CFF","Solid Wifi Solid Wifi"
"Solid_Wifi1","Solid","fa:Solid","Wifi1","[fa:Solid_Wifi1]","fa:Solid_Wifi1:#2D8CFF","Solid Wifi1 Solid Wifi1"
"Solid_Wifi2","Solid","fa:Solid","Wifi2","[fa:Solid_Wifi2]","fa:Solid_Wifi2:#2D8CFF","Solid Wifi2 Solid Wifi2"
"Solid_WifiSlash","Solid","fa:Solid","WifiSlash","[fa:Solid_WifiSlash]","fa:Solid_WifiSlash:#2D8CFF","Solid WifiSlash Solid WifiSlash"
"Solid_Wind","Solid","fa:Solid","Wind","[fa:Solid_Wind]","fa:Solid_Wind:#2D8CFF","Solid Wind Solid Wind"
"Solid_WindTurbine","Solid","fa:Solid","WindTurbine","[fa:Solid_WindTurbine]","fa:Solid_WindTurbine:#2D8CFF","Solid WindTurbine Solid WindTurbine"
"Solid_WindWarning","Solid","fa:Solid","WindWarning","[fa:Solid_WindWarning]","fa:Solid_WindWarning:#2D8CFF","Solid WindWarning Solid WindWarning"
"Solid_Window","Solid","fa:Solid","Window","[fa:Solid_Window]","fa:Solid_Window:#2D8CFF","Solid Window Solid Window"
"Solid_WindowAlt","Solid","fa:Solid","WindowAlt","[fa:Solid_WindowAlt]","fa:Solid_WindowAlt:#2D8CFF","Solid WindowAlt Solid WindowAlt"
"Solid_WindowClose","Solid","fa:Solid","WindowClose","[fa:Solid_WindowClose]","fa:Solid_WindowClose:#2D8CFF","Solid WindowClose Solid WindowClose"
"Solid_WindowFrame","Solid","fa:Solid","WindowFrame","[fa:Solid_WindowFrame]","fa:Solid_WindowFrame:#2D8CFF","Solid WindowFrame Solid WindowFrame"
"Solid_WindowFrameOpen","Solid","fa:Solid","WindowFrameOpen","[fa:Solid_WindowFrameOpen]","fa:Solid_WindowFrameOpen:#2D8CFF","Solid WindowFrameOpen Solid WindowFrameOpen"
"Solid_WindowMaximize","Solid","fa:Solid","WindowMaximize","[fa:Solid_WindowMaximize]","fa:Solid_WindowMaximize:#2D8CFF","Solid WindowMaximize Solid WindowMaximize"
"Solid_WindowMinimize","Solid","fa:Solid","WindowMinimize","[fa:Solid_WindowMinimize]","fa:Solid_WindowMinimize:#2D8CFF","Solid WindowMinimize Solid WindowMinimize"
"Solid_WindowRestore","Solid","fa:Solid","WindowRestore","[fa:Solid_WindowRestore]","fa:Solid_WindowRestore:#2D8CFF","Solid WindowRestore Solid WindowRestore"
"Solid_Windsock","Solid","fa:Solid","Windsock","[fa:Solid_Windsock]","fa:Solid_Windsock:#2D8CFF","Solid Windsock Solid Windsock"
"Solid_WineBottle","Solid","fa:Solid","WineBottle","[fa:Solid_WineBottle]","fa:Solid_WineBottle:#2D8CFF","Solid WineBottle Solid WineBottle"
"Solid_WineGlass","Solid","fa:Solid","WineGlass","[fa:Solid_WineGlass]","fa:Solid_WineGlass:#2D8CFF","Solid WineGlass Solid WineGlass"
"Solid_WineGlassAlt","Solid","fa:Solid","WineGlassAlt","[fa:Solid_WineGlassAlt]","fa:Solid_WineGlassAlt:#2D8CFF","Solid WineGlassAlt Solid WineGlassAlt"
"Solid_WonSign","Solid","fa:Solid","WonSign","[fa:Solid_WonSign]","fa:Solid_WonSign:#2D8CFF","Solid WonSign Solid WonSign"
"Solid_Wreath","Solid","fa:Solid","Wreath","[fa:Solid_Wreath]","fa:Solid_Wreath:#2D8CFF","Solid Wreath Solid Wreath"
"Solid_Wrench","Solid","fa:Solid","Wrench","[fa:Solid_Wrench]","fa:Solid_Wrench:#2D8CFF","Solid Wrench Solid Wrench"
"Solid_XRay","Solid","fa:Solid","XRay","[fa:Solid_XRay]","fa:Solid_XRay:#2D8CFF","Solid XRay Solid XRay"
"Solid_YenSign","Solid","fa:Solid","YenSign","[fa:Solid_YenSign]","fa:Solid_YenSign:#2D8CFF","Solid YenSign Solid YenSign"
"Solid_YinYang","Solid","fa:Solid","YinYang","[fa:Solid_YinYang]","fa:Solid_YinYang:#2D8CFF","Solid YinYang Solid YinYang"
"Regular_Abacus","Regular","fa:Regular","Abacus","[fa:Regular_Abacus]","fa:Regular_Abacus:#2D8CFF","Regular Abacus Regular Abacus"
"Regular_Acorn","Regular","fa:Regular","Acorn","[fa:Regular_Acorn]","fa:Regular_Acorn:#2D8CFF","Regular Acorn Regular Acorn"
"Regular_Ad","Regular","fa:Regular","Ad","[fa:Regular_Ad]","fa:Regular_Ad:#2D8CFF","Regular Ad Regular Ad"
"Regular_AddressBook","Regular","fa:Regular","AddressBook","[fa:Regular_AddressBook]","fa:Regular_AddressBook:#2D8CFF","Regular AddressBook Regular AddressBook"
"Regular_AddressCard","Regular","fa:Regular","AddressCard","[fa:Regular_AddressCard]","fa:Regular_AddressCard:#2D8CFF","Regular AddressCard Regular AddressCard"
"Regular_Adjust","Regular","fa:Regular","Adjust","[fa:Regular_Adjust]","fa:Regular_Adjust:#2D8CFF","Regular Adjust Regular Adjust"
"Regular_AirConditioner","Regular","fa:Regular","AirConditioner","[fa:Regular_AirConditioner]","fa:Regular_AirConditioner:#2D8CFF","Regular AirConditioner Regular AirConditioner"
"Regular_AirFreshener","Regular","fa:Regular","AirFreshener","[fa:Regular_AirFreshener]","fa:Regular_AirFreshener:#2D8CFF","Regular AirFreshener Regular AirFreshener"
"Regular_AlarmClock","Regular","fa:Regular","AlarmClock","[fa:Regular_AlarmClock]","fa:Regular_AlarmClock:#2D8CFF","Regular AlarmClock Regular AlarmClock"
"Regular_AlarmExclamation","Regular","fa:Regular","AlarmExclamation","[fa:Regular_AlarmExclamation]","fa:Regular_AlarmExclamation:#2D8CFF","Regular AlarmExclamation Regular AlarmExclamation"
"Regular_AlarmPlus","Regular","fa:Regular","AlarmPlus","[fa:Regular_AlarmPlus]","fa:Regular_AlarmPlus:#2D8CFF","Regular AlarmPlus Regular AlarmPlus"
"Regular_AlarmSnooze","Regular","fa:Regular","AlarmSnooze","[fa:Regular_AlarmSnooze]","fa:Regular_AlarmSnooze:#2D8CFF","Regular AlarmSnooze Regular AlarmSnooze"
"Regular_Album","Regular","fa:Regular","Album","[fa:Regular_Album]","fa:Regular_Album:#2D8CFF","Regular Album Regular Album"
"Regular_AlbumCollection","Regular","fa:Regular","AlbumCollection","[fa:Regular_AlbumCollection]","fa:Regular_AlbumCollection:#2D8CFF","Regular AlbumCollection Regular AlbumCollection"
"Regular_Alicorn","Regular","fa:Regular","Alicorn","[fa:Regular_Alicorn]","fa:Regular_Alicorn:#2D8CFF","Regular Alicorn Regular Alicorn"
"Regular_Alien","Regular","fa:Regular","Alien","[fa:Regular_Alien]","fa:Regular_Alien:#2D8CFF","Regular Alien Regular Alien"
"Regular_AlienMonster","Regular","fa:Regular","AlienMonster","[fa:Regular_AlienMonster]","fa:Regular_AlienMonster:#2D8CFF","Regular AlienMonster Regular AlienMonster"
"Regular_AlignCenter","Regular","fa:Regular","AlignCenter","[fa:Regular_AlignCenter]","fa:Regular_AlignCenter:#2D8CFF","Regular AlignCenter Regular AlignCenter"
"Regular_AlignJustify","Regular","fa:Regular","AlignJustify","[fa:Regular_AlignJustify]","fa:Regular_AlignJustify:#2D8CFF","Regular AlignJustify Regular AlignJustify"
"Regular_AlignLeft","Regular","fa:Regular","AlignLeft","[fa:Regular_AlignLeft]","fa:Regular_AlignLeft:#2D8CFF","Regular AlignLeft Regular AlignLeft"
"Regular_AlignRight","Regular","fa:Regular","AlignRight","[fa:Regular_AlignRight]","fa:Regular_AlignRight:#2D8CFF","Regular AlignRight Regular AlignRight"
"Regular_AlignSlash","Regular","fa:Regular","AlignSlash","[fa:Regular_AlignSlash]","fa:Regular_AlignSlash:#2D8CFF","Regular AlignSlash Regular AlignSlash"
"Regular_Allergies","Regular","fa:Regular","Allergies","[fa:Regular_Allergies]","fa:Regular_Allergies:#2D8CFF","Regular Allergies Regular Allergies"
"Regular_Ambulance","Regular","fa:Regular","Ambulance","[fa:Regular_Ambulance]","fa:Regular_Ambulance:#2D8CFF","Regular Ambulance Regular Ambulance"
"Regular_AmericanSignLanguageInterpreting","Regular","fa:Regular","AmericanSignLanguageInterpreting","[fa:Regular_AmericanSignLanguageInterpreting]","fa:Regular_AmericanSignLanguageInterpreting:#2D8CFF","Regular AmericanSignLanguageInterpreting Regular AmericanSignLanguageInterpreting"
"Regular_AmpGuitar","Regular","fa:Regular","AmpGuitar","[fa:Regular_AmpGuitar]","fa:Regular_AmpGuitar:#2D8CFF","Regular AmpGuitar Regular AmpGuitar"
"Regular_Analytics","Regular","fa:Regular","Analytics","[fa:Regular_Analytics]","fa:Regular_Analytics:#2D8CFF","Regular Analytics Regular Analytics"
"Regular_Anchor","Regular","fa:Regular","Anchor","[fa:Regular_Anchor]","fa:Regular_Anchor:#2D8CFF","Regular Anchor Regular Anchor"
"Regular_Angel","Regular","fa:Regular","Angel","[fa:Regular_Angel]","fa:Regular_Angel:#2D8CFF","Regular Angel Regular Angel"
"Regular_AngleDoubleDown","Regular","fa:Regular","AngleDoubleDown","[fa:Regular_AngleDoubleDown]","fa:Regular_AngleDoubleDown:#2D8CFF","Regular AngleDoubleDown Regular AngleDoubleDown"
"Regular_AngleDoubleLeft","Regular","fa:Regular","AngleDoubleLeft","[fa:Regular_AngleDoubleLeft]","fa:Regular_AngleDoubleLeft:#2D8CFF","Regular AngleDoubleLeft Regular AngleDoubleLeft"
"Regular_AngleDoubleRight","Regular","fa:Regular","AngleDoubleRight","[fa:Regular_AngleDoubleRight]","fa:Regular_AngleDoubleRight:#2D8CFF","Regular AngleDoubleRight Regular AngleDoubleRight"
"Regular_AngleDoubleUp","Regular","fa:Regular","AngleDoubleUp","[fa:Regular_AngleDoubleUp]","fa:Regular_AngleDoubleUp:#2D8CFF","Regular AngleDoubleUp Regular AngleDoubleUp"
"Regular_AngleDown","Regular","fa:Regular","AngleDown","[fa:Regular_AngleDown]","fa:Regular_AngleDown:#2D8CFF","Regular AngleDown Regular AngleDown"
"Regular_AngleLeft","Regular","fa:Regular","AngleLeft","[fa:Regular_AngleLeft]","fa:Regular_AngleLeft:#2D8CFF","Regular AngleLeft Regular AngleLeft"
"Regular_AngleRight","Regular","fa:Regular","AngleRight","[fa:Regular_AngleRight]","fa:Regular_AngleRight:#2D8CFF","Regular AngleRight Regular AngleRight"
"Regular_AngleUp","Regular","fa:Regular","AngleUp","[fa:Regular_AngleUp]","fa:Regular_AngleUp:#2D8CFF","Regular AngleUp Regular AngleUp"
"Regular_Angry","Regular","fa:Regular","Angry","[fa:Regular_Angry]","fa:Regular_Angry:#2D8CFF","Regular Angry Regular Angry"
"Regular_Ankh","Regular","fa:Regular","Ankh","[fa:Regular_Ankh]","fa:Regular_Ankh:#2D8CFF","Regular Ankh Regular Ankh"
"Regular_AppleAlt","Regular","fa:Regular","AppleAlt","[fa:Regular_AppleAlt]","fa:Regular_AppleAlt:#2D8CFF","Regular AppleAlt Regular AppleAlt"
"Regular_AppleCrate","Regular","fa:Regular","AppleCrate","[fa:Regular_AppleCrate]","fa:Regular_AppleCrate:#2D8CFF","Regular AppleCrate Regular AppleCrate"
"Regular_Archive","Regular","fa:Regular","Archive","[fa:Regular_Archive]","fa:Regular_Archive:#2D8CFF","Regular Archive Regular Archive"
"Regular_Archway","Regular","fa:Regular","Archway","[fa:Regular_Archway]","fa:Regular_Archway:#2D8CFF","Regular Archway Regular Archway"
"Regular_ArrowAltCircleDown","Regular","fa:Regular","ArrowAltCircleDown","[fa:Regular_ArrowAltCircleDown]","fa:Regular_ArrowAltCircleDown:#2D8CFF","Regular ArrowAltCircleDown Regular ArrowAltCircleDown"
"Regular_ArrowAltCircleLeft","Regular","fa:Regular","ArrowAltCircleLeft","[fa:Regular_ArrowAltCircleLeft]","fa:Regular_ArrowAltCircleLeft:#2D8CFF","Regular ArrowAltCircleLeft Regular ArrowAltCircleLeft"
"Regular_ArrowAltCircleRight","Regular","fa:Regular","ArrowAltCircleRight","[fa:Regular_ArrowAltCircleRight]","fa:Regular_ArrowAltCircleRight:#2D8CFF","Regular ArrowAltCircleRight Regular ArrowAltCircleRight"
"Regular_ArrowAltCircleUp","Regular","fa:Regular","ArrowAltCircleUp","[fa:Regular_ArrowAltCircleUp]","fa:Regular_ArrowAltCircleUp:#2D8CFF","Regular ArrowAltCircleUp Regular ArrowAltCircleUp"
"Regular_ArrowAltDown","Regular","fa:Regular","ArrowAltDown","[fa:Regular_ArrowAltDown]","fa:Regular_ArrowAltDown:#2D8CFF","Regular ArrowAltDown Regular ArrowAltDown"
"Regular_ArrowAltFromBottom","Regular","fa:Regular","ArrowAltFromBottom","[fa:Regular_ArrowAltFromBottom]","fa:Regular_ArrowAltFromBottom:#2D8CFF","Regular ArrowAltFromBottom Regular ArrowAltFromBottom"
"Regular_ArrowAltFromLeft","Regular","fa:Regular","ArrowAltFromLeft","[fa:Regular_ArrowAltFromLeft]","fa:Regular_ArrowAltFromLeft:#2D8CFF","Regular ArrowAltFromLeft Regular ArrowAltFromLeft"
"Regular_ArrowAltFromRight","Regular","fa:Regular","ArrowAltFromRight","[fa:Regular_ArrowAltFromRight]","fa:Regular_ArrowAltFromRight:#2D8CFF","Regular ArrowAltFromRight Regular ArrowAltFromRight"
"Regular_ArrowAltFromTop","Regular","fa:Regular","ArrowAltFromTop","[fa:Regular_ArrowAltFromTop]","fa:Regular_ArrowAltFromTop:#2D8CFF","Regular ArrowAltFromTop Regular ArrowAltFromTop"
"Regular_ArrowAltLeft","Regular","fa:Regular","ArrowAltLeft","[fa:Regular_ArrowAltLeft]","fa:Regular_ArrowAltLeft:#2D8CFF","Regular ArrowAltLeft Regular ArrowAltLeft"
"Regular_ArrowAltRight","Regular","fa:Regular","ArrowAltRight","[fa:Regular_ArrowAltRight]","fa:Regular_ArrowAltRight:#2D8CFF","Regular ArrowAltRight Regular ArrowAltRight"
"Regular_ArrowAltSquareDown","Regular","fa:Regular","ArrowAltSquareDown","[fa:Regular_ArrowAltSquareDown]","fa:Regular_ArrowAltSquareDown:#2D8CFF","Regular ArrowAltSquareDown Regular ArrowAltSquareDown"
"Regular_ArrowAltSquareLeft","Regular","fa:Regular","ArrowAltSquareLeft","[fa:Regular_ArrowAltSquareLeft]","fa:Regular_ArrowAltSquareLeft:#2D8CFF","Regular ArrowAltSquareLeft Regular ArrowAltSquareLeft"
"Regular_ArrowAltSquareRight","Regular","fa:Regular","ArrowAltSquareRight","[fa:Regular_ArrowAltSquareRight]","fa:Regular_ArrowAltSquareRight:#2D8CFF","Regular ArrowAltSquareRight Regular ArrowAltSquareRight"
"Regular_ArrowAltSquareUp","Regular","fa:Regular","ArrowAltSquareUp","[fa:Regular_ArrowAltSquareUp]","fa:Regular_ArrowAltSquareUp:#2D8CFF","Regular ArrowAltSquareUp Regular ArrowAltSquareUp"
"Regular_ArrowAltToBottom","Regular","fa:Regular","ArrowAltToBottom","[fa:Regular_ArrowAltToBottom]","fa:Regular_ArrowAltToBottom:#2D8CFF","Regular ArrowAltToBottom Regular ArrowAltToBottom"
"Regular_ArrowAltToLeft","Regular","fa:Regular","ArrowAltToLeft","[fa:Regular_ArrowAltToLeft]","fa:Regular_ArrowAltToLeft:#2D8CFF","Regular ArrowAltToLeft Regular ArrowAltToLeft"
"Regular_ArrowAltToRight","Regular","fa:Regular","ArrowAltToRight","[fa:Regular_ArrowAltToRight]","fa:Regular_ArrowAltToRight:#2D8CFF","Regular ArrowAltToRight Regular ArrowAltToRight"
"Regular_ArrowAltToTop","Regular","fa:Regular","ArrowAltToTop","[fa:Regular_ArrowAltToTop]","fa:Regular_ArrowAltToTop:#2D8CFF","Regular ArrowAltToTop Regular ArrowAltToTop"
"Regular_ArrowAltUp","Regular","fa:Regular","ArrowAltUp","[fa:Regular_ArrowAltUp]","fa:Regular_ArrowAltUp:#2D8CFF","Regular ArrowAltUp Regular ArrowAltUp"
"Regular_ArrowCircleDown","Regular","fa:Regular","ArrowCircleDown","[fa:Regular_ArrowCircleDown]","fa:Regular_ArrowCircleDown:#2D8CFF","Regular ArrowCircleDown Regular ArrowCircleDown"
"Regular_ArrowCircleLeft","Regular","fa:Regular","ArrowCircleLeft","[fa:Regular_ArrowCircleLeft]","fa:Regular_ArrowCircleLeft:#2D8CFF","Regular ArrowCircleLeft Regular ArrowCircleLeft"
"Regular_ArrowCircleRight","Regular","fa:Regular","ArrowCircleRight","[fa:Regular_ArrowCircleRight]","fa:Regular_ArrowCircleRight:#2D8CFF","Regular ArrowCircleRight Regular ArrowCircleRight"
"Regular_ArrowCircleUp","Regular","fa:Regular","ArrowCircleUp","[fa:Regular_ArrowCircleUp]","fa:Regular_ArrowCircleUp:#2D8CFF","Regular ArrowCircleUp Regular ArrowCircleUp"
"Regular_ArrowDown","Regular","fa:Regular","ArrowDown","[fa:Regular_ArrowDown]","fa:Regular_ArrowDown:#2D8CFF","Regular ArrowDown Regular ArrowDown"
"Regular_ArrowFromBottom","Regular","fa:Regular","ArrowFromBottom","[fa:Regular_ArrowFromBottom]","fa:Regular_ArrowFromBottom:#2D8CFF","Regular ArrowFromBottom Regular ArrowFromBottom"
"Regular_ArrowFromLeft","Regular","fa:Regular","ArrowFromLeft","[fa:Regular_ArrowFromLeft]","fa:Regular_ArrowFromLeft:#2D8CFF","Regular ArrowFromLeft Regular ArrowFromLeft"
"Regular_ArrowFromRight","Regular","fa:Regular","ArrowFromRight","[fa:Regular_ArrowFromRight]","fa:Regular_ArrowFromRight:#2D8CFF","Regular ArrowFromRight Regular ArrowFromRight"
"Regular_ArrowFromTop","Regular","fa:Regular","ArrowFromTop","[fa:Regular_ArrowFromTop]","fa:Regular_ArrowFromTop:#2D8CFF","Regular ArrowFromTop Regular ArrowFromTop"
"Regular_ArrowLeft","Regular","fa:Regular","ArrowLeft","[fa:Regular_ArrowLeft]","fa:Regular_ArrowLeft:#2D8CFF","Regular ArrowLeft Regular ArrowLeft"
"Regular_ArrowRight","Regular","fa:Regular","ArrowRight","[fa:Regular_ArrowRight]","fa:Regular_ArrowRight:#2D8CFF","Regular ArrowRight Regular ArrowRight"
"Regular_ArrowSquareDown","Regular","fa:Regular","ArrowSquareDown","[fa:Regular_ArrowSquareDown]","fa:Regular_ArrowSquareDown:#2D8CFF","Regular ArrowSquareDown Regular ArrowSquareDown"
"Regular_ArrowSquareLeft","Regular","fa:Regular","ArrowSquareLeft","[fa:Regular_ArrowSquareLeft]","fa:Regular_ArrowSquareLeft:#2D8CFF","Regular ArrowSquareLeft Regular ArrowSquareLeft"
"Regular_ArrowSquareRight","Regular","fa:Regular","ArrowSquareRight","[fa:Regular_ArrowSquareRight]","fa:Regular_ArrowSquareRight:#2D8CFF","Regular ArrowSquareRight Regular ArrowSquareRight"
"Regular_ArrowSquareUp","Regular","fa:Regular","ArrowSquareUp","[fa:Regular_ArrowSquareUp]","fa:Regular_ArrowSquareUp:#2D8CFF","Regular ArrowSquareUp Regular ArrowSquareUp"
"Regular_ArrowToBottom","Regular","fa:Regular","ArrowToBottom","[fa:Regular_ArrowToBottom]","fa:Regular_ArrowToBottom:#2D8CFF","Regular ArrowToBottom Regular ArrowToBottom"
"Regular_ArrowToLeft","Regular","fa:Regular","ArrowToLeft","[fa:Regular_ArrowToLeft]","fa:Regular_ArrowToLeft:#2D8CFF","Regular ArrowToLeft Regular ArrowToLeft"
"Regular_ArrowToRight","Regular","fa:Regular","ArrowToRight","[fa:Regular_ArrowToRight]","fa:Regular_ArrowToRight:#2D8CFF","Regular ArrowToRight Regular ArrowToRight"
"Regular_ArrowToTop","Regular","fa:Regular","ArrowToTop","[fa:Regular_ArrowToTop]","fa:Regular_ArrowToTop:#2D8CFF","Regular ArrowToTop Regular ArrowToTop"
"Regular_ArrowUp","Regular","fa:Regular","ArrowUp","[fa:Regular_ArrowUp]","fa:Regular_ArrowUp:#2D8CFF","Regular ArrowUp Regular ArrowUp"
"Regular_Arrows","Regular","fa:Regular","Arrows","[fa:Regular_Arrows]","fa:Regular_Arrows:#2D8CFF","Regular Arrows Regular Arrows"
"Regular_ArrowsAlt","Regular","fa:Regular","ArrowsAlt","[fa:Regular_ArrowsAlt]","fa:Regular_ArrowsAlt:#2D8CFF","Regular ArrowsAlt Regular ArrowsAlt"
"Regular_ArrowsAltH","Regular","fa:Regular","ArrowsAltH","[fa:Regular_ArrowsAltH]","fa:Regular_ArrowsAltH:#2D8CFF","Regular ArrowsAltH Regular ArrowsAltH"
"Regular_ArrowsAltV","Regular","fa:Regular","ArrowsAltV","[fa:Regular_ArrowsAltV]","fa:Regular_ArrowsAltV:#2D8CFF","Regular ArrowsAltV Regular ArrowsAltV"
"Regular_ArrowsH","Regular","fa:Regular","ArrowsH","[fa:Regular_ArrowsH]","fa:Regular_ArrowsH:#2D8CFF","Regular ArrowsH Regular ArrowsH"
"Regular_ArrowsV","Regular","fa:Regular","ArrowsV","[fa:Regular_ArrowsV]","fa:Regular_ArrowsV:#2D8CFF","Regular ArrowsV Regular ArrowsV"
"Regular_AssistiveListeningSystems","Regular","fa:Regular","AssistiveListeningSystems","[fa:Regular_AssistiveListeningSystems]","fa:Regular_AssistiveListeningSystems:#2D8CFF","Regular AssistiveListeningSystems Regular AssistiveListeningSystems"
"Regular_Asterisk","Regular","fa:Regular","Asterisk","[fa:Regular_Asterisk]","fa:Regular_Asterisk:#2D8CFF","Regular Asterisk Regular Asterisk"
"Regular_At","Regular","fa:Regular","At","[fa:Regular_At]","fa:Regular_At:#2D8CFF","Regular At Regular At"
"Regular_Atlas","Regular","fa:Regular","Atlas","[fa:Regular_Atlas]","fa:Regular_Atlas:#2D8CFF","Regular Atlas Regular Atlas"
"Regular_Atom","Regular","fa:Regular","Atom","[fa:Regular_Atom]","fa:Regular_Atom:#2D8CFF","Regular Atom Regular Atom"
"Regular_AtomAlt","Regular","fa:Regular","AtomAlt","[fa:Regular_AtomAlt]","fa:Regular_AtomAlt:#2D8CFF","Regular AtomAlt Regular AtomAlt"
"Regular_AudioDescription","Regular","fa:Regular","AudioDescription","[fa:Regular_AudioDescription]","fa:Regular_AudioDescription:#2D8CFF","Regular AudioDescription Regular AudioDescription"
"Regular_Award","Regular","fa:Regular","Award","[fa:Regular_Award]","fa:Regular_Award:#2D8CFF","Regular Award Regular Award"
"Regular_Axe","Regular","fa:Regular","Axe","[fa:Regular_Axe]","fa:Regular_Axe:#2D8CFF","Regular Axe Regular Axe"
"Regular_AxeBattle","Regular","fa:Regular","AxeBattle","[fa:Regular_AxeBattle]","fa:Regular_AxeBattle:#2D8CFF","Regular AxeBattle Regular AxeBattle"
"Regular_Baby","Regular","fa:Regular","Baby","[fa:Regular_Baby]","fa:Regular_Baby:#2D8CFF","Regular Baby Regular Baby"
"Regular_BabyCarriage","Regular","fa:Regular","BabyCarriage","[fa:Regular_BabyCarriage]","fa:Regular_BabyCarriage:#2D8CFF","Regular BabyCarriage Regular BabyCarriage"
"Regular_Backpack","Regular","fa:Regular","Backpack","[fa:Regular_Backpack]","fa:Regular_Backpack:#2D8CFF","Regular Backpack Regular Backpack"
"Regular_Backspace","Regular","fa:Regular","Backspace","[fa:Regular_Backspace]","fa:Regular_Backspace:#2D8CFF","Regular Backspace Regular Backspace"
"Regular_Backward","Regular","fa:Regular","Backward","[fa:Regular_Backward]","fa:Regular_Backward:#2D8CFF","Regular Backward Regular Backward"
"Regular_Bacon","Regular","fa:Regular","Bacon","[fa:Regular_Bacon]","fa:Regular_Bacon:#2D8CFF","Regular Bacon Regular Bacon"
"Regular_Bacteria","Regular","fa:Regular","Bacteria","[fa:Regular_Bacteria]","fa:Regular_Bacteria:#2D8CFF","Regular Bacteria Regular Bacteria"
"Regular_Bacterium","Regular","fa:Regular","Bacterium","[fa:Regular_Bacterium]","fa:Regular_Bacterium:#2D8CFF","Regular Bacterium Regular Bacterium"
"Regular_Badge","Regular","fa:Regular","Badge","[fa:Regular_Badge]","fa:Regular_Badge:#2D8CFF","Regular Badge Regular Badge"
"Regular_BadgeCheck","Regular","fa:Regular","BadgeCheck","[fa:Regular_BadgeCheck]","fa:Regular_BadgeCheck:#2D8CFF","Regular BadgeCheck Regular BadgeCheck"
"Regular_BadgeDollar","Regular","fa:Regular","BadgeDollar","[fa:Regular_BadgeDollar]","fa:Regular_BadgeDollar:#2D8CFF","Regular BadgeDollar Regular BadgeDollar"
"Regular_BadgePercent","Regular","fa:Regular","BadgePercent","[fa:Regular_BadgePercent]","fa:Regular_BadgePercent:#2D8CFF","Regular BadgePercent Regular BadgePercent"
"Regular_BadgeSheriff","Regular","fa:Regular","BadgeSheriff","[fa:Regular_BadgeSheriff]","fa:Regular_BadgeSheriff:#2D8CFF","Regular BadgeSheriff Regular BadgeSheriff"
"Regular_BadgerHoney","Regular","fa:Regular","BadgerHoney","[fa:Regular_BadgerHoney]","fa:Regular_BadgerHoney:#2D8CFF","Regular BadgerHoney Regular BadgerHoney"
"Regular_BagsShopping","Regular","fa:Regular","BagsShopping","[fa:Regular_BagsShopping]","fa:Regular_BagsShopping:#2D8CFF","Regular BagsShopping Regular BagsShopping"
"Regular_Bahai","Regular","fa:Regular","Bahai","[fa:Regular_Bahai]","fa:Regular_Bahai:#2D8CFF","Regular Bahai Regular Bahai"
"Regular_BalanceScale","Regular","fa:Regular","BalanceScale","[fa:Regular_BalanceScale]","fa:Regular_BalanceScale:#2D8CFF","Regular BalanceScale Regular BalanceScale"
"Regular_BalanceScaleLeft","Regular","fa:Regular","BalanceScaleLeft","[fa:Regular_BalanceScaleLeft]","fa:Regular_BalanceScaleLeft:#2D8CFF","Regular BalanceScaleLeft Regular BalanceScaleLeft"
"Regular_BalanceScaleRight","Regular","fa:Regular","BalanceScaleRight","[fa:Regular_BalanceScaleRight]","fa:Regular_BalanceScaleRight:#2D8CFF","Regular BalanceScaleRight Regular BalanceScaleRight"
"Regular_BallPile","Regular","fa:Regular","BallPile","[fa:Regular_BallPile]","fa:Regular_BallPile:#2D8CFF","Regular BallPile Regular BallPile"
"Regular_Ballot","Regular","fa:Regular","Ballot","[fa:Regular_Ballot]","fa:Regular_Ballot:#2D8CFF","Regular Ballot Regular Ballot"
"Regular_BallotCheck","Regular","fa:Regular","BallotCheck","[fa:Regular_BallotCheck]","fa:Regular_BallotCheck:#2D8CFF","Regular BallotCheck Regular BallotCheck"
"Regular_Ban","Regular","fa:Regular","Ban","[fa:Regular_Ban]","fa:Regular_Ban:#2D8CFF","Regular Ban Regular Ban"
"Regular_BandAid","Regular","fa:Regular","BandAid","[fa:Regular_BandAid]","fa:Regular_BandAid:#2D8CFF","Regular BandAid Regular BandAid"
"Regular_Banjo","Regular","fa:Regular","Banjo","[fa:Regular_Banjo]","fa:Regular_Banjo:#2D8CFF","Regular Banjo Regular Banjo"
"Regular_Barcode","Regular","fa:Regular","Barcode","[fa:Regular_Barcode]","fa:Regular_Barcode:#2D8CFF","Regular Barcode Regular Barcode"
"Regular_BarcodeAlt","Regular","fa:Regular","BarcodeAlt","[fa:Regular_BarcodeAlt]","fa:Regular_BarcodeAlt:#2D8CFF","Regular BarcodeAlt Regular BarcodeAlt"
"Regular_BarcodeRead","Regular","fa:Regular","BarcodeRead","[fa:Regular_BarcodeRead]","fa:Regular_BarcodeRead:#2D8CFF","Regular BarcodeRead Regular BarcodeRead"
"Regular_BarcodeScan","Regular","fa:Regular","BarcodeScan","[fa:Regular_BarcodeScan]","fa:Regular_BarcodeScan:#2D8CFF","Regular BarcodeScan Regular BarcodeScan"
"Regular_Bars","Regular","fa:Regular","Bars","[fa:Regular_Bars]","fa:Regular_Bars:#2D8CFF","Regular Bars Regular Bars"
"Regular_Baseball","Regular","fa:Regular","Baseball","[fa:Regular_Baseball]","fa:Regular_Baseball:#2D8CFF","Regular Baseball Regular Baseball"
"Regular_BaseballBall","Regular","fa:Regular","BaseballBall","[fa:Regular_BaseballBall]","fa:Regular_BaseballBall:#2D8CFF","Regular BaseballBall Regular BaseballBall"
"Regular_BasketballBall","Regular","fa:Regular","BasketballBall","[fa:Regular_BasketballBall]","fa:Regular_BasketballBall:#2D8CFF","Regular BasketballBall Regular BasketballBall"
"Regular_BasketballHoop","Regular","fa:Regular","BasketballHoop","[fa:Regular_BasketballHoop]","fa:Regular_BasketballHoop:#2D8CFF","Regular BasketballHoop Regular BasketballHoop"
"Regular_Bat","Regular","fa:Regular","Bat","[fa:Regular_Bat]","fa:Regular_Bat:#2D8CFF","Regular Bat Regular Bat"
"Regular_Bath","Regular","fa:Regular","Bath","[fa:Regular_Bath]","fa:Regular_Bath:#2D8CFF","Regular Bath Regular Bath"
"Regular_BatteryBolt","Regular","fa:Regular","BatteryBolt","[fa:Regular_BatteryBolt]","fa:Regular_BatteryBolt:#2D8CFF","Regular BatteryBolt Regular BatteryBolt"
"Regular_BatteryEmpty","Regular","fa:Regular","BatteryEmpty","[fa:Regular_BatteryEmpty]","fa:Regular_BatteryEmpty:#2D8CFF","Regular BatteryEmpty Regular BatteryEmpty"
"Regular_BatteryFull","Regular","fa:Regular","BatteryFull","[fa:Regular_BatteryFull]","fa:Regular_BatteryFull:#2D8CFF","Regular BatteryFull Regular BatteryFull"
"Regular_BatteryHalf","Regular","fa:Regular","BatteryHalf","[fa:Regular_BatteryHalf]","fa:Regular_BatteryHalf:#2D8CFF","Regular BatteryHalf Regular BatteryHalf"
"Regular_BatteryQuarter","Regular","fa:Regular","BatteryQuarter","[fa:Regular_BatteryQuarter]","fa:Regular_BatteryQuarter:#2D8CFF","Regular BatteryQuarter Regular BatteryQuarter"
"Regular_BatterySlash","Regular","fa:Regular","BatterySlash","[fa:Regular_BatterySlash]","fa:Regular_BatterySlash:#2D8CFF","Regular BatterySlash Regular BatterySlash"
"Regular_BatteryThreeQuarters","Regular","fa:Regular","BatteryThreeQuarters","[fa:Regular_BatteryThreeQuarters]","fa:Regular_BatteryThreeQuarters:#2D8CFF","Regular BatteryThreeQuarters Regular BatteryThreeQuarters"
"Regular_Bed","Regular","fa:Regular","Bed","[fa:Regular_Bed]","fa:Regular_Bed:#2D8CFF","Regular Bed Regular Bed"
"Regular_BedAlt","Regular","fa:Regular","BedAlt","[fa:Regular_BedAlt]","fa:Regular_BedAlt:#2D8CFF","Regular BedAlt Regular BedAlt"
"Regular_BedBunk","Regular","fa:Regular","BedBunk","[fa:Regular_BedBunk]","fa:Regular_BedBunk:#2D8CFF","Regular BedBunk Regular BedBunk"
"Regular_BedEmpty","Regular","fa:Regular","BedEmpty","[fa:Regular_BedEmpty]","fa:Regular_BedEmpty:#2D8CFF","Regular BedEmpty Regular BedEmpty"
"Regular_Beer","Regular","fa:Regular","Beer","[fa:Regular_Beer]","fa:Regular_Beer:#2D8CFF","Regular Beer Regular Beer"
"Regular_Bell","Regular","fa:Regular","Bell","[fa:Regular_Bell]","fa:Regular_Bell:#2D8CFF","Regular Bell Regular Bell"
"Regular_BellExclamation","Regular","fa:Regular","BellExclamation","[fa:Regular_BellExclamation]","fa:Regular_BellExclamation:#2D8CFF","Regular BellExclamation Regular BellExclamation"
"Regular_BellOn","Regular","fa:Regular","BellOn","[fa:Regular_BellOn]","fa:Regular_BellOn:#2D8CFF","Regular BellOn Regular BellOn"
"Regular_BellPlus","Regular","fa:Regular","BellPlus","[fa:Regular_BellPlus]","fa:Regular_BellPlus:#2D8CFF","Regular BellPlus Regular BellPlus"
"Regular_BellSchool","Regular","fa:Regular","BellSchool","[fa:Regular_BellSchool]","fa:Regular_BellSchool:#2D8CFF","Regular BellSchool Regular BellSchool"
"Regular_BellSchoolSlash","Regular","fa:Regular","BellSchoolSlash","[fa:Regular_BellSchoolSlash]","fa:Regular_BellSchoolSlash:#2D8CFF","Regular BellSchoolSlash Regular BellSchoolSlash"
"Regular_BellSlash","Regular","fa:Regular","BellSlash","[fa:Regular_BellSlash]","fa:Regular_BellSlash:#2D8CFF","Regular BellSlash Regular BellSlash"
"Regular_Bells","Regular","fa:Regular","Bells","[fa:Regular_Bells]","fa:Regular_Bells:#2D8CFF","Regular Bells Regular Bells"
"Regular_Betamax","Regular","fa:Regular","Betamax","[fa:Regular_Betamax]","fa:Regular_Betamax:#2D8CFF","Regular Betamax Regular Betamax"
"Regular_BezierCurve","Regular","fa:Regular","BezierCurve","[fa:Regular_BezierCurve]","fa:Regular_BezierCurve:#2D8CFF","Regular BezierCurve Regular BezierCurve"
"Regular_Bible","Regular","fa:Regular","Bible","[fa:Regular_Bible]","fa:Regular_Bible:#2D8CFF","Regular Bible Regular Bible"
"Regular_Bicycle","Regular","fa:Regular","Bicycle","[fa:Regular_Bicycle]","fa:Regular_Bicycle:#2D8CFF","Regular Bicycle Regular Bicycle"
"Regular_Biking","Regular","fa:Regular","Biking","[fa:Regular_Biking]","fa:Regular_Biking:#2D8CFF","Regular Biking Regular Biking"
"Regular_BikingMountain","Regular","fa:Regular","BikingMountain","[fa:Regular_BikingMountain]","fa:Regular_BikingMountain:#2D8CFF","Regular BikingMountain Regular BikingMountain"
"Regular_Binoculars","Regular","fa:Regular","Binoculars","[fa:Regular_Binoculars]","fa:Regular_Binoculars:#2D8CFF","Regular Binoculars Regular Binoculars"
"Regular_Biohazard","Regular","fa:Regular","Biohazard","[fa:Regular_Biohazard]","fa:Regular_Biohazard:#2D8CFF","Regular Biohazard Regular Biohazard"
"Regular_BirthdayCake","Regular","fa:Regular","BirthdayCake","[fa:Regular_BirthdayCake]","fa:Regular_BirthdayCake:#2D8CFF","Regular BirthdayCake Regular BirthdayCake"
"Regular_Blanket","Regular","fa:Regular","Blanket","[fa:Regular_Blanket]","fa:Regular_Blanket:#2D8CFF","Regular Blanket Regular Blanket"
"Regular_Blender","Regular","fa:Regular","Blender","[fa:Regular_Blender]","fa:Regular_Blender:#2D8CFF","Regular Blender Regular Blender"
"Regular_BlenderPhone","Regular","fa:Regular","BlenderPhone","[fa:Regular_BlenderPhone]","fa:Regular_BlenderPhone:#2D8CFF","Regular BlenderPhone Regular BlenderPhone"
"Regular_Blind","Regular","fa:Regular","Blind","[fa:Regular_Blind]","fa:Regular_Blind:#2D8CFF","Regular Blind Regular Blind"
"Regular_Blinds","Regular","fa:Regular","Blinds","[fa:Regular_Blinds]","fa:Regular_Blinds:#2D8CFF","Regular Blinds Regular Blinds"
"Regular_BlindsOpen","Regular","fa:Regular","BlindsOpen","[fa:Regular_BlindsOpen]","fa:Regular_BlindsOpen:#2D8CFF","Regular BlindsOpen Regular BlindsOpen"
"Regular_BlindsRaised","Regular","fa:Regular","BlindsRaised","[fa:Regular_BlindsRaised]","fa:Regular_BlindsRaised:#2D8CFF","Regular BlindsRaised Regular BlindsRaised"
"Regular_Blog","Regular","fa:Regular","Blog","[fa:Regular_Blog]","fa:Regular_Blog:#2D8CFF","Regular Blog Regular Blog"
"Regular_Bold","Regular","fa:Regular","Bold","[fa:Regular_Bold]","fa:Regular_Bold:#2D8CFF","Regular Bold Regular Bold"
"Regular_Bolt","Regular","fa:Regular","Bolt","[fa:Regular_Bolt]","fa:Regular_Bolt:#2D8CFF","Regular Bolt Regular Bolt"
"Regular_Bomb","Regular","fa:Regular","Bomb","[fa:Regular_Bomb]","fa:Regular_Bomb:#2D8CFF","Regular Bomb Regular Bomb"
"Regular_Bone","Regular","fa:Regular","Bone","[fa:Regular_Bone]","fa:Regular_Bone:#2D8CFF","Regular Bone Regular Bone"
"Regular_BoneBreak","Regular","fa:Regular","BoneBreak","[fa:Regular_BoneBreak]","fa:Regular_BoneBreak:#2D8CFF","Regular BoneBreak Regular BoneBreak"
"Regular_Bong","Regular","fa:Regular","Bong","[fa:Regular_Bong]","fa:Regular_Bong:#2D8CFF","Regular Bong Regular Bong"
"Regular_Book","Regular","fa:Regular","Book","[fa:Regular_Book]","fa:Regular_Book:#2D8CFF","Regular Book Regular Book"
"Regular_BookAlt","Regular","fa:Regular","BookAlt","[fa:Regular_BookAlt]","fa:Regular_BookAlt:#2D8CFF","Regular BookAlt Regular BookAlt"
"Regular_BookDead","Regular","fa:Regular","BookDead","[fa:Regular_BookDead]","fa:Regular_BookDead:#2D8CFF","Regular BookDead Regular BookDead"
"Regular_BookHeart","Regular","fa:Regular","BookHeart","[fa:Regular_BookHeart]","fa:Regular_BookHeart:#2D8CFF","Regular BookHeart Regular BookHeart"
"Regular_BookMedical","Regular","fa:Regular","BookMedical","[fa:Regular_BookMedical]","fa:Regular_BookMedical:#2D8CFF","Regular BookMedical Regular BookMedical"
"Regular_BookOpen","Regular","fa:Regular","BookOpen","[fa:Regular_BookOpen]","fa:Regular_BookOpen:#2D8CFF","Regular BookOpen Regular BookOpen"
"Regular_BookReader","Regular","fa:Regular","BookReader","[fa:Regular_BookReader]","fa:Regular_BookReader:#2D8CFF","Regular BookReader Regular BookReader"
"Regular_BookSpells","Regular","fa:Regular","BookSpells","[fa:Regular_BookSpells]","fa:Regular_BookSpells:#2D8CFF","Regular BookSpells Regular BookSpells"
"Regular_BookUser","Regular","fa:Regular","BookUser","[fa:Regular_BookUser]","fa:Regular_BookUser:#2D8CFF","Regular BookUser Regular BookUser"
"Regular_Bookmark","Regular","fa:Regular","Bookmark","[fa:Regular_Bookmark]","fa:Regular_Bookmark:#2D8CFF","Regular Bookmark Regular Bookmark"
"Regular_Books","Regular","fa:Regular","Books","[fa:Regular_Books]","fa:Regular_Books:#2D8CFF","Regular Books Regular Books"
"Regular_BooksMedical","Regular","fa:Regular","BooksMedical","[fa:Regular_BooksMedical]","fa:Regular_BooksMedical:#2D8CFF","Regular BooksMedical Regular BooksMedical"
"Regular_Boombox","Regular","fa:Regular","Boombox","[fa:Regular_Boombox]","fa:Regular_Boombox:#2D8CFF","Regular Boombox Regular Boombox"
"Regular_Boot","Regular","fa:Regular","Boot","[fa:Regular_Boot]","fa:Regular_Boot:#2D8CFF","Regular Boot Regular Boot"
"Regular_BoothCurtain","Regular","fa:Regular","BoothCurtain","[fa:Regular_BoothCurtain]","fa:Regular_BoothCurtain:#2D8CFF","Regular BoothCurtain Regular BoothCurtain"
"Regular_BorderAll","Regular","fa:Regular","BorderAll","[fa:Regular_BorderAll]","fa:Regular_BorderAll:#2D8CFF","Regular BorderAll Regular BorderAll"
"Regular_BorderBottom","Regular","fa:Regular","BorderBottom","[fa:Regular_BorderBottom]","fa:Regular_BorderBottom:#2D8CFF","Regular BorderBottom Regular BorderBottom"
"Regular_BorderCenterH","Regular","fa:Regular","BorderCenterH","[fa:Regular_BorderCenterH]","fa:Regular_BorderCenterH:#2D8CFF","Regular BorderCenterH Regular BorderCenterH"
"Regular_BorderCenterV","Regular","fa:Regular","BorderCenterV","[fa:Regular_BorderCenterV]","fa:Regular_BorderCenterV:#2D8CFF","Regular BorderCenterV Regular BorderCenterV"
"Regular_BorderInner","Regular","fa:Regular","BorderInner","[fa:Regular_BorderInner]","fa:Regular_BorderInner:#2D8CFF","Regular BorderInner Regular BorderInner"
"Regular_BorderLeft","Regular","fa:Regular","BorderLeft","[fa:Regular_BorderLeft]","fa:Regular_BorderLeft:#2D8CFF","Regular BorderLeft Regular BorderLeft"
"Regular_BorderNone","Regular","fa:Regular","BorderNone","[fa:Regular_BorderNone]","fa:Regular_BorderNone:#2D8CFF","Regular BorderNone Regular BorderNone"
"Regular_BorderOuter","Regular","fa:Regular","BorderOuter","[fa:Regular_BorderOuter]","fa:Regular_BorderOuter:#2D8CFF","Regular BorderOuter Regular BorderOuter"
"Regular_BorderRight","Regular","fa:Regular","BorderRight","[fa:Regular_BorderRight]","fa:Regular_BorderRight:#2D8CFF","Regular BorderRight Regular BorderRight"
"Regular_BorderStyle","Regular","fa:Regular","BorderStyle","[fa:Regular_BorderStyle]","fa:Regular_BorderStyle:#2D8CFF","Regular BorderStyle Regular BorderStyle"
"Regular_BorderStyleAlt","Regular","fa:Regular","BorderStyleAlt","[fa:Regular_BorderStyleAlt]","fa:Regular_BorderStyleAlt:#2D8CFF","Regular BorderStyleAlt Regular BorderStyleAlt"
"Regular_BorderTop","Regular","fa:Regular","BorderTop","[fa:Regular_BorderTop]","fa:Regular_BorderTop:#2D8CFF","Regular BorderTop Regular BorderTop"
"Regular_BowArrow","Regular","fa:Regular","BowArrow","[fa:Regular_BowArrow]","fa:Regular_BowArrow:#2D8CFF","Regular BowArrow Regular BowArrow"
"Regular_BowlingBall","Regular","fa:Regular","BowlingBall","[fa:Regular_BowlingBall]","fa:Regular_BowlingBall:#2D8CFF","Regular BowlingBall Regular BowlingBall"
"Regular_BowlingPins","Regular","fa:Regular","BowlingPins","[fa:Regular_BowlingPins]","fa:Regular_BowlingPins:#2D8CFF","Regular BowlingPins Regular BowlingPins"
"Regular_Box","Regular","fa:Regular","Box","[fa:Regular_Box]","fa:Regular_Box:#2D8CFF","Regular Box Regular Box"
"Regular_BoxAlt","Regular","fa:Regular","BoxAlt","[fa:Regular_BoxAlt]","fa:Regular_BoxAlt:#2D8CFF","Regular BoxAlt Regular BoxAlt"
"Regular_BoxBallot","Regular","fa:Regular","BoxBallot","[fa:Regular_BoxBallot]","fa:Regular_BoxBallot:#2D8CFF","Regular BoxBallot Regular BoxBallot"
"Regular_BoxCheck","Regular","fa:Regular","BoxCheck","[fa:Regular_BoxCheck]","fa:Regular_BoxCheck:#2D8CFF","Regular BoxCheck Regular BoxCheck"
"Regular_BoxFragile","Regular","fa:Regular","BoxFragile","[fa:Regular_BoxFragile]","fa:Regular_BoxFragile:#2D8CFF","Regular BoxFragile Regular BoxFragile"
"Regular_BoxFull","Regular","fa:Regular","BoxFull","[fa:Regular_BoxFull]","fa:Regular_BoxFull:#2D8CFF","Regular BoxFull Regular BoxFull"
"Regular_BoxHeart","Regular","fa:Regular","BoxHeart","[fa:Regular_BoxHeart]","fa:Regular_BoxHeart:#2D8CFF","Regular BoxHeart Regular BoxHeart"
"Regular_BoxOpen","Regular","fa:Regular","BoxOpen","[fa:Regular_BoxOpen]","fa:Regular_BoxOpen:#2D8CFF","Regular BoxOpen Regular BoxOpen"
"Regular_BoxTissue","Regular","fa:Regular","BoxTissue","[fa:Regular_BoxTissue]","fa:Regular_BoxTissue:#2D8CFF","Regular BoxTissue Regular BoxTissue"
"Regular_BoxUp","Regular","fa:Regular","BoxUp","[fa:Regular_BoxUp]","fa:Regular_BoxUp:#2D8CFF","Regular BoxUp Regular BoxUp"
"Regular_BoxUsd","Regular","fa:Regular","BoxUsd","[fa:Regular_BoxUsd]","fa:Regular_BoxUsd:#2D8CFF","Regular BoxUsd Regular BoxUsd"
"Regular_Boxes","Regular","fa:Regular","Boxes","[fa:Regular_Boxes]","fa:Regular_Boxes:#2D8CFF","Regular Boxes Regular Boxes"
"Regular_BoxesAlt","Regular","fa:Regular","BoxesAlt","[fa:Regular_BoxesAlt]","fa:Regular_BoxesAlt:#2D8CFF","Regular BoxesAlt Regular BoxesAlt"
"Regular_BoxingGlove","Regular","fa:Regular","BoxingGlove","[fa:Regular_BoxingGlove]","fa:Regular_BoxingGlove:#2D8CFF","Regular BoxingGlove Regular BoxingGlove"
"Regular_Brackets","Regular","fa:Regular","Brackets","[fa:Regular_Brackets]","fa:Regular_Brackets:#2D8CFF","Regular Brackets Regular Brackets"
"Regular_BracketsCurly","Regular","fa:Regular","BracketsCurly","[fa:Regular_BracketsCurly]","fa:Regular_BracketsCurly:#2D8CFF","Regular BracketsCurly Regular BracketsCurly"
"Regular_Braille","Regular","fa:Regular","Braille","[fa:Regular_Braille]","fa:Regular_Braille:#2D8CFF","Regular Braille Regular Braille"
"Regular_Brain","Regular","fa:Regular","Brain","[fa:Regular_Brain]","fa:Regular_Brain:#2D8CFF","Regular Brain Regular Brain"
"Regular_BreadLoaf","Regular","fa:Regular","BreadLoaf","[fa:Regular_BreadLoaf]","fa:Regular_BreadLoaf:#2D8CFF","Regular BreadLoaf Regular BreadLoaf"
"Regular_BreadSlice","Regular","fa:Regular","BreadSlice","[fa:Regular_BreadSlice]","fa:Regular_BreadSlice:#2D8CFF","Regular BreadSlice Regular BreadSlice"
"Regular_Briefcase","Regular","fa:Regular","Briefcase","[fa:Regular_Briefcase]","fa:Regular_Briefcase:#2D8CFF","Regular Briefcase Regular Briefcase"
"Regular_BriefcaseMedical","Regular","fa:Regular","BriefcaseMedical","[fa:Regular_BriefcaseMedical]","fa:Regular_BriefcaseMedical:#2D8CFF","Regular BriefcaseMedical Regular BriefcaseMedical"
"Regular_BringForward","Regular","fa:Regular","BringForward","[fa:Regular_BringForward]","fa:Regular_BringForward:#2D8CFF","Regular BringForward Regular BringForward"
"Regular_BringFront","Regular","fa:Regular","BringFront","[fa:Regular_BringFront]","fa:Regular_BringFront:#2D8CFF","Regular BringFront Regular BringFront"
"Regular_BroadcastTower","Regular","fa:Regular","BroadcastTower","[fa:Regular_BroadcastTower]","fa:Regular_BroadcastTower:#2D8CFF","Regular BroadcastTower Regular BroadcastTower"
"Regular_Broom","Regular","fa:Regular","Broom","[fa:Regular_Broom]","fa:Regular_Broom:#2D8CFF","Regular Broom Regular Broom"
"Regular_Browser","Regular","fa:Regular","Browser","[fa:Regular_Browser]","fa:Regular_Browser:#2D8CFF","Regular Browser Regular Browser"
"Regular_Brush","Regular","fa:Regular","Brush","[fa:Regular_Brush]","fa:Regular_Brush:#2D8CFF","Regular Brush Regular Brush"
"Regular_Bug","Regular","fa:Regular","Bug","[fa:Regular_Bug]","fa:Regular_Bug:#2D8CFF","Regular Bug Regular Bug"
"Regular_Building","Regular","fa:Regular","Building","[fa:Regular_Building]","fa:Regular_Building:#2D8CFF","Regular Building Regular Building"
"Regular_Bullhorn","Regular","fa:Regular","Bullhorn","[fa:Regular_Bullhorn]","fa:Regular_Bullhorn:#2D8CFF","Regular Bullhorn Regular Bullhorn"
"Regular_Bullseye","Regular","fa:Regular","Bullseye","[fa:Regular_Bullseye]","fa:Regular_Bullseye:#2D8CFF","Regular Bullseye Regular Bullseye"
"Regular_BullseyeArrow","Regular","fa:Regular","BullseyeArrow","[fa:Regular_BullseyeArrow]","fa:Regular_BullseyeArrow:#2D8CFF","Regular BullseyeArrow Regular BullseyeArrow"
"Regular_BullseyePointer","Regular","fa:Regular","BullseyePointer","[fa:Regular_BullseyePointer]","fa:Regular_BullseyePointer:#2D8CFF","Regular BullseyePointer Regular BullseyePointer"
"Regular_BurgerSoda","Regular","fa:Regular","BurgerSoda","[fa:Regular_BurgerSoda]","fa:Regular_BurgerSoda:#2D8CFF","Regular BurgerSoda Regular BurgerSoda"
"Regular_Burn","Regular","fa:Regular","Burn","[fa:Regular_Burn]","fa:Regular_Burn:#2D8CFF","Regular Burn Regular Burn"
"Regular_Burrito","Regular","fa:Regular","Burrito","[fa:Regular_Burrito]","fa:Regular_Burrito:#2D8CFF","Regular Burrito Regular Burrito"
"Regular_Bus","Regular","fa:Regular","Bus","[fa:Regular_Bus]","fa:Regular_Bus:#2D8CFF","Regular Bus Regular Bus"
"Regular_BusAlt","Regular","fa:Regular","BusAlt","[fa:Regular_BusAlt]","fa:Regular_BusAlt:#2D8CFF","Regular BusAlt Regular BusAlt"
"Regular_BusSchool","Regular","fa:Regular","BusSchool","[fa:Regular_BusSchool]","fa:Regular_BusSchool:#2D8CFF","Regular BusSchool Regular BusSchool"
"Regular_BusinessTime","Regular","fa:Regular","BusinessTime","[fa:Regular_BusinessTime]","fa:Regular_BusinessTime:#2D8CFF","Regular BusinessTime Regular BusinessTime"
"Regular_CabinetFiling","Regular","fa:Regular","CabinetFiling","[fa:Regular_CabinetFiling]","fa:Regular_CabinetFiling:#2D8CFF","Regular CabinetFiling Regular CabinetFiling"
"Regular_Cactus","Regular","fa:Regular","Cactus","[fa:Regular_Cactus]","fa:Regular_Cactus:#2D8CFF","Regular Cactus Regular Cactus"
"Regular_Calculator","Regular","fa:Regular","Calculator","[fa:Regular_Calculator]","fa:Regular_Calculator:#2D8CFF","Regular Calculator Regular Calculator"
"Regular_CalculatorAlt","Regular","fa:Regular","CalculatorAlt","[fa:Regular_CalculatorAlt]","fa:Regular_CalculatorAlt:#2D8CFF","Regular CalculatorAlt Regular CalculatorAlt"
"Regular_Calendar","Regular","fa:Regular","Calendar","[fa:Regular_Calendar]","fa:Regular_Calendar:#2D8CFF","Regular Calendar Regular Calendar"
"Regular_CalendarAlt","Regular","fa:Regular","CalendarAlt","[fa:Regular_CalendarAlt]","fa:Regular_CalendarAlt:#2D8CFF","Regular CalendarAlt Regular CalendarAlt"
"Regular_CalendarCheck","Regular","fa:Regular","CalendarCheck","[fa:Regular_CalendarCheck]","fa:Regular_CalendarCheck:#2D8CFF","Regular CalendarCheck Regular CalendarCheck"
"Regular_CalendarDay","Regular","fa:Regular","CalendarDay","[fa:Regular_CalendarDay]","fa:Regular_CalendarDay:#2D8CFF","Regular CalendarDay Regular CalendarDay"
"Regular_CalendarEdit","Regular","fa:Regular","CalendarEdit","[fa:Regular_CalendarEdit]","fa:Regular_CalendarEdit:#2D8CFF","Regular CalendarEdit Regular CalendarEdit"
"Regular_CalendarExclamation","Regular","fa:Regular","CalendarExclamation","[fa:Regular_CalendarExclamation]","fa:Regular_CalendarExclamation:#2D8CFF","Regular CalendarExclamation Regular CalendarExclamation"
"Regular_CalendarMinus","Regular","fa:Regular","CalendarMinus","[fa:Regular_CalendarMinus]","fa:Regular_CalendarMinus:#2D8CFF","Regular CalendarMinus Regular CalendarMinus"
"Regular_CalendarPlus","Regular","fa:Regular","CalendarPlus","[fa:Regular_CalendarPlus]","fa:Regular_CalendarPlus:#2D8CFF","Regular CalendarPlus Regular CalendarPlus"
"Regular_CalendarStar","Regular","fa:Regular","CalendarStar","[fa:Regular_CalendarStar]","fa:Regular_CalendarStar:#2D8CFF","Regular CalendarStar Regular CalendarStar"
"Regular_CalendarTimes","Regular","fa:Regular","CalendarTimes","[fa:Regular_CalendarTimes]","fa:Regular_CalendarTimes:#2D8CFF","Regular CalendarTimes Regular CalendarTimes"
"Regular_CalendarWeek","Regular","fa:Regular","CalendarWeek","[fa:Regular_CalendarWeek]","fa:Regular_CalendarWeek:#2D8CFF","Regular CalendarWeek Regular CalendarWeek"
"Regular_Camcorder","Regular","fa:Regular","Camcorder","[fa:Regular_Camcorder]","fa:Regular_Camcorder:#2D8CFF","Regular Camcorder Regular Camcorder"
"Regular_Camera","Regular","fa:Regular","Camera","[fa:Regular_Camera]","fa:Regular_Camera:#2D8CFF","Regular Camera Regular Camera"
"Regular_CameraAlt","Regular","fa:Regular","CameraAlt","[fa:Regular_CameraAlt]","fa:Regular_CameraAlt:#2D8CFF","Regular CameraAlt Regular CameraAlt"
"Regular_CameraHome","Regular","fa:Regular","CameraHome","[fa:Regular_CameraHome]","fa:Regular_CameraHome:#2D8CFF","Regular CameraHome Regular CameraHome"
"Regular_CameraMovie","Regular","fa:Regular","CameraMovie","[fa:Regular_CameraMovie]","fa:Regular_CameraMovie:#2D8CFF","Regular CameraMovie Regular CameraMovie"
"Regular_CameraPolaroid","Regular","fa:Regular","CameraPolaroid","[fa:Regular_CameraPolaroid]","fa:Regular_CameraPolaroid:#2D8CFF","Regular CameraPolaroid Regular CameraPolaroid"
"Regular_CameraRetro","Regular","fa:Regular","CameraRetro","[fa:Regular_CameraRetro]","fa:Regular_CameraRetro:#2D8CFF","Regular CameraRetro Regular CameraRetro"
"Regular_Campfire","Regular","fa:Regular","Campfire","[fa:Regular_Campfire]","fa:Regular_Campfire:#2D8CFF","Regular Campfire Regular Campfire"
"Regular_Campground","Regular","fa:Regular","Campground","[fa:Regular_Campground]","fa:Regular_Campground:#2D8CFF","Regular Campground Regular Campground"
"Regular_CandleHolder","Regular","fa:Regular","CandleHolder","[fa:Regular_CandleHolder]","fa:Regular_CandleHolder:#2D8CFF","Regular CandleHolder Regular CandleHolder"
"Regular_CandyCane","Regular","fa:Regular","CandyCane","[fa:Regular_CandyCane]","fa:Regular_CandyCane:#2D8CFF","Regular CandyCane Regular CandyCane"
"Regular_CandyCorn","Regular","fa:Regular","CandyCorn","[fa:Regular_CandyCorn]","fa:Regular_CandyCorn:#2D8CFF","Regular CandyCorn Regular CandyCorn"
"Regular_Cannabis","Regular","fa:Regular","Cannabis","[fa:Regular_Cannabis]","fa:Regular_Cannabis:#2D8CFF","Regular Cannabis Regular Cannabis"
"Regular_Capsules","Regular","fa:Regular","Capsules","[fa:Regular_Capsules]","fa:Regular_Capsules:#2D8CFF","Regular Capsules Regular Capsules"
"Regular_Car","Regular","fa:Regular","Car","[fa:Regular_Car]","fa:Regular_Car:#2D8CFF","Regular Car Regular Car"
"Regular_CarAlt","Regular","fa:Regular","CarAlt","[fa:Regular_CarAlt]","fa:Regular_CarAlt:#2D8CFF","Regular CarAlt Regular CarAlt"
"Regular_CarBattery","Regular","fa:Regular","CarBattery","[fa:Regular_CarBattery]","fa:Regular_CarBattery:#2D8CFF","Regular CarBattery Regular CarBattery"
"Regular_CarBuilding","Regular","fa:Regular","CarBuilding","[fa:Regular_CarBuilding]","fa:Regular_CarBuilding:#2D8CFF","Regular CarBuilding Regular CarBuilding"
"Regular_CarBump","Regular","fa:Regular","CarBump","[fa:Regular_CarBump]","fa:Regular_CarBump:#2D8CFF","Regular CarBump Regular CarBump"
"Regular_CarBus","Regular","fa:Regular","CarBus","[fa:Regular_CarBus]","fa:Regular_CarBus:#2D8CFF","Regular CarBus Regular CarBus"
"Regular_CarCrash","Regular","fa:Regular","CarCrash","[fa:Regular_CarCrash]","fa:Regular_CarCrash:#2D8CFF","Regular CarCrash Regular CarCrash"
"Regular_CarGarage","Regular","fa:Regular","CarGarage","[fa:Regular_CarGarage]","fa:Regular_CarGarage:#2D8CFF","Regular CarGarage Regular CarGarage"
"Regular_CarMechanic","Regular","fa:Regular","CarMechanic","[fa:Regular_CarMechanic]","fa:Regular_CarMechanic:#2D8CFF","Regular CarMechanic Regular CarMechanic"
"Regular_CarSide","Regular","fa:Regular","CarSide","[fa:Regular_CarSide]","fa:Regular_CarSide:#2D8CFF","Regular CarSide Regular CarSide"
"Regular_CarTilt","Regular","fa:Regular","CarTilt","[fa:Regular_CarTilt]","fa:Regular_CarTilt:#2D8CFF","Regular CarTilt Regular CarTilt"
"Regular_CarWash","Regular","fa:Regular","CarWash","[fa:Regular_CarWash]","fa:Regular_CarWash:#2D8CFF","Regular CarWash Regular CarWash"
"Regular_Caravan","Regular","fa:Regular","Caravan","[fa:Regular_Caravan]","fa:Regular_Caravan:#2D8CFF","Regular Caravan Regular Caravan"
"Regular_CaravanAlt","Regular","fa:Regular","CaravanAlt","[fa:Regular_CaravanAlt]","fa:Regular_CaravanAlt:#2D8CFF","Regular CaravanAlt Regular CaravanAlt"
"Regular_CaretCircleDown","Regular","fa:Regular","CaretCircleDown","[fa:Regular_CaretCircleDown]","fa:Regular_CaretCircleDown:#2D8CFF","Regular CaretCircleDown Regular CaretCircleDown"
"Regular_CaretCircleLeft","Regular","fa:Regular","CaretCircleLeft","[fa:Regular_CaretCircleLeft]","fa:Regular_CaretCircleLeft:#2D8CFF","Regular CaretCircleLeft Regular CaretCircleLeft"
"Regular_CaretCircleRight","Regular","fa:Regular","CaretCircleRight","[fa:Regular_CaretCircleRight]","fa:Regular_CaretCircleRight:#2D8CFF","Regular CaretCircleRight Regular CaretCircleRight"
"Regular_CaretCircleUp","Regular","fa:Regular","CaretCircleUp","[fa:Regular_CaretCircleUp]","fa:Regular_CaretCircleUp:#2D8CFF","Regular CaretCircleUp Regular CaretCircleUp"
"Regular_CaretDown","Regular","fa:Regular","CaretDown","[fa:Regular_CaretDown]","fa:Regular_CaretDown:#2D8CFF","Regular CaretDown Regular CaretDown"
"Regular_CaretLeft","Regular","fa:Regular","CaretLeft","[fa:Regular_CaretLeft]","fa:Regular_CaretLeft:#2D8CFF","Regular CaretLeft Regular CaretLeft"
"Regular_CaretRight","Regular","fa:Regular","CaretRight","[fa:Regular_CaretRight]","fa:Regular_CaretRight:#2D8CFF","Regular CaretRight Regular CaretRight"
"Regular_CaretSquareDown","Regular","fa:Regular","CaretSquareDown","[fa:Regular_CaretSquareDown]","fa:Regular_CaretSquareDown:#2D8CFF","Regular CaretSquareDown Regular CaretSquareDown"
"Regular_CaretSquareLeft","Regular","fa:Regular","CaretSquareLeft","[fa:Regular_CaretSquareLeft]","fa:Regular_CaretSquareLeft:#2D8CFF","Regular CaretSquareLeft Regular CaretSquareLeft"
"Regular_CaretSquareRight","Regular","fa:Regular","CaretSquareRight","[fa:Regular_CaretSquareRight]","fa:Regular_CaretSquareRight:#2D8CFF","Regular CaretSquareRight Regular CaretSquareRight"
"Regular_CaretSquareUp","Regular","fa:Regular","CaretSquareUp","[fa:Regular_CaretSquareUp]","fa:Regular_CaretSquareUp:#2D8CFF","Regular CaretSquareUp Regular CaretSquareUp"
"Regular_CaretUp","Regular","fa:Regular","CaretUp","[fa:Regular_CaretUp]","fa:Regular_CaretUp:#2D8CFF","Regular CaretUp Regular CaretUp"
"Regular_Carrot","Regular","fa:Regular","Carrot","[fa:Regular_Carrot]","fa:Regular_Carrot:#2D8CFF","Regular Carrot Regular Carrot"
"Regular_Cars","Regular","fa:Regular","Cars","[fa:Regular_Cars]","fa:Regular_Cars:#2D8CFF","Regular Cars Regular Cars"
"Regular_CartArrowDown","Regular","fa:Regular","CartArrowDown","[fa:Regular_CartArrowDown]","fa:Regular_CartArrowDown:#2D8CFF","Regular CartArrowDown Regular CartArrowDown"
"Regular_CartPlus","Regular","fa:Regular","CartPlus","[fa:Regular_CartPlus]","fa:Regular_CartPlus:#2D8CFF","Regular CartPlus Regular CartPlus"
"Regular_CashRegister","Regular","fa:Regular","CashRegister","[fa:Regular_CashRegister]","fa:Regular_CashRegister:#2D8CFF","Regular CashRegister Regular CashRegister"
"Regular_CassetteTape","Regular","fa:Regular","CassetteTape","[fa:Regular_CassetteTape]","fa:Regular_CassetteTape:#2D8CFF","Regular CassetteTape Regular CassetteTape"
"Regular_Cat","Regular","fa:Regular","Cat","[fa:Regular_Cat]","fa:Regular_Cat:#2D8CFF","Regular Cat Regular Cat"
"Regular_CatSpace","Regular","fa:Regular","CatSpace","[fa:Regular_CatSpace]","fa:Regular_CatSpace:#2D8CFF","Regular CatSpace Regular CatSpace"
"Regular_Cauldron","Regular","fa:Regular","Cauldron","[fa:Regular_Cauldron]","fa:Regular_Cauldron:#2D8CFF","Regular Cauldron Regular Cauldron"
"Regular_Cctv","Regular","fa:Regular","Cctv","[fa:Regular_Cctv]","fa:Regular_Cctv:#2D8CFF","Regular Cctv Regular Cctv"
"Regular_Certificate","Regular","fa:Regular","Certificate","[fa:Regular_Certificate]","fa:Regular_Certificate:#2D8CFF","Regular Certificate Regular Certificate"
"Regular_Chair","Regular","fa:Regular","Chair","[fa:Regular_Chair]","fa:Regular_Chair:#2D8CFF","Regular Chair Regular Chair"
"Regular_ChairOffice","Regular","fa:Regular","ChairOffice","[fa:Regular_ChairOffice]","fa:Regular_ChairOffice:#2D8CFF","Regular ChairOffice Regular ChairOffice"
"Regular_Chalkboard","Regular","fa:Regular","Chalkboard","[fa:Regular_Chalkboard]","fa:Regular_Chalkboard:#2D8CFF","Regular Chalkboard Regular Chalkboard"
"Regular_ChalkboardTeacher","Regular","fa:Regular","ChalkboardTeacher","[fa:Regular_ChalkboardTeacher]","fa:Regular_ChalkboardTeacher:#2D8CFF","Regular ChalkboardTeacher Regular ChalkboardTeacher"
"Regular_ChargingStation","Regular","fa:Regular","ChargingStation","[fa:Regular_ChargingStation]","fa:Regular_ChargingStation:#2D8CFF","Regular ChargingStation Regular ChargingStation"
"Regular_ChartArea","Regular","fa:Regular","ChartArea","[fa:Regular_ChartArea]","fa:Regular_ChartArea:#2D8CFF","Regular ChartArea Regular ChartArea"
"Regular_ChartBar","Regular","fa:Regular","ChartBar","[fa:Regular_ChartBar]","fa:Regular_ChartBar:#2D8CFF","Regular ChartBar Regular ChartBar"
"Regular_ChartLine","Regular","fa:Regular","ChartLine","[fa:Regular_ChartLine]","fa:Regular_ChartLine:#2D8CFF","Regular ChartLine Regular ChartLine"
"Regular_ChartLineDown","Regular","fa:Regular","ChartLineDown","[fa:Regular_ChartLineDown]","fa:Regular_ChartLineDown:#2D8CFF","Regular ChartLineDown Regular ChartLineDown"
"Regular_ChartNetwork","Regular","fa:Regular","ChartNetwork","[fa:Regular_ChartNetwork]","fa:Regular_ChartNetwork:#2D8CFF","Regular ChartNetwork Regular ChartNetwork"
"Regular_ChartPie","Regular","fa:Regular","ChartPie","[fa:Regular_ChartPie]","fa:Regular_ChartPie:#2D8CFF","Regular ChartPie Regular ChartPie"
"Regular_ChartPieAlt","Regular","fa:Regular","ChartPieAlt","[fa:Regular_ChartPieAlt]","fa:Regular_ChartPieAlt:#2D8CFF","Regular ChartPieAlt Regular ChartPieAlt"
"Regular_ChartScatter","Regular","fa:Regular","ChartScatter","[fa:Regular_ChartScatter]","fa:Regular_ChartScatter:#2D8CFF","Regular ChartScatter Regular ChartScatter"
"Regular_Check","Regular","fa:Regular","Check","[fa:Regular_Check]","fa:Regular_Check:#2D8CFF","Regular Check Regular Check"
"Regular_CheckCircle","Regular","fa:Regular","CheckCircle","[fa:Regular_CheckCircle]","fa:Regular_CheckCircle:#2D8CFF","Regular CheckCircle Regular CheckCircle"
"Regular_CheckDouble","Regular","fa:Regular","CheckDouble","[fa:Regular_CheckDouble]","fa:Regular_CheckDouble:#2D8CFF","Regular CheckDouble Regular CheckDouble"
"Regular_CheckSquare","Regular","fa:Regular","CheckSquare","[fa:Regular_CheckSquare]","fa:Regular_CheckSquare:#2D8CFF","Regular CheckSquare Regular CheckSquare"
"Regular_Cheese","Regular","fa:Regular","Cheese","[fa:Regular_Cheese]","fa:Regular_Cheese:#2D8CFF","Regular Cheese Regular Cheese"
"Regular_CheeseSwiss","Regular","fa:Regular","CheeseSwiss","[fa:Regular_CheeseSwiss]","fa:Regular_CheeseSwiss:#2D8CFF","Regular CheeseSwiss Regular CheeseSwiss"
"Regular_Cheeseburger","Regular","fa:Regular","Cheeseburger","[fa:Regular_Cheeseburger]","fa:Regular_Cheeseburger:#2D8CFF","Regular Cheeseburger Regular Cheeseburger"
"Regular_Chess","Regular","fa:Regular","Chess","[fa:Regular_Chess]","fa:Regular_Chess:#2D8CFF","Regular Chess Regular Chess"
"Regular_ChessBishop","Regular","fa:Regular","ChessBishop","[fa:Regular_ChessBishop]","fa:Regular_ChessBishop:#2D8CFF","Regular ChessBishop Regular ChessBishop"
"Regular_ChessBishopAlt","Regular","fa:Regular","ChessBishopAlt","[fa:Regular_ChessBishopAlt]","fa:Regular_ChessBishopAlt:#2D8CFF","Regular ChessBishopAlt Regular ChessBishopAlt"
"Regular_ChessBoard","Regular","fa:Regular","ChessBoard","[fa:Regular_ChessBoard]","fa:Regular_ChessBoard:#2D8CFF","Regular ChessBoard Regular ChessBoard"
"Regular_ChessClock","Regular","fa:Regular","ChessClock","[fa:Regular_ChessClock]","fa:Regular_ChessClock:#2D8CFF","Regular ChessClock Regular ChessClock"
"Regular_ChessClockAlt","Regular","fa:Regular","ChessClockAlt","[fa:Regular_ChessClockAlt]","fa:Regular_ChessClockAlt:#2D8CFF","Regular ChessClockAlt Regular ChessClockAlt"
"Regular_ChessKing","Regular","fa:Regular","ChessKing","[fa:Regular_ChessKing]","fa:Regular_ChessKing:#2D8CFF","Regular ChessKing Regular ChessKing"
"Regular_ChessKingAlt","Regular","fa:Regular","ChessKingAlt","[fa:Regular_ChessKingAlt]","fa:Regular_ChessKingAlt:#2D8CFF","Regular ChessKingAlt Regular ChessKingAlt"
"Regular_ChessKnight","Regular","fa:Regular","ChessKnight","[fa:Regular_ChessKnight]","fa:Regular_ChessKnight:#2D8CFF","Regular ChessKnight Regular ChessKnight"
"Regular_ChessKnightAlt","Regular","fa:Regular","ChessKnightAlt","[fa:Regular_ChessKnightAlt]","fa:Regular_ChessKnightAlt:#2D8CFF","Regular ChessKnightAlt Regular ChessKnightAlt"
"Regular_ChessPawn","Regular","fa:Regular","ChessPawn","[fa:Regular_ChessPawn]","fa:Regular_ChessPawn:#2D8CFF","Regular ChessPawn Regular ChessPawn"
"Regular_ChessPawnAlt","Regular","fa:Regular","ChessPawnAlt","[fa:Regular_ChessPawnAlt]","fa:Regular_ChessPawnAlt:#2D8CFF","Regular ChessPawnAlt Regular ChessPawnAlt"
"Regular_ChessQueen","Regular","fa:Regular","ChessQueen","[fa:Regular_ChessQueen]","fa:Regular_ChessQueen:#2D8CFF","Regular ChessQueen Regular ChessQueen"
"Regular_ChessQueenAlt","Regular","fa:Regular","ChessQueenAlt","[fa:Regular_ChessQueenAlt]","fa:Regular_ChessQueenAlt:#2D8CFF","Regular ChessQueenAlt Regular ChessQueenAlt"
"Regular_ChessRook","Regular","fa:Regular","ChessRook","[fa:Regular_ChessRook]","fa:Regular_ChessRook:#2D8CFF","Regular ChessRook Regular ChessRook"
"Regular_ChessRookAlt","Regular","fa:Regular","ChessRookAlt","[fa:Regular_ChessRookAlt]","fa:Regular_ChessRookAlt:#2D8CFF","Regular ChessRookAlt Regular ChessRookAlt"
"Regular_ChevronCircleDown","Regular","fa:Regular","ChevronCircleDown","[fa:Regular_ChevronCircleDown]","fa:Regular_ChevronCircleDown:#2D8CFF","Regular ChevronCircleDown Regular ChevronCircleDown"
"Regular_ChevronCircleLeft","Regular","fa:Regular","ChevronCircleLeft","[fa:Regular_ChevronCircleLeft]","fa:Regular_ChevronCircleLeft:#2D8CFF","Regular ChevronCircleLeft Regular ChevronCircleLeft"
"Regular_ChevronCircleRight","Regular","fa:Regular","ChevronCircleRight","[fa:Regular_ChevronCircleRight]","fa:Regular_ChevronCircleRight:#2D8CFF","Regular ChevronCircleRight Regular ChevronCircleRight"
"Regular_ChevronCircleUp","Regular","fa:Regular","ChevronCircleUp","[fa:Regular_ChevronCircleUp]","fa:Regular_ChevronCircleUp:#2D8CFF","Regular ChevronCircleUp Regular ChevronCircleUp"
"Regular_ChevronDoubleDown","Regular","fa:Regular","ChevronDoubleDown","[fa:Regular_ChevronDoubleDown]","fa:Regular_ChevronDoubleDown:#2D8CFF","Regular ChevronDoubleDown Regular ChevronDoubleDown"
"Regular_ChevronDoubleLeft","Regular","fa:Regular","ChevronDoubleLeft","[fa:Regular_ChevronDoubleLeft]","fa:Regular_ChevronDoubleLeft:#2D8CFF","Regular ChevronDoubleLeft Regular ChevronDoubleLeft"
"Regular_ChevronDoubleRight","Regular","fa:Regular","ChevronDoubleRight","[fa:Regular_ChevronDoubleRight]","fa:Regular_ChevronDoubleRight:#2D8CFF","Regular ChevronDoubleRight Regular ChevronDoubleRight"
"Regular_ChevronDoubleUp","Regular","fa:Regular","ChevronDoubleUp","[fa:Regular_ChevronDoubleUp]","fa:Regular_ChevronDoubleUp:#2D8CFF","Regular ChevronDoubleUp Regular ChevronDoubleUp"
"Regular_ChevronDown","Regular","fa:Regular","ChevronDown","[fa:Regular_ChevronDown]","fa:Regular_ChevronDown:#2D8CFF","Regular ChevronDown Regular ChevronDown"
"Regular_ChevronLeft","Regular","fa:Regular","ChevronLeft","[fa:Regular_ChevronLeft]","fa:Regular_ChevronLeft:#2D8CFF","Regular ChevronLeft Regular ChevronLeft"
"Regular_ChevronRight","Regular","fa:Regular","ChevronRight","[fa:Regular_ChevronRight]","fa:Regular_ChevronRight:#2D8CFF","Regular ChevronRight Regular ChevronRight"
"Regular_ChevronSquareDown","Regular","fa:Regular","ChevronSquareDown","[fa:Regular_ChevronSquareDown]","fa:Regular_ChevronSquareDown:#2D8CFF","Regular ChevronSquareDown Regular ChevronSquareDown"
"Regular_ChevronSquareLeft","Regular","fa:Regular","ChevronSquareLeft","[fa:Regular_ChevronSquareLeft]","fa:Regular_ChevronSquareLeft:#2D8CFF","Regular ChevronSquareLeft Regular ChevronSquareLeft"
"Regular_ChevronSquareRight","Regular","fa:Regular","ChevronSquareRight","[fa:Regular_ChevronSquareRight]","fa:Regular_ChevronSquareRight:#2D8CFF","Regular ChevronSquareRight Regular ChevronSquareRight"
"Regular_ChevronSquareUp","Regular","fa:Regular","ChevronSquareUp","[fa:Regular_ChevronSquareUp]","fa:Regular_ChevronSquareUp:#2D8CFF","Regular ChevronSquareUp Regular ChevronSquareUp"
"Regular_ChevronUp","Regular","fa:Regular","ChevronUp","[fa:Regular_ChevronUp]","fa:Regular_ChevronUp:#2D8CFF","Regular ChevronUp Regular ChevronUp"
"Regular_Child","Regular","fa:Regular","Child","[fa:Regular_Child]","fa:Regular_Child:#2D8CFF","Regular Child Regular Child"
"Regular_Chimney","Regular","fa:Regular","Chimney","[fa:Regular_Chimney]","fa:Regular_Chimney:#2D8CFF","Regular Chimney Regular Chimney"
"Regular_Church","Regular","fa:Regular","Church","[fa:Regular_Church]","fa:Regular_Church:#2D8CFF","Regular Church Regular Church"
"Regular_Circle","Regular","fa:Regular","Circle","[fa:Regular_Circle]","fa:Regular_Circle:#2D8CFF","Regular Circle Regular Circle"
"Regular_CircleNotch","Regular","fa:Regular","CircleNotch","[fa:Regular_CircleNotch]","fa:Regular_CircleNotch:#2D8CFF","Regular CircleNotch Regular CircleNotch"
"Regular_City","Regular","fa:Regular","City","[fa:Regular_City]","fa:Regular_City:#2D8CFF","Regular City Regular City"
"Regular_Clarinet","Regular","fa:Regular","Clarinet","[fa:Regular_Clarinet]","fa:Regular_Clarinet:#2D8CFF","Regular Clarinet Regular Clarinet"
"Regular_ClawMarks","Regular","fa:Regular","ClawMarks","[fa:Regular_ClawMarks]","fa:Regular_ClawMarks:#2D8CFF","Regular ClawMarks Regular ClawMarks"
"Regular_ClinicMedical","Regular","fa:Regular","ClinicMedical","[fa:Regular_ClinicMedical]","fa:Regular_ClinicMedical:#2D8CFF","Regular ClinicMedical Regular ClinicMedical"
"Regular_Clipboard","Regular","fa:Regular","Clipboard","[fa:Regular_Clipboard]","fa:Regular_Clipboard:#2D8CFF","Regular Clipboard Regular Clipboard"
"Regular_ClipboardCheck","Regular","fa:Regular","ClipboardCheck","[fa:Regular_ClipboardCheck]","fa:Regular_ClipboardCheck:#2D8CFF","Regular ClipboardCheck Regular ClipboardCheck"
"Regular_ClipboardList","Regular","fa:Regular","ClipboardList","[fa:Regular_ClipboardList]","fa:Regular_ClipboardList:#2D8CFF","Regular ClipboardList Regular ClipboardList"
"Regular_ClipboardListCheck","Regular","fa:Regular","ClipboardListCheck","[fa:Regular_ClipboardListCheck]","fa:Regular_ClipboardListCheck:#2D8CFF","Regular ClipboardListCheck Regular ClipboardListCheck"
"Regular_ClipboardPrescription","Regular","fa:Regular","ClipboardPrescription","[fa:Regular_ClipboardPrescription]","fa:Regular_ClipboardPrescription:#2D8CFF","Regular ClipboardPrescription Regular ClipboardPrescription"
"Regular_ClipboardUser","Regular","fa:Regular","ClipboardUser","[fa:Regular_ClipboardUser]","fa:Regular_ClipboardUser:#2D8CFF","Regular ClipboardUser Regular ClipboardUser"
"Regular_Clock","Regular","fa:Regular","Clock","[fa:Regular_Clock]","fa:Regular_Clock:#2D8CFF","Regular Clock Regular Clock"
"Regular_Clone","Regular","fa:Regular","Clone","[fa:Regular_Clone]","fa:Regular_Clone:#2D8CFF","Regular Clone Regular Clone"
"Regular_ClosedCaptioning","Regular","fa:Regular","ClosedCaptioning","[fa:Regular_ClosedCaptioning]","fa:Regular_ClosedCaptioning:#2D8CFF","Regular ClosedCaptioning Regular ClosedCaptioning"
"Regular_Cloud","Regular","fa:Regular","Cloud","[fa:Regular_Cloud]","fa:Regular_Cloud:#2D8CFF","Regular Cloud Regular Cloud"
"Regular_CloudDownload","Regular","fa:Regular","CloudDownload","[fa:Regular_CloudDownload]","fa:Regular_CloudDownload:#2D8CFF","Regular CloudDownload Regular CloudDownload"
"Regular_CloudDownloadAlt","Regular","fa:Regular","CloudDownloadAlt","[fa:Regular_CloudDownloadAlt]","fa:Regular_CloudDownloadAlt:#2D8CFF","Regular CloudDownloadAlt Regular CloudDownloadAlt"
"Regular_CloudDrizzle","Regular","fa:Regular","CloudDrizzle","[fa:Regular_CloudDrizzle]","fa:Regular_CloudDrizzle:#2D8CFF","Regular CloudDrizzle Regular CloudDrizzle"
"Regular_CloudHail","Regular","fa:Regular","CloudHail","[fa:Regular_CloudHail]","fa:Regular_CloudHail:#2D8CFF","Regular CloudHail Regular CloudHail"
"Regular_CloudHailMixed","Regular","fa:Regular","CloudHailMixed","[fa:Regular_CloudHailMixed]","fa:Regular_CloudHailMixed:#2D8CFF","Regular CloudHailMixed Regular CloudHailMixed"
"Regular_CloudMeatball","Regular","fa:Regular","CloudMeatball","[fa:Regular_CloudMeatball]","fa:Regular_CloudMeatball:#2D8CFF","Regular CloudMeatball Regular CloudMeatball"
"Regular_CloudMoon","Regular","fa:Regular","CloudMoon","[fa:Regular_CloudMoon]","fa:Regular_CloudMoon:#2D8CFF","Regular CloudMoon Regular CloudMoon"
"Regular_CloudMoonRain","Regular","fa:Regular","CloudMoonRain","[fa:Regular_CloudMoonRain]","fa:Regular_CloudMoonRain:#2D8CFF","Regular CloudMoonRain Regular CloudMoonRain"
"Regular_CloudMusic","Regular","fa:Regular","CloudMusic","[fa:Regular_CloudMusic]","fa:Regular_CloudMusic:#2D8CFF","Regular CloudMusic Regular CloudMusic"
"Regular_CloudRain","Regular","fa:Regular","CloudRain","[fa:Regular_CloudRain]","fa:Regular_CloudRain:#2D8CFF","Regular CloudRain Regular CloudRain"
"Regular_CloudRainbow","Regular","fa:Regular","CloudRainbow","[fa:Regular_CloudRainbow]","fa:Regular_CloudRainbow:#2D8CFF","Regular CloudRainbow Regular CloudRainbow"
"Regular_CloudShowers","Regular","fa:Regular","CloudShowers","[fa:Regular_CloudShowers]","fa:Regular_CloudShowers:#2D8CFF","Regular CloudShowers Regular CloudShowers"
"Regular_CloudShowersHeavy","Regular","fa:Regular","CloudShowersHeavy","[fa:Regular_CloudShowersHeavy]","fa:Regular_CloudShowersHeavy:#2D8CFF","Regular CloudShowersHeavy Regular CloudShowersHeavy"
"Regular_CloudSleet","Regular","fa:Regular","CloudSleet","[fa:Regular_CloudSleet]","fa:Regular_CloudSleet:#2D8CFF","Regular CloudSleet Regular CloudSleet"
"Regular_CloudSnow","Regular","fa:Regular","CloudSnow","[fa:Regular_CloudSnow]","fa:Regular_CloudSnow:#2D8CFF","Regular CloudSnow Regular CloudSnow"
"Regular_CloudSun","Regular","fa:Regular","CloudSun","[fa:Regular_CloudSun]","fa:Regular_CloudSun:#2D8CFF","Regular CloudSun Regular CloudSun"
"Regular_CloudSunRain","Regular","fa:Regular","CloudSunRain","[fa:Regular_CloudSunRain]","fa:Regular_CloudSunRain:#2D8CFF","Regular CloudSunRain Regular CloudSunRain"
"Regular_CloudUpload","Regular","fa:Regular","CloudUpload","[fa:Regular_CloudUpload]","fa:Regular_CloudUpload:#2D8CFF","Regular CloudUpload Regular CloudUpload"
"Regular_CloudUploadAlt","Regular","fa:Regular","CloudUploadAlt","[fa:Regular_CloudUploadAlt]","fa:Regular_CloudUploadAlt:#2D8CFF","Regular CloudUploadAlt Regular CloudUploadAlt"
"Regular_Clouds","Regular","fa:Regular","Clouds","[fa:Regular_Clouds]","fa:Regular_Clouds:#2D8CFF","Regular Clouds Regular Clouds"
"Regular_CloudsMoon","Regular","fa:Regular","CloudsMoon","[fa:Regular_CloudsMoon]","fa:Regular_CloudsMoon:#2D8CFF","Regular CloudsMoon Regular CloudsMoon"
"Regular_CloudsSun","Regular","fa:Regular","CloudsSun","[fa:Regular_CloudsSun]","fa:Regular_CloudsSun:#2D8CFF","Regular CloudsSun Regular CloudsSun"
"Regular_Club","Regular","fa:Regular","Club","[fa:Regular_Club]","fa:Regular_Club:#2D8CFF","Regular Club Regular Club"
"Regular_Cocktail","Regular","fa:Regular","Cocktail","[fa:Regular_Cocktail]","fa:Regular_Cocktail:#2D8CFF","Regular Cocktail Regular Cocktail"
"Regular_Code","Regular","fa:Regular","Code","[fa:Regular_Code]","fa:Regular_Code:#2D8CFF","Regular Code Regular Code"
"Regular_CodeBranch","Regular","fa:Regular","CodeBranch","[fa:Regular_CodeBranch]","fa:Regular_CodeBranch:#2D8CFF","Regular CodeBranch Regular CodeBranch"
"Regular_CodeCommit","Regular","fa:Regular","CodeCommit","[fa:Regular_CodeCommit]","fa:Regular_CodeCommit:#2D8CFF","Regular CodeCommit Regular CodeCommit"
"Regular_CodeMerge","Regular","fa:Regular","CodeMerge","[fa:Regular_CodeMerge]","fa:Regular_CodeMerge:#2D8CFF","Regular CodeMerge Regular CodeMerge"
"Regular_Coffee","Regular","fa:Regular","Coffee","[fa:Regular_Coffee]","fa:Regular_Coffee:#2D8CFF","Regular Coffee Regular Coffee"
"Regular_CoffeePot","Regular","fa:Regular","CoffeePot","[fa:Regular_CoffeePot]","fa:Regular_CoffeePot:#2D8CFF","Regular CoffeePot Regular CoffeePot"
"Regular_CoffeeTogo","Regular","fa:Regular","CoffeeTogo","[fa:Regular_CoffeeTogo]","fa:Regular_CoffeeTogo:#2D8CFF","Regular CoffeeTogo Regular CoffeeTogo"
"Regular_Coffin","Regular","fa:Regular","Coffin","[fa:Regular_Coffin]","fa:Regular_Coffin:#2D8CFF","Regular Coffin Regular Coffin"
"Regular_CoffinCross","Regular","fa:Regular","CoffinCross","[fa:Regular_CoffinCross]","fa:Regular_CoffinCross:#2D8CFF","Regular CoffinCross Regular CoffinCross"
"Regular_Cog","Regular","fa:Regular","Cog","[fa:Regular_Cog]","fa:Regular_Cog:#2D8CFF","Regular Cog Regular Cog"
"Regular_Cogs","Regular","fa:Regular","Cogs","[fa:Regular_Cogs]","fa:Regular_Cogs:#2D8CFF","Regular Cogs Regular Cogs"
"Regular_Coin","Regular","fa:Regular","Coin","[fa:Regular_Coin]","fa:Regular_Coin:#2D8CFF","Regular Coin Regular Coin"
"Regular_Coins","Regular","fa:Regular","Coins","[fa:Regular_Coins]","fa:Regular_Coins:#2D8CFF","Regular Coins Regular Coins"
"Regular_Columns","Regular","fa:Regular","Columns","[fa:Regular_Columns]","fa:Regular_Columns:#2D8CFF","Regular Columns Regular Columns"
"Regular_Comet","Regular","fa:Regular","Comet","[fa:Regular_Comet]","fa:Regular_Comet:#2D8CFF","Regular Comet Regular Comet"
"Regular_Comment","Regular","fa:Regular","Comment","[fa:Regular_Comment]","fa:Regular_Comment:#2D8CFF","Regular Comment Regular Comment"
"Regular_CommentAlt","Regular","fa:Regular","CommentAlt","[fa:Regular_CommentAlt]","fa:Regular_CommentAlt:#2D8CFF","Regular CommentAlt Regular CommentAlt"
"Regular_CommentAltCheck","Regular","fa:Regular","CommentAltCheck","[fa:Regular_CommentAltCheck]","fa:Regular_CommentAltCheck:#2D8CFF","Regular CommentAltCheck Regular CommentAltCheck"
"Regular_CommentAltDollar","Regular","fa:Regular","CommentAltDollar","[fa:Regular_CommentAltDollar]","fa:Regular_CommentAltDollar:#2D8CFF","Regular CommentAltDollar Regular CommentAltDollar"
"Regular_CommentAltDots","Regular","fa:Regular","CommentAltDots","[fa:Regular_CommentAltDots]","fa:Regular_CommentAltDots:#2D8CFF","Regular CommentAltDots Regular CommentAltDots"
"Regular_CommentAltEdit","Regular","fa:Regular","CommentAltEdit","[fa:Regular_CommentAltEdit]","fa:Regular_CommentAltEdit:#2D8CFF","Regular CommentAltEdit Regular CommentAltEdit"
"Regular_CommentAltExclamation","Regular","fa:Regular","CommentAltExclamation","[fa:Regular_CommentAltExclamation]","fa:Regular_CommentAltExclamation:#2D8CFF","Regular CommentAltExclamation Regular CommentAltExclamation"
"Regular_CommentAltLines","Regular","fa:Regular","CommentAltLines","[fa:Regular_CommentAltLines]","fa:Regular_CommentAltLines:#2D8CFF","Regular CommentAltLines Regular CommentAltLines"
"Regular_CommentAltMedical","Regular","fa:Regular","CommentAltMedical","[fa:Regular_CommentAltMedical]","fa:Regular_CommentAltMedical:#2D8CFF","Regular CommentAltMedical Regular CommentAltMedical"
"Regular_CommentAltMinus","Regular","fa:Regular","CommentAltMinus","[fa:Regular_CommentAltMinus]","fa:Regular_CommentAltMinus:#2D8CFF","Regular CommentAltMinus Regular CommentAltMinus"
"Regular_CommentAltMusic","Regular","fa:Regular","CommentAltMusic","[fa:Regular_CommentAltMusic]","fa:Regular_CommentAltMusic:#2D8CFF","Regular CommentAltMusic Regular CommentAltMusic"
"Regular_CommentAltPlus","Regular","fa:Regular","CommentAltPlus","[fa:Regular_CommentAltPlus]","fa:Regular_CommentAltPlus:#2D8CFF","Regular CommentAltPlus Regular CommentAltPlus"
"Regular_CommentAltSlash","Regular","fa:Regular","CommentAltSlash","[fa:Regular_CommentAltSlash]","fa:Regular_CommentAltSlash:#2D8CFF","Regular CommentAltSlash Regular CommentAltSlash"
"Regular_CommentAltSmile","Regular","fa:Regular","CommentAltSmile","[fa:Regular_CommentAltSmile]","fa:Regular_CommentAltSmile:#2D8CFF","Regular CommentAltSmile Regular CommentAltSmile"
"Regular_CommentAltTimes","Regular","fa:Regular","CommentAltTimes","[fa:Regular_CommentAltTimes]","fa:Regular_CommentAltTimes:#2D8CFF","Regular CommentAltTimes Regular CommentAltTimes"
"Regular_CommentCheck","Regular","fa:Regular","CommentCheck","[fa:Regular_CommentCheck]","fa:Regular_CommentCheck:#2D8CFF","Regular CommentCheck Regular CommentCheck"
"Regular_CommentDollar","Regular","fa:Regular","CommentDollar","[fa:Regular_CommentDollar]","fa:Regular_CommentDollar:#2D8CFF","Regular CommentDollar Regular CommentDollar"
"Regular_CommentDots","Regular","fa:Regular","CommentDots","[fa:Regular_CommentDots]","fa:Regular_CommentDots:#2D8CFF","Regular CommentDots Regular CommentDots"
"Regular_CommentEdit","Regular","fa:Regular","CommentEdit","[fa:Regular_CommentEdit]","fa:Regular_CommentEdit:#2D8CFF","Regular CommentEdit Regular CommentEdit"
"Regular_CommentExclamation","Regular","fa:Regular","CommentExclamation","[fa:Regular_CommentExclamation]","fa:Regular_CommentExclamation:#2D8CFF","Regular CommentExclamation Regular CommentExclamation"
"Regular_CommentLines","Regular","fa:Regular","CommentLines","[fa:Regular_CommentLines]","fa:Regular_CommentLines:#2D8CFF","Regular CommentLines Regular CommentLines"
"Regular_CommentMedical","Regular","fa:Regular","CommentMedical","[fa:Regular_CommentMedical]","fa:Regular_CommentMedical:#2D8CFF","Regular CommentMedical Regular CommentMedical"
"Regular_CommentMinus","Regular","fa:Regular","CommentMinus","[fa:Regular_CommentMinus]","fa:Regular_CommentMinus:#2D8CFF","Regular CommentMinus Regular CommentMinus"
"Regular_CommentMusic","Regular","fa:Regular","CommentMusic","[fa:Regular_CommentMusic]","fa:Regular_CommentMusic:#2D8CFF","Regular CommentMusic Regular CommentMusic"
"Regular_CommentPlus","Regular","fa:Regular","CommentPlus","[fa:Regular_CommentPlus]","fa:Regular_CommentPlus:#2D8CFF","Regular CommentPlus Regular CommentPlus"
"Regular_CommentSlash","Regular","fa:Regular","CommentSlash","[fa:Regular_CommentSlash]","fa:Regular_CommentSlash:#2D8CFF","Regular CommentSlash Regular CommentSlash"
"Regular_CommentSmile","Regular","fa:Regular","CommentSmile","[fa:Regular_CommentSmile]","fa:Regular_CommentSmile:#2D8CFF","Regular CommentSmile Regular CommentSmile"
"Regular_CommentTimes","Regular","fa:Regular","CommentTimes","[fa:Regular_CommentTimes]","fa:Regular_CommentTimes:#2D8CFF","Regular CommentTimes Regular CommentTimes"
"Regular_Comments","Regular","fa:Regular","Comments","[fa:Regular_Comments]","fa:Regular_Comments:#2D8CFF","Regular Comments Regular Comments"
"Regular_CommentsAlt","Regular","fa:Regular","CommentsAlt","[fa:Regular_CommentsAlt]","fa:Regular_CommentsAlt:#2D8CFF","Regular CommentsAlt Regular CommentsAlt"
"Regular_CommentsAltDollar","Regular","fa:Regular","CommentsAltDollar","[fa:Regular_CommentsAltDollar]","fa:Regular_CommentsAltDollar:#2D8CFF","Regular CommentsAltDollar Regular CommentsAltDollar"
"Regular_CommentsDollar","Regular","fa:Regular","CommentsDollar","[fa:Regular_CommentsDollar]","fa:Regular_CommentsDollar:#2D8CFF","Regular CommentsDollar Regular CommentsDollar"
"Regular_CompactDisc","Regular","fa:Regular","CompactDisc","[fa:Regular_CompactDisc]","fa:Regular_CompactDisc:#2D8CFF","Regular CompactDisc Regular CompactDisc"
"Regular_Compass","Regular","fa:Regular","Compass","[fa:Regular_Compass]","fa:Regular_Compass:#2D8CFF","Regular Compass Regular Compass"
"Regular_CompassSlash","Regular","fa:Regular","CompassSlash","[fa:Regular_CompassSlash]","fa:Regular_CompassSlash:#2D8CFF","Regular CompassSlash Regular CompassSlash"
"Regular_Compress","Regular","fa:Regular","Compress","[fa:Regular_Compress]","fa:Regular_Compress:#2D8CFF","Regular Compress Regular Compress"
"Regular_CompressAlt","Regular","fa:Regular","CompressAlt","[fa:Regular_CompressAlt]","fa:Regular_CompressAlt:#2D8CFF","Regular CompressAlt Regular CompressAlt"
"Regular_CompressArrowsAlt","Regular","fa:Regular","CompressArrowsAlt","[fa:Regular_CompressArrowsAlt]","fa:Regular_CompressArrowsAlt:#2D8CFF","Regular CompressArrowsAlt Regular CompressArrowsAlt"
"Regular_CompressWide","Regular","fa:Regular","CompressWide","[fa:Regular_CompressWide]","fa:Regular_CompressWide:#2D8CFF","Regular CompressWide Regular CompressWide"
"Regular_ComputerClassic","Regular","fa:Regular","ComputerClassic","[fa:Regular_ComputerClassic]","fa:Regular_ComputerClassic:#2D8CFF","Regular ComputerClassic Regular ComputerClassic"
"Regular_ComputerSpeaker","Regular","fa:Regular","ComputerSpeaker","[fa:Regular_ComputerSpeaker]","fa:Regular_ComputerSpeaker:#2D8CFF","Regular ComputerSpeaker Regular ComputerSpeaker"
"Regular_ConciergeBell","Regular","fa:Regular","ConciergeBell","[fa:Regular_ConciergeBell]","fa:Regular_ConciergeBell:#2D8CFF","Regular ConciergeBell Regular ConciergeBell"
"Regular_Construction","Regular","fa:Regular","Construction","[fa:Regular_Construction]","fa:Regular_Construction:#2D8CFF","Regular Construction Regular Construction"
"Regular_ContainerStorage","Regular","fa:Regular","ContainerStorage","[fa:Regular_ContainerStorage]","fa:Regular_ContainerStorage:#2D8CFF","Regular ContainerStorage Regular ContainerStorage"
"Regular_ConveyorBelt","Regular","fa:Regular","ConveyorBelt","[fa:Regular_ConveyorBelt]","fa:Regular_ConveyorBelt:#2D8CFF","Regular ConveyorBelt Regular ConveyorBelt"
"Regular_ConveyorBeltAlt","Regular","fa:Regular","ConveyorBeltAlt","[fa:Regular_ConveyorBeltAlt]","fa:Regular_ConveyorBeltAlt:#2D8CFF","Regular ConveyorBeltAlt Regular ConveyorBeltAlt"
"Regular_Cookie","Regular","fa:Regular","Cookie","[fa:Regular_Cookie]","fa:Regular_Cookie:#2D8CFF","Regular Cookie Regular Cookie"
"Regular_CookieBite","Regular","fa:Regular","CookieBite","[fa:Regular_CookieBite]","fa:Regular_CookieBite:#2D8CFF","Regular CookieBite Regular CookieBite"
"Regular_Copy","Regular","fa:Regular","Copy","[fa:Regular_Copy]","fa:Regular_Copy:#2D8CFF","Regular Copy Regular Copy"
"Regular_Copyright","Regular","fa:Regular","Copyright","[fa:Regular_Copyright]","fa:Regular_Copyright:#2D8CFF","Regular Copyright Regular Copyright"
"Regular_Corn","Regular","fa:Regular","Corn","[fa:Regular_Corn]","fa:Regular_Corn:#2D8CFF","Regular Corn Regular Corn"
"Regular_Couch","Regular","fa:Regular","Couch","[fa:Regular_Couch]","fa:Regular_Couch:#2D8CFF","Regular Couch Regular Couch"
"Regular_Cow","Regular","fa:Regular","Cow","[fa:Regular_Cow]","fa:Regular_Cow:#2D8CFF","Regular Cow Regular Cow"
"Regular_Cowbell","Regular","fa:Regular","Cowbell","[fa:Regular_Cowbell]","fa:Regular_Cowbell:#2D8CFF","Regular Cowbell Regular Cowbell"
"Regular_CowbellMore","Regular","fa:Regular","CowbellMore","[fa:Regular_CowbellMore]","fa:Regular_CowbellMore:#2D8CFF","Regular CowbellMore Regular CowbellMore"
"Regular_CreditCard","Regular","fa:Regular","CreditCard","[fa:Regular_CreditCard]","fa:Regular_CreditCard:#2D8CFF","Regular CreditCard Regular CreditCard"
"Regular_CreditCardBlank","Regular","fa:Regular","CreditCardBlank","[fa:Regular_CreditCardBlank]","fa:Regular_CreditCardBlank:#2D8CFF","Regular CreditCardBlank Regular CreditCardBlank"
"Regular_CreditCardFront","Regular","fa:Regular","CreditCardFront","[fa:Regular_CreditCardFront]","fa:Regular_CreditCardFront:#2D8CFF","Regular CreditCardFront Regular CreditCardFront"
"Regular_Cricket","Regular","fa:Regular","Cricket","[fa:Regular_Cricket]","fa:Regular_Cricket:#2D8CFF","Regular Cricket Regular Cricket"
"Regular_Croissant","Regular","fa:Regular","Croissant","[fa:Regular_Croissant]","fa:Regular_Croissant:#2D8CFF","Regular Croissant Regular Croissant"
"Regular_Crop","Regular","fa:Regular","Crop","[fa:Regular_Crop]","fa:Regular_Crop:#2D8CFF","Regular Crop Regular Crop"
"Regular_CropAlt","Regular","fa:Regular","CropAlt","[fa:Regular_CropAlt]","fa:Regular_CropAlt:#2D8CFF","Regular CropAlt Regular CropAlt"
"Regular_Cross","Regular","fa:Regular","Cross","[fa:Regular_Cross]","fa:Regular_Cross:#2D8CFF","Regular Cross Regular Cross"
"Regular_Crosshairs","Regular","fa:Regular","Crosshairs","[fa:Regular_Crosshairs]","fa:Regular_Crosshairs:#2D8CFF","Regular Crosshairs Regular Crosshairs"
"Regular_Crow","Regular","fa:Regular","Crow","[fa:Regular_Crow]","fa:Regular_Crow:#2D8CFF","Regular Crow Regular Crow"
"Regular_Crown","Regular","fa:Regular","Crown","[fa:Regular_Crown]","fa:Regular_Crown:#2D8CFF","Regular Crown Regular Crown"
"Regular_Crutch","Regular","fa:Regular","Crutch","[fa:Regular_Crutch]","fa:Regular_Crutch:#2D8CFF","Regular Crutch Regular Crutch"
"Regular_Crutches","Regular","fa:Regular","Crutches","[fa:Regular_Crutches]","fa:Regular_Crutches:#2D8CFF","Regular Crutches Regular Crutches"
"Regular_Cube","Regular","fa:Regular","Cube","[fa:Regular_Cube]","fa:Regular_Cube:#2D8CFF","Regular Cube Regular Cube"
"Regular_Cubes","Regular","fa:Regular","Cubes","[fa:Regular_Cubes]","fa:Regular_Cubes:#2D8CFF","Regular Cubes Regular Cubes"
"Regular_Curling","Regular","fa:Regular","Curling","[fa:Regular_Curling]","fa:Regular_Curling:#2D8CFF","Regular Curling Regular Curling"
"Regular_Cut","Regular","fa:Regular","Cut","[fa:Regular_Cut]","fa:Regular_Cut:#2D8CFF","Regular Cut Regular Cut"
"Regular_Dagger","Regular","fa:Regular","Dagger","[fa:Regular_Dagger]","fa:Regular_Dagger:#2D8CFF","Regular Dagger Regular Dagger"
"Regular_Database","Regular","fa:Regular","Database","[fa:Regular_Database]","fa:Regular_Database:#2D8CFF","Regular Database Regular Database"
"Regular_Deaf","Regular","fa:Regular","Deaf","[fa:Regular_Deaf]","fa:Regular_Deaf:#2D8CFF","Regular Deaf Regular Deaf"
"Regular_Debug","Regular","fa:Regular","Debug","[fa:Regular_Debug]","fa:Regular_Debug:#2D8CFF","Regular Debug Regular Debug"
"Regular_Deer","Regular","fa:Regular","Deer","[fa:Regular_Deer]","fa:Regular_Deer:#2D8CFF","Regular Deer Regular Deer"
"Regular_DeerRudolph","Regular","fa:Regular","DeerRudolph","[fa:Regular_DeerRudolph]","fa:Regular_DeerRudolph:#2D8CFF","Regular DeerRudolph Regular DeerRudolph"
"Regular_Democrat","Regular","fa:Regular","Democrat","[fa:Regular_Democrat]","fa:Regular_Democrat:#2D8CFF","Regular Democrat Regular Democrat"
"Regular_Desktop","Regular","fa:Regular","Desktop","[fa:Regular_Desktop]","fa:Regular_Desktop:#2D8CFF","Regular Desktop Regular Desktop"
"Regular_DesktopAlt","Regular","fa:Regular","DesktopAlt","[fa:Regular_DesktopAlt]","fa:Regular_DesktopAlt:#2D8CFF","Regular DesktopAlt Regular DesktopAlt"
"Regular_Dewpoint","Regular","fa:Regular","Dewpoint","[fa:Regular_Dewpoint]","fa:Regular_Dewpoint:#2D8CFF","Regular Dewpoint Regular Dewpoint"
"Regular_Dharmachakra","Regular","fa:Regular","Dharmachakra","[fa:Regular_Dharmachakra]","fa:Regular_Dharmachakra:#2D8CFF","Regular Dharmachakra Regular Dharmachakra"
"Regular_Diagnoses","Regular","fa:Regular","Diagnoses","[fa:Regular_Diagnoses]","fa:Regular_Diagnoses:#2D8CFF","Regular Diagnoses Regular Diagnoses"
"Regular_Diamond","Regular","fa:Regular","Diamond","[fa:Regular_Diamond]","fa:Regular_Diamond:#2D8CFF","Regular Diamond Regular Diamond"
"Regular_Dice","Regular","fa:Regular","Dice","[fa:Regular_Dice]","fa:Regular_Dice:#2D8CFF","Regular Dice Regular Dice"
"Regular_DiceD10","Regular","fa:Regular","DiceD10","[fa:Regular_DiceD10]","fa:Regular_DiceD10:#2D8CFF","Regular DiceD10 Regular DiceD10"
"Regular_DiceD12","Regular","fa:Regular","DiceD12","[fa:Regular_DiceD12]","fa:Regular_DiceD12:#2D8CFF","Regular DiceD12 Regular DiceD12"
"Regular_DiceD20","Regular","fa:Regular","DiceD20","[fa:Regular_DiceD20]","fa:Regular_DiceD20:#2D8CFF","Regular DiceD20 Regular DiceD20"
"Regular_DiceD4","Regular","fa:Regular","DiceD4","[fa:Regular_DiceD4]","fa:Regular_DiceD4:#2D8CFF","Regular DiceD4 Regular DiceD4"
"Regular_DiceD6","Regular","fa:Regular","DiceD6","[fa:Regular_DiceD6]","fa:Regular_DiceD6:#2D8CFF","Regular DiceD6 Regular DiceD6"
"Regular_DiceD8","Regular","fa:Regular","DiceD8","[fa:Regular_DiceD8]","fa:Regular_DiceD8:#2D8CFF","Regular DiceD8 Regular DiceD8"
"Regular_DiceFive","Regular","fa:Regular","DiceFive","[fa:Regular_DiceFive]","fa:Regular_DiceFive:#2D8CFF","Regular DiceFive Regular DiceFive"
"Regular_DiceFour","Regular","fa:Regular","DiceFour","[fa:Regular_DiceFour]","fa:Regular_DiceFour:#2D8CFF","Regular DiceFour Regular DiceFour"
"Regular_DiceOne","Regular","fa:Regular","DiceOne","[fa:Regular_DiceOne]","fa:Regular_DiceOne:#2D8CFF","Regular DiceOne Regular DiceOne"
"Regular_DiceSix","Regular","fa:Regular","DiceSix","[fa:Regular_DiceSix]","fa:Regular_DiceSix:#2D8CFF","Regular DiceSix Regular DiceSix"
"Regular_DiceThree","Regular","fa:Regular","DiceThree","[fa:Regular_DiceThree]","fa:Regular_DiceThree:#2D8CFF","Regular DiceThree Regular DiceThree"
"Regular_DiceTwo","Regular","fa:Regular","DiceTwo","[fa:Regular_DiceTwo]","fa:Regular_DiceTwo:#2D8CFF","Regular DiceTwo Regular DiceTwo"
"Regular_Digging","Regular","fa:Regular","Digging","[fa:Regular_Digging]","fa:Regular_Digging:#2D8CFF","Regular Digging Regular Digging"
"Regular_DigitalTachograph","Regular","fa:Regular","DigitalTachograph","[fa:Regular_DigitalTachograph]","fa:Regular_DigitalTachograph:#2D8CFF","Regular DigitalTachograph Regular DigitalTachograph"
"Regular_Diploma","Regular","fa:Regular","Diploma","[fa:Regular_Diploma]","fa:Regular_Diploma:#2D8CFF","Regular Diploma Regular Diploma"
"Regular_Directions","Regular","fa:Regular","Directions","[fa:Regular_Directions]","fa:Regular_Directions:#2D8CFF","Regular Directions Regular Directions"
"Regular_DiscDrive","Regular","fa:Regular","DiscDrive","[fa:Regular_DiscDrive]","fa:Regular_DiscDrive:#2D8CFF","Regular DiscDrive Regular DiscDrive"
"Regular_Disease","Regular","fa:Regular","Disease","[fa:Regular_Disease]","fa:Regular_Disease:#2D8CFF","Regular Disease Regular Disease"
"Regular_Divide","Regular","fa:Regular","Divide","[fa:Regular_Divide]","fa:Regular_Divide:#2D8CFF","Regular Divide Regular Divide"
"Regular_Dizzy","Regular","fa:Regular","Dizzy","[fa:Regular_Dizzy]","fa:Regular_Dizzy:#2D8CFF","Regular Dizzy Regular Dizzy"
"Regular_Dna","Regular","fa:Regular","Dna","[fa:Regular_Dna]","fa:Regular_Dna:#2D8CFF","Regular Dna Regular Dna"
"Regular_DoNotEnter","Regular","fa:Regular","DoNotEnter","[fa:Regular_DoNotEnter]","fa:Regular_DoNotEnter:#2D8CFF","Regular DoNotEnter Regular DoNotEnter"
"Regular_Dog","Regular","fa:Regular","Dog","[fa:Regular_Dog]","fa:Regular_Dog:#2D8CFF","Regular Dog Regular Dog"
"Regular_DogLeashed","Regular","fa:Regular","DogLeashed","[fa:Regular_DogLeashed]","fa:Regular_DogLeashed:#2D8CFF","Regular DogLeashed Regular DogLeashed"
"Regular_DollarSign","Regular","fa:Regular","DollarSign","[fa:Regular_DollarSign]","fa:Regular_DollarSign:#2D8CFF","Regular DollarSign Regular DollarSign"
"Regular_Dolly","Regular","fa:Regular","Dolly","[fa:Regular_Dolly]","fa:Regular_Dolly:#2D8CFF","Regular Dolly Regular Dolly"
"Regular_DollyEmpty","Regular","fa:Regular","DollyEmpty","[fa:Regular_DollyEmpty]","fa:Regular_DollyEmpty:#2D8CFF","Regular DollyEmpty Regular DollyEmpty"
"Regular_DollyFlatbed","Regular","fa:Regular","DollyFlatbed","[fa:Regular_DollyFlatbed]","fa:Regular_DollyFlatbed:#2D8CFF","Regular DollyFlatbed Regular DollyFlatbed"
"Regular_DollyFlatbedAlt","Regular","fa:Regular","DollyFlatbedAlt","[fa:Regular_DollyFlatbedAlt]","fa:Regular_DollyFlatbedAlt:#2D8CFF","Regular DollyFlatbedAlt Regular DollyFlatbedAlt"
"Regular_DollyFlatbedEmpty","Regular","fa:Regular","DollyFlatbedEmpty","[fa:Regular_DollyFlatbedEmpty]","fa:Regular_DollyFlatbedEmpty:#2D8CFF","Regular DollyFlatbedEmpty Regular DollyFlatbedEmpty"
"Regular_Donate","Regular","fa:Regular","Donate","[fa:Regular_Donate]","fa:Regular_Donate:#2D8CFF","Regular Donate Regular Donate"
"Regular_DoorClosed","Regular","fa:Regular","DoorClosed","[fa:Regular_DoorClosed]","fa:Regular_DoorClosed:#2D8CFF","Regular DoorClosed Regular DoorClosed"
"Regular_DoorOpen","Regular","fa:Regular","DoorOpen","[fa:Regular_DoorOpen]","fa:Regular_DoorOpen:#2D8CFF","Regular DoorOpen Regular DoorOpen"
"Regular_DotCircle","Regular","fa:Regular","DotCircle","[fa:Regular_DotCircle]","fa:Regular_DotCircle:#2D8CFF","Regular DotCircle Regular DotCircle"
"Regular_Dove","Regular","fa:Regular","Dove","[fa:Regular_Dove]","fa:Regular_Dove:#2D8CFF","Regular Dove Regular Dove"
"Regular_Download","Regular","fa:Regular","Download","[fa:Regular_Download]","fa:Regular_Download:#2D8CFF","Regular Download Regular Download"
"Regular_DraftingCompass","Regular","fa:Regular","DraftingCompass","[fa:Regular_DraftingCompass]","fa:Regular_DraftingCompass:#2D8CFF","Regular DraftingCompass Regular DraftingCompass"
"Regular_Dragon","Regular","fa:Regular","Dragon","[fa:Regular_Dragon]","fa:Regular_Dragon:#2D8CFF","Regular Dragon Regular Dragon"
"Regular_DrawCircle","Regular","fa:Regular","DrawCircle","[fa:Regular_DrawCircle]","fa:Regular_DrawCircle:#2D8CFF","Regular DrawCircle Regular DrawCircle"
"Regular_DrawPolygon","Regular","fa:Regular","DrawPolygon","[fa:Regular_DrawPolygon]","fa:Regular_DrawPolygon:#2D8CFF","Regular DrawPolygon Regular DrawPolygon"
"Regular_DrawSquare","Regular","fa:Regular","DrawSquare","[fa:Regular_DrawSquare]","fa:Regular_DrawSquare:#2D8CFF","Regular DrawSquare Regular DrawSquare"
"Regular_Dreidel","Regular","fa:Regular","Dreidel","[fa:Regular_Dreidel]","fa:Regular_Dreidel:#2D8CFF","Regular Dreidel Regular Dreidel"
"Regular_Drone","Regular","fa:Regular","Drone","[fa:Regular_Drone]","fa:Regular_Drone:#2D8CFF","Regular Drone Regular Drone"
"Regular_DroneAlt","Regular","fa:Regular","DroneAlt","[fa:Regular_DroneAlt]","fa:Regular_DroneAlt:#2D8CFF","Regular DroneAlt Regular DroneAlt"
"Regular_Drum","Regular","fa:Regular","Drum","[fa:Regular_Drum]","fa:Regular_Drum:#2D8CFF","Regular Drum Regular Drum"
"Regular_DrumSteelpan","Regular","fa:Regular","DrumSteelpan","[fa:Regular_DrumSteelpan]","fa:Regular_DrumSteelpan:#2D8CFF","Regular DrumSteelpan Regular DrumSteelpan"
"Regular_Drumstick","Regular","fa:Regular","Drumstick","[fa:Regular_Drumstick]","fa:Regular_Drumstick:#2D8CFF","Regular Drumstick Regular Drumstick"
"Regular_DrumstickBite","Regular","fa:Regular","DrumstickBite","[fa:Regular_DrumstickBite]","fa:Regular_DrumstickBite:#2D8CFF","Regular DrumstickBite Regular DrumstickBite"
"Regular_Dryer","Regular","fa:Regular","Dryer","[fa:Regular_Dryer]","fa:Regular_Dryer:#2D8CFF","Regular Dryer Regular Dryer"
"Regular_DryerAlt","Regular","fa:Regular","DryerAlt","[fa:Regular_DryerAlt]","fa:Regular_DryerAlt:#2D8CFF","Regular DryerAlt Regular DryerAlt"
"Regular_Duck","Regular","fa:Regular","Duck","[fa:Regular_Duck]","fa:Regular_Duck:#2D8CFF","Regular Duck Regular Duck"
"Regular_Dumbbell","Regular","fa:Regular","Dumbbell","[fa:Regular_Dumbbell]","fa:Regular_Dumbbell:#2D8CFF","Regular Dumbbell Regular Dumbbell"
"Regular_Dumpster","Regular","fa:Regular","Dumpster","[fa:Regular_Dumpster]","fa:Regular_Dumpster:#2D8CFF","Regular Dumpster Regular Dumpster"
"Regular_DumpsterFire","Regular","fa:Regular","DumpsterFire","[fa:Regular_DumpsterFire]","fa:Regular_DumpsterFire:#2D8CFF","Regular DumpsterFire Regular DumpsterFire"
"Regular_Dungeon","Regular","fa:Regular","Dungeon","[fa:Regular_Dungeon]","fa:Regular_Dungeon:#2D8CFF","Regular Dungeon Regular Dungeon"
"Regular_Ear","Regular","fa:Regular","Ear","[fa:Regular_Ear]","fa:Regular_Ear:#2D8CFF","Regular Ear Regular Ear"
"Regular_EarMuffs","Regular","fa:Regular","EarMuffs","[fa:Regular_EarMuffs]","fa:Regular_EarMuffs:#2D8CFF","Regular EarMuffs Regular EarMuffs"
"Regular_Eclipse","Regular","fa:Regular","Eclipse","[fa:Regular_Eclipse]","fa:Regular_Eclipse:#2D8CFF","Regular Eclipse Regular Eclipse"
"Regular_EclipseAlt","Regular","fa:Regular","EclipseAlt","[fa:Regular_EclipseAlt]","fa:Regular_EclipseAlt:#2D8CFF","Regular EclipseAlt Regular EclipseAlt"
"Regular_Edit","Regular","fa:Regular","Edit","[fa:Regular_Edit]","fa:Regular_Edit:#2D8CFF","Regular Edit Regular Edit"
"Regular_Egg","Regular","fa:Regular","Egg","[fa:Regular_Egg]","fa:Regular_Egg:#2D8CFF","Regular Egg Regular Egg"
"Regular_EggFried","Regular","fa:Regular","EggFried","[fa:Regular_EggFried]","fa:Regular_EggFried:#2D8CFF","Regular EggFried Regular EggFried"
"Regular_Eject","Regular","fa:Regular","Eject","[fa:Regular_Eject]","fa:Regular_Eject:#2D8CFF","Regular Eject Regular Eject"
"Regular_Elephant","Regular","fa:Regular","Elephant","[fa:Regular_Elephant]","fa:Regular_Elephant:#2D8CFF","Regular Elephant Regular Elephant"
"Regular_EllipsisH","Regular","fa:Regular","EllipsisH","[fa:Regular_EllipsisH]","fa:Regular_EllipsisH:#2D8CFF","Regular EllipsisH Regular EllipsisH"
"Regular_EllipsisHAlt","Regular","fa:Regular","EllipsisHAlt","[fa:Regular_EllipsisHAlt]","fa:Regular_EllipsisHAlt:#2D8CFF","Regular EllipsisHAlt Regular EllipsisHAlt"
"Regular_EllipsisV","Regular","fa:Regular","EllipsisV","[fa:Regular_EllipsisV]","fa:Regular_EllipsisV:#2D8CFF","Regular EllipsisV Regular EllipsisV"
"Regular_EllipsisVAlt","Regular","fa:Regular","EllipsisVAlt","[fa:Regular_EllipsisVAlt]","fa:Regular_EllipsisVAlt:#2D8CFF","Regular EllipsisVAlt Regular EllipsisVAlt"
"Regular_EmptySet","Regular","fa:Regular","EmptySet","[fa:Regular_EmptySet]","fa:Regular_EmptySet:#2D8CFF","Regular EmptySet Regular EmptySet"
"Regular_EngineWarning","Regular","fa:Regular","EngineWarning","[fa:Regular_EngineWarning]","fa:Regular_EngineWarning:#2D8CFF","Regular EngineWarning Regular EngineWarning"
"Regular_Envelope","Regular","fa:Regular","Envelope","[fa:Regular_Envelope]","fa:Regular_Envelope:#2D8CFF","Regular Envelope Regular Envelope"
"Regular_EnvelopeOpen","Regular","fa:Regular","EnvelopeOpen","[fa:Regular_EnvelopeOpen]","fa:Regular_EnvelopeOpen:#2D8CFF","Regular EnvelopeOpen Regular EnvelopeOpen"
"Regular_EnvelopeOpenDollar","Regular","fa:Regular","EnvelopeOpenDollar","[fa:Regular_EnvelopeOpenDollar]","fa:Regular_EnvelopeOpenDollar:#2D8CFF","Regular EnvelopeOpenDollar Regular EnvelopeOpenDollar"
"Regular_EnvelopeOpenText","Regular","fa:Regular","EnvelopeOpenText","[fa:Regular_EnvelopeOpenText]","fa:Regular_EnvelopeOpenText:#2D8CFF","Regular EnvelopeOpenText Regular EnvelopeOpenText"
"Regular_EnvelopeSquare","Regular","fa:Regular","EnvelopeSquare","[fa:Regular_EnvelopeSquare]","fa:Regular_EnvelopeSquare:#2D8CFF","Regular EnvelopeSquare Regular EnvelopeSquare"
"Regular_Equals","Regular","fa:Regular","Equals","[fa:Regular_Equals]","fa:Regular_Equals:#2D8CFF","Regular Equals Regular Equals"
"Regular_Eraser","Regular","fa:Regular","Eraser","[fa:Regular_Eraser]","fa:Regular_Eraser:#2D8CFF","Regular Eraser Regular Eraser"
"Regular_Ethernet","Regular","fa:Regular","Ethernet","[fa:Regular_Ethernet]","fa:Regular_Ethernet:#2D8CFF","Regular Ethernet Regular Ethernet"
"Regular_EuroSign","Regular","fa:Regular","EuroSign","[fa:Regular_EuroSign]","fa:Regular_EuroSign:#2D8CFF","Regular EuroSign Regular EuroSign"
"Regular_Exchange","Regular","fa:Regular","Exchange","[fa:Regular_Exchange]","fa:Regular_Exchange:#2D8CFF","Regular Exchange Regular Exchange"
"Regular_ExchangeAlt","Regular","fa:Regular","ExchangeAlt","[fa:Regular_ExchangeAlt]","fa:Regular_ExchangeAlt:#2D8CFF","Regular ExchangeAlt Regular ExchangeAlt"
"Regular_Exclamation","Regular","fa:Regular","Exclamation","[fa:Regular_Exclamation]","fa:Regular_Exclamation:#2D8CFF","Regular Exclamation Regular Exclamation"
"Regular_ExclamationCircle","Regular","fa:Regular","ExclamationCircle","[fa:Regular_ExclamationCircle]","fa:Regular_ExclamationCircle:#2D8CFF","Regular ExclamationCircle Regular ExclamationCircle"
"Regular_ExclamationSquare","Regular","fa:Regular","ExclamationSquare","[fa:Regular_ExclamationSquare]","fa:Regular_ExclamationSquare:#2D8CFF","Regular ExclamationSquare Regular ExclamationSquare"
"Regular_ExclamationTriangle","Regular","fa:Regular","ExclamationTriangle","[fa:Regular_ExclamationTriangle]","fa:Regular_ExclamationTriangle:#2D8CFF","Regular ExclamationTriangle Regular ExclamationTriangle"
"Regular_Expand","Regular","fa:Regular","Expand","[fa:Regular_Expand]","fa:Regular_Expand:#2D8CFF","Regular Expand Regular Expand"
"Regular_ExpandAlt","Regular","fa:Regular","ExpandAlt","[fa:Regular_ExpandAlt]","fa:Regular_ExpandAlt:#2D8CFF","Regular ExpandAlt Regular ExpandAlt"
"Regular_ExpandArrows","Regular","fa:Regular","ExpandArrows","[fa:Regular_ExpandArrows]","fa:Regular_ExpandArrows:#2D8CFF","Regular ExpandArrows Regular ExpandArrows"
"Regular_ExpandArrowsAlt","Regular","fa:Regular","ExpandArrowsAlt","[fa:Regular_ExpandArrowsAlt]","fa:Regular_ExpandArrowsAlt:#2D8CFF","Regular ExpandArrowsAlt Regular ExpandArrowsAlt"
"Regular_ExpandWide","Regular","fa:Regular","ExpandWide","[fa:Regular_ExpandWide]","fa:Regular_ExpandWide:#2D8CFF","Regular ExpandWide Regular ExpandWide"
"Regular_ExternalLink","Regular","fa:Regular","ExternalLink","[fa:Regular_ExternalLink]","fa:Regular_ExternalLink:#2D8CFF","Regular ExternalLink Regular ExternalLink"
"Regular_ExternalLinkAlt","Regular","fa:Regular","ExternalLinkAlt","[fa:Regular_ExternalLinkAlt]","fa:Regular_ExternalLinkAlt:#2D8CFF","Regular ExternalLinkAlt Regular ExternalLinkAlt"
"Regular_ExternalLinkSquare","Regular","fa:Regular","ExternalLinkSquare","[fa:Regular_ExternalLinkSquare]","fa:Regular_ExternalLinkSquare:#2D8CFF","Regular ExternalLinkSquare Regular ExternalLinkSquare"
"Regular_ExternalLinkSquareAlt","Regular","fa:Regular","ExternalLinkSquareAlt","[fa:Regular_ExternalLinkSquareAlt]","fa:Regular_ExternalLinkSquareAlt:#2D8CFF","Regular ExternalLinkSquareAlt Regular ExternalLinkSquareAlt"
"Regular_Eye","Regular","fa:Regular","Eye","[fa:Regular_Eye]","fa:Regular_Eye:#2D8CFF","Regular Eye Regular Eye"
"Regular_EyeDropper","Regular","fa:Regular","EyeDropper","[fa:Regular_EyeDropper]","fa:Regular_EyeDropper:#2D8CFF","Regular EyeDropper Regular EyeDropper"
"Regular_EyeEvil","Regular","fa:Regular","EyeEvil","[fa:Regular_EyeEvil]","fa:Regular_EyeEvil:#2D8CFF","Regular EyeEvil Regular EyeEvil"
"Regular_EyeSlash","Regular","fa:Regular","EyeSlash","[fa:Regular_EyeSlash]","fa:Regular_EyeSlash:#2D8CFF","Regular EyeSlash Regular EyeSlash"
"Regular_Fan","Regular","fa:Regular","Fan","[fa:Regular_Fan]","fa:Regular_Fan:#2D8CFF","Regular Fan Regular Fan"
"Regular_FanTable","Regular","fa:Regular","FanTable","[fa:Regular_FanTable]","fa:Regular_FanTable:#2D8CFF","Regular FanTable Regular FanTable"
"Regular_Farm","Regular","fa:Regular","Farm","[fa:Regular_Farm]","fa:Regular_Farm:#2D8CFF","Regular Farm Regular Farm"
"Regular_FastBackward","Regular","fa:Regular","FastBackward","[fa:Regular_FastBackward]","fa:Regular_FastBackward:#2D8CFF","Regular FastBackward Regular FastBackward"
"Regular_FastForward","Regular","fa:Regular","FastForward","[fa:Regular_FastForward]","fa:Regular_FastForward:#2D8CFF","Regular FastForward Regular FastForward"
"Regular_Faucet","Regular","fa:Regular","Faucet","[fa:Regular_Faucet]","fa:Regular_Faucet:#2D8CFF","Regular Faucet Regular Faucet"
"Regular_FaucetDrip","Regular","fa:Regular","FaucetDrip","[fa:Regular_FaucetDrip]","fa:Regular_FaucetDrip:#2D8CFF","Regular FaucetDrip Regular FaucetDrip"
"Regular_Fax","Regular","fa:Regular","Fax","[fa:Regular_Fax]","fa:Regular_Fax:#2D8CFF","Regular Fax Regular Fax"
"Regular_Feather","Regular","fa:Regular","Feather","[fa:Regular_Feather]","fa:Regular_Feather:#2D8CFF","Regular Feather Regular Feather"
"Regular_FeatherAlt","Regular","fa:Regular","FeatherAlt","[fa:Regular_FeatherAlt]","fa:Regular_FeatherAlt:#2D8CFF","Regular FeatherAlt Regular FeatherAlt"
"Regular_Female","Regular","fa:Regular","Female","[fa:Regular_Female]","fa:Regular_Female:#2D8CFF","Regular Female Regular Female"
"Regular_FieldHockey","Regular","fa:Regular","FieldHockey","[fa:Regular_FieldHockey]","fa:Regular_FieldHockey:#2D8CFF","Regular FieldHockey Regular FieldHockey"
"Regular_FighterJet","Regular","fa:Regular","FighterJet","[fa:Regular_FighterJet]","fa:Regular_FighterJet:#2D8CFF","Regular FighterJet Regular FighterJet"
"Regular_File","Regular","fa:Regular","File","[fa:Regular_File]","fa:Regular_File:#2D8CFF","Regular File Regular File"
"Regular_FileAlt","Regular","fa:Regular","FileAlt","[fa:Regular_FileAlt]","fa:Regular_FileAlt:#2D8CFF","Regular FileAlt Regular FileAlt"
"Regular_FileArchive","Regular","fa:Regular","FileArchive","[fa:Regular_FileArchive]","fa:Regular_FileArchive:#2D8CFF","Regular FileArchive Regular FileArchive"
"Regular_FileAudio","Regular","fa:Regular","FileAudio","[fa:Regular_FileAudio]","fa:Regular_FileAudio:#2D8CFF","Regular FileAudio Regular FileAudio"
"Regular_FileCertificate","Regular","fa:Regular","FileCertificate","[fa:Regular_FileCertificate]","fa:Regular_FileCertificate:#2D8CFF","Regular FileCertificate Regular FileCertificate"
"Regular_FileChartLine","Regular","fa:Regular","FileChartLine","[fa:Regular_FileChartLine]","fa:Regular_FileChartLine:#2D8CFF","Regular FileChartLine Regular FileChartLine"
"Regular_FileChartPie","Regular","fa:Regular","FileChartPie","[fa:Regular_FileChartPie]","fa:Regular_FileChartPie:#2D8CFF","Regular FileChartPie Regular FileChartPie"
"Regular_FileCheck","Regular","fa:Regular","FileCheck","[fa:Regular_FileCheck]","fa:Regular_FileCheck:#2D8CFF","Regular FileCheck Regular FileCheck"
"Regular_FileCode","Regular","fa:Regular","FileCode","[fa:Regular_FileCode]","fa:Regular_FileCode:#2D8CFF","Regular FileCode Regular FileCode"
"Regular_FileContract","Regular","fa:Regular","FileContract","[fa:Regular_FileContract]","fa:Regular_FileContract:#2D8CFF","Regular FileContract Regular FileContract"
"Regular_FileCsv","Regular","fa:Regular","FileCsv","[fa:Regular_FileCsv]","fa:Regular_FileCsv:#2D8CFF","Regular FileCsv Regular FileCsv"
"Regular_FileDownload","Regular","fa:Regular","FileDownload","[fa:Regular_FileDownload]","fa:Regular_FileDownload:#2D8CFF","Regular FileDownload Regular FileDownload"
"Regular_FileEdit","Regular","fa:Regular","FileEdit","[fa:Regular_FileEdit]","fa:Regular_FileEdit:#2D8CFF","Regular FileEdit Regular FileEdit"
"Regular_FileExcel","Regular","fa:Regular","FileExcel","[fa:Regular_FileExcel]","fa:Regular_FileExcel:#2D8CFF","Regular FileExcel Regular FileExcel"
"Regular_FileExclamation","Regular","fa:Regular","FileExclamation","[fa:Regular_FileExclamation]","fa:Regular_FileExclamation:#2D8CFF","Regular FileExclamation Regular FileExclamation"
"Regular_FileExport","Regular","fa:Regular","FileExport","[fa:Regular_FileExport]","fa:Regular_FileExport:#2D8CFF","Regular FileExport Regular FileExport"
"Regular_FileImage","Regular","fa:Regular","FileImage","[fa:Regular_FileImage]","fa:Regular_FileImage:#2D8CFF","Regular FileImage Regular FileImage"
"Regular_FileImport","Regular","fa:Regular","FileImport","[fa:Regular_FileImport]","fa:Regular_FileImport:#2D8CFF","Regular FileImport Regular FileImport"
"Regular_FileInvoice","Regular","fa:Regular","FileInvoice","[fa:Regular_FileInvoice]","fa:Regular_FileInvoice:#2D8CFF","Regular FileInvoice Regular FileInvoice"
"Regular_FileInvoiceDollar","Regular","fa:Regular","FileInvoiceDollar","[fa:Regular_FileInvoiceDollar]","fa:Regular_FileInvoiceDollar:#2D8CFF","Regular FileInvoiceDollar Regular FileInvoiceDollar"
"Regular_FileMedical","Regular","fa:Regular","FileMedical","[fa:Regular_FileMedical]","fa:Regular_FileMedical:#2D8CFF","Regular FileMedical Regular FileMedical"
"Regular_FileMedicalAlt","Regular","fa:Regular","FileMedicalAlt","[fa:Regular_FileMedicalAlt]","fa:Regular_FileMedicalAlt:#2D8CFF","Regular FileMedicalAlt Regular FileMedicalAlt"
"Regular_FileMinus","Regular","fa:Regular","FileMinus","[fa:Regular_FileMinus]","fa:Regular_FileMinus:#2D8CFF","Regular FileMinus Regular FileMinus"
"Regular_FileMusic","Regular","fa:Regular","FileMusic","[fa:Regular_FileMusic]","fa:Regular_FileMusic:#2D8CFF","Regular FileMusic Regular FileMusic"
"Regular_FilePdf","Regular","fa:Regular","FilePdf","[fa:Regular_FilePdf]","fa:Regular_FilePdf:#2D8CFF","Regular FilePdf Regular FilePdf"
"Regular_FilePlus","Regular","fa:Regular","FilePlus","[fa:Regular_FilePlus]","fa:Regular_FilePlus:#2D8CFF","Regular FilePlus Regular FilePlus"
"Regular_FilePowerpoint","Regular","fa:Regular","FilePowerpoint","[fa:Regular_FilePowerpoint]","fa:Regular_FilePowerpoint:#2D8CFF","Regular FilePowerpoint Regular FilePowerpoint"
"Regular_FilePrescription","Regular","fa:Regular","FilePrescription","[fa:Regular_FilePrescription]","fa:Regular_FilePrescription:#2D8CFF","Regular FilePrescription Regular FilePrescription"
"Regular_FileSearch","Regular","fa:Regular","FileSearch","[fa:Regular_FileSearch]","fa:Regular_FileSearch:#2D8CFF","Regular FileSearch Regular FileSearch"
"Regular_FileSignature","Regular","fa:Regular","FileSignature","[fa:Regular_FileSignature]","fa:Regular_FileSignature:#2D8CFF","Regular FileSignature Regular FileSignature"
"Regular_FileSpreadsheet","Regular","fa:Regular","FileSpreadsheet","[fa:Regular_FileSpreadsheet]","fa:Regular_FileSpreadsheet:#2D8CFF","Regular FileSpreadsheet Regular FileSpreadsheet"
"Regular_FileTimes","Regular","fa:Regular","FileTimes","[fa:Regular_FileTimes]","fa:Regular_FileTimes:#2D8CFF","Regular FileTimes Regular FileTimes"
"Regular_FileUpload","Regular","fa:Regular","FileUpload","[fa:Regular_FileUpload]","fa:Regular_FileUpload:#2D8CFF","Regular FileUpload Regular FileUpload"
"Regular_FileUser","Regular","fa:Regular","FileUser","[fa:Regular_FileUser]","fa:Regular_FileUser:#2D8CFF","Regular FileUser Regular FileUser"
"Regular_FileVideo","Regular","fa:Regular","FileVideo","[fa:Regular_FileVideo]","fa:Regular_FileVideo:#2D8CFF","Regular FileVideo Regular FileVideo"
"Regular_FileWord","Regular","fa:Regular","FileWord","[fa:Regular_FileWord]","fa:Regular_FileWord:#2D8CFF","Regular FileWord Regular FileWord"
"Regular_FilesMedical","Regular","fa:Regular","FilesMedical","[fa:Regular_FilesMedical]","fa:Regular_FilesMedical:#2D8CFF","Regular FilesMedical Regular FilesMedical"
"Regular_Fill","Regular","fa:Regular","Fill","[fa:Regular_Fill]","fa:Regular_Fill:#2D8CFF","Regular Fill Regular Fill"
"Regular_FillDrip","Regular","fa:Regular","FillDrip","[fa:Regular_FillDrip]","fa:Regular_FillDrip:#2D8CFF","Regular FillDrip Regular FillDrip"
"Regular_Film","Regular","fa:Regular","Film","[fa:Regular_Film]","fa:Regular_Film:#2D8CFF","Regular Film Regular Film"
"Regular_FilmAlt","Regular","fa:Regular","FilmAlt","[fa:Regular_FilmAlt]","fa:Regular_FilmAlt:#2D8CFF","Regular FilmAlt Regular FilmAlt"
"Regular_FilmCanister","Regular","fa:Regular","FilmCanister","[fa:Regular_FilmCanister]","fa:Regular_FilmCanister:#2D8CFF","Regular FilmCanister Regular FilmCanister"
"Regular_Filter","Regular","fa:Regular","Filter","[fa:Regular_Filter]","fa:Regular_Filter:#2D8CFF","Regular Filter Regular Filter"
"Regular_Fingerprint","Regular","fa:Regular","Fingerprint","[fa:Regular_Fingerprint]","fa:Regular_Fingerprint:#2D8CFF","Regular Fingerprint Regular Fingerprint"
"Regular_Fire","Regular","fa:Regular","Fire","[fa:Regular_Fire]","fa:Regular_Fire:#2D8CFF","Regular Fire Regular Fire"
"Regular_FireAlt","Regular","fa:Regular","FireAlt","[fa:Regular_FireAlt]","fa:Regular_FireAlt:#2D8CFF","Regular FireAlt Regular FireAlt"
"Regular_FireExtinguisher","Regular","fa:Regular","FireExtinguisher","[fa:Regular_FireExtinguisher]","fa:Regular_FireExtinguisher:#2D8CFF","Regular FireExtinguisher Regular FireExtinguisher"
"Regular_FireSmoke","Regular","fa:Regular","FireSmoke","[fa:Regular_FireSmoke]","fa:Regular_FireSmoke:#2D8CFF","Regular FireSmoke Regular FireSmoke"
"Regular_Fireplace","Regular","fa:Regular","Fireplace","[fa:Regular_Fireplace]","fa:Regular_Fireplace:#2D8CFF","Regular Fireplace Regular Fireplace"
"Regular_FirstAid","Regular","fa:Regular","FirstAid","[fa:Regular_FirstAid]","fa:Regular_FirstAid:#2D8CFF","Regular FirstAid Regular FirstAid"
"Regular_Fish","Regular","fa:Regular","Fish","[fa:Regular_Fish]","fa:Regular_Fish:#2D8CFF","Regular Fish Regular Fish"
"Regular_FishCooked","Regular","fa:Regular","FishCooked","[fa:Regular_FishCooked]","fa:Regular_FishCooked:#2D8CFF","Regular FishCooked Regular FishCooked"
"Regular_FistRaised","Regular","fa:Regular","FistRaised","[fa:Regular_FistRaised]","fa:Regular_FistRaised:#2D8CFF","Regular FistRaised Regular FistRaised"
"Regular_Flag","Regular","fa:Regular","Flag","[fa:Regular_Flag]","fa:Regular_Flag:#2D8CFF","Regular Flag Regular Flag"
"Regular_FlagAlt","Regular","fa:Regular","FlagAlt","[fa:Regular_FlagAlt]","fa:Regular_FlagAlt:#2D8CFF","Regular FlagAlt Regular FlagAlt"
"Regular_FlagCheckered","Regular","fa:Regular","FlagCheckered","[fa:Regular_FlagCheckered]","fa:Regular_FlagCheckered:#2D8CFF","Regular FlagCheckered Regular FlagCheckered"
"Regular_FlagUsa","Regular","fa:Regular","FlagUsa","[fa:Regular_FlagUsa]","fa:Regular_FlagUsa:#2D8CFF","Regular FlagUsa Regular FlagUsa"
"Regular_Flame","Regular","fa:Regular","Flame","[fa:Regular_Flame]","fa:Regular_Flame:#2D8CFF","Regular Flame Regular Flame"
"Regular_Flashlight","Regular","fa:Regular","Flashlight","[fa:Regular_Flashlight]","fa:Regular_Flashlight:#2D8CFF","Regular Flashlight Regular Flashlight"
"Regular_Flask","Regular","fa:Regular","Flask","[fa:Regular_Flask]","fa:Regular_Flask:#2D8CFF","Regular Flask Regular Flask"
"Regular_FlaskPoison","Regular","fa:Regular","FlaskPoison","[fa:Regular_FlaskPoison]","fa:Regular_FlaskPoison:#2D8CFF","Regular FlaskPoison Regular FlaskPoison"
"Regular_FlaskPotion","Regular","fa:Regular","FlaskPotion","[fa:Regular_FlaskPotion]","fa:Regular_FlaskPotion:#2D8CFF","Regular FlaskPotion Regular FlaskPotion"
"Regular_Flower","Regular","fa:Regular","Flower","[fa:Regular_Flower]","fa:Regular_Flower:#2D8CFF","Regular Flower Regular Flower"
"Regular_FlowerDaffodil","Regular","fa:Regular","FlowerDaffodil","[fa:Regular_FlowerDaffodil]","fa:Regular_FlowerDaffodil:#2D8CFF","Regular FlowerDaffodil Regular FlowerDaffodil"
"Regular_FlowerTulip","Regular","fa:Regular","FlowerTulip","[fa:Regular_FlowerTulip]","fa:Regular_FlowerTulip:#2D8CFF","Regular FlowerTulip Regular FlowerTulip"
"Regular_Flushed","Regular","fa:Regular","Flushed","[fa:Regular_Flushed]","fa:Regular_Flushed:#2D8CFF","Regular Flushed Regular Flushed"
"Regular_Flute","Regular","fa:Regular","Flute","[fa:Regular_Flute]","fa:Regular_Flute:#2D8CFF","Regular Flute Regular Flute"
"Regular_FluxCapacitor","Regular","fa:Regular","FluxCapacitor","[fa:Regular_FluxCapacitor]","fa:Regular_FluxCapacitor:#2D8CFF","Regular FluxCapacitor Regular FluxCapacitor"
"Regular_Fog","Regular","fa:Regular","Fog","[fa:Regular_Fog]","fa:Regular_Fog:#2D8CFF","Regular Fog Regular Fog"
"Regular_Folder","Regular","fa:Regular","Folder","[fa:Regular_Folder]","fa:Regular_Folder:#2D8CFF","Regular Folder Regular Folder"
"Regular_FolderDownload","Regular","fa:Regular","FolderDownload","[fa:Regular_FolderDownload]","fa:Regular_FolderDownload:#2D8CFF","Regular FolderDownload Regular FolderDownload"
"Regular_FolderMinus","Regular","fa:Regular","FolderMinus","[fa:Regular_FolderMinus]","fa:Regular_FolderMinus:#2D8CFF","Regular FolderMinus Regular FolderMinus"
"Regular_FolderOpen","Regular","fa:Regular","FolderOpen","[fa:Regular_FolderOpen]","fa:Regular_FolderOpen:#2D8CFF","Regular FolderOpen Regular FolderOpen"
"Regular_FolderPlus","Regular","fa:Regular","FolderPlus","[fa:Regular_FolderPlus]","fa:Regular_FolderPlus:#2D8CFF","Regular FolderPlus Regular FolderPlus"
"Regular_FolderTimes","Regular","fa:Regular","FolderTimes","[fa:Regular_FolderTimes]","fa:Regular_FolderTimes:#2D8CFF","Regular FolderTimes Regular FolderTimes"
"Regular_FolderTree","Regular","fa:Regular","FolderTree","[fa:Regular_FolderTree]","fa:Regular_FolderTree:#2D8CFF","Regular FolderTree Regular FolderTree"
"Regular_FolderUpload","Regular","fa:Regular","FolderUpload","[fa:Regular_FolderUpload]","fa:Regular_FolderUpload:#2D8CFF","Regular FolderUpload Regular FolderUpload"
"Regular_Folders","Regular","fa:Regular","Folders","[fa:Regular_Folders]","fa:Regular_Folders:#2D8CFF","Regular Folders Regular Folders"
"Regular_Font","Regular","fa:Regular","Font","[fa:Regular_Font]","fa:Regular_Font:#2D8CFF","Regular Font Regular Font"
"Regular_FontAwesomeLogoFull","Regular","fa:Regular","FontAwesomeLogoFull","[fa:Regular_FontAwesomeLogoFull]","fa:Regular_FontAwesomeLogoFull:#2D8CFF","Regular FontAwesomeLogoFull Regular FontAwesomeLogoFull"
"Regular_FontCase","Regular","fa:Regular","FontCase","[fa:Regular_FontCase]","fa:Regular_FontCase:#2D8CFF","Regular FontCase Regular FontCase"
"Regular_FootballBall","Regular","fa:Regular","FootballBall","[fa:Regular_FootballBall]","fa:Regular_FootballBall:#2D8CFF","Regular FootballBall Regular FootballBall"
"Regular_FootballHelmet","Regular","fa:Regular","FootballHelmet","[fa:Regular_FootballHelmet]","fa:Regular_FootballHelmet:#2D8CFF","Regular FootballHelmet Regular FootballHelmet"
"Regular_Forklift","Regular","fa:Regular","Forklift","[fa:Regular_Forklift]","fa:Regular_Forklift:#2D8CFF","Regular Forklift Regular Forklift"
"Regular_Forward","Regular","fa:Regular","Forward","[fa:Regular_Forward]","fa:Regular_Forward:#2D8CFF","Regular Forward Regular Forward"
"Regular_Fragile","Regular","fa:Regular","Fragile","[fa:Regular_Fragile]","fa:Regular_Fragile:#2D8CFF","Regular Fragile Regular Fragile"
"Regular_FrenchFries","Regular","fa:Regular","FrenchFries","[fa:Regular_FrenchFries]","fa:Regular_FrenchFries:#2D8CFF","Regular FrenchFries Regular FrenchFries"
"Regular_Frog","Regular","fa:Regular","Frog","[fa:Regular_Frog]","fa:Regular_Frog:#2D8CFF","Regular Frog Regular Frog"
"Regular_FrostyHead","Regular","fa:Regular","FrostyHead","[fa:Regular_FrostyHead]","fa:Regular_FrostyHead:#2D8CFF","Regular FrostyHead Regular FrostyHead"
"Regular_Frown","Regular","fa:Regular","Frown","[fa:Regular_Frown]","fa:Regular_Frown:#2D8CFF","Regular Frown Regular Frown"
"Regular_FrownOpen","Regular","fa:Regular","FrownOpen","[fa:Regular_FrownOpen]","fa:Regular_FrownOpen:#2D8CFF","Regular FrownOpen Regular FrownOpen"
"Regular_Function","Regular","fa:Regular","Function","[fa:Regular_Function]","fa:Regular_Function:#2D8CFF","Regular Function Regular Function"
"Regular_FunnelDollar","Regular","fa:Regular","FunnelDollar","[fa:Regular_FunnelDollar]","fa:Regular_FunnelDollar:#2D8CFF","Regular FunnelDollar Regular FunnelDollar"
"Regular_Futbol","Regular","fa:Regular","Futbol","[fa:Regular_Futbol]","fa:Regular_Futbol:#2D8CFF","Regular Futbol Regular Futbol"
"Regular_Galaxy","Regular","fa:Regular","Galaxy","[fa:Regular_Galaxy]","fa:Regular_Galaxy:#2D8CFF","Regular Galaxy Regular Galaxy"
"Regular_GameBoard","Regular","fa:Regular","GameBoard","[fa:Regular_GameBoard]","fa:Regular_GameBoard:#2D8CFF","Regular GameBoard Regular GameBoard"
"Regular_GameBoardAlt","Regular","fa:Regular","GameBoardAlt","[fa:Regular_GameBoardAlt]","fa:Regular_GameBoardAlt:#2D8CFF","Regular GameBoardAlt Regular GameBoardAlt"
"Regular_GameConsoleHandheld","Regular","fa:Regular","GameConsoleHandheld","[fa:Regular_GameConsoleHandheld]","fa:Regular_GameConsoleHandheld:#2D8CFF","Regular GameConsoleHandheld Regular GameConsoleHandheld"
"Regular_Gamepad","Regular","fa:Regular","Gamepad","[fa:Regular_Gamepad]","fa:Regular_Gamepad:#2D8CFF","Regular Gamepad Regular Gamepad"
"Regular_GamepadAlt","Regular","fa:Regular","GamepadAlt","[fa:Regular_GamepadAlt]","fa:Regular_GamepadAlt:#2D8CFF","Regular GamepadAlt Regular GamepadAlt"
"Regular_Garage","Regular","fa:Regular","Garage","[fa:Regular_Garage]","fa:Regular_Garage:#2D8CFF","Regular Garage Regular Garage"
"Regular_GarageCar","Regular","fa:Regular","GarageCar","[fa:Regular_GarageCar]","fa:Regular_GarageCar:#2D8CFF","Regular GarageCar Regular GarageCar"
"Regular_GarageOpen","Regular","fa:Regular","GarageOpen","[fa:Regular_GarageOpen]","fa:Regular_GarageOpen:#2D8CFF","Regular GarageOpen Regular GarageOpen"
"Regular_GasPump","Regular","fa:Regular","GasPump","[fa:Regular_GasPump]","fa:Regular_GasPump:#2D8CFF","Regular GasPump Regular GasPump"
"Regular_GasPumpSlash","Regular","fa:Regular","GasPumpSlash","[fa:Regular_GasPumpSlash]","fa:Regular_GasPumpSlash:#2D8CFF","Regular GasPumpSlash Regular GasPumpSlash"
"Regular_Gavel","Regular","fa:Regular","Gavel","[fa:Regular_Gavel]","fa:Regular_Gavel:#2D8CFF","Regular Gavel Regular Gavel"
"Regular_Gem","Regular","fa:Regular","Gem","[fa:Regular_Gem]","fa:Regular_Gem:#2D8CFF","Regular Gem Regular Gem"
"Regular_Genderless","Regular","fa:Regular","Genderless","[fa:Regular_Genderless]","fa:Regular_Genderless:#2D8CFF","Regular Genderless Regular Genderless"
"Regular_Ghost","Regular","fa:Regular","Ghost","[fa:Regular_Ghost]","fa:Regular_Ghost:#2D8CFF","Regular Ghost Regular Ghost"
"Regular_Gift","Regular","fa:Regular","Gift","[fa:Regular_Gift]","fa:Regular_Gift:#2D8CFF","Regular Gift Regular Gift"
"Regular_GiftCard","Regular","fa:Regular","GiftCard","[fa:Regular_GiftCard]","fa:Regular_GiftCard:#2D8CFF","Regular GiftCard Regular GiftCard"
"Regular_Gifts","Regular","fa:Regular","Gifts","[fa:Regular_Gifts]","fa:Regular_Gifts:#2D8CFF","Regular Gifts Regular Gifts"
"Regular_GingerbreadMan","Regular","fa:Regular","GingerbreadMan","[fa:Regular_GingerbreadMan]","fa:Regular_GingerbreadMan:#2D8CFF","Regular GingerbreadMan Regular GingerbreadMan"
"Regular_Glass","Regular","fa:Regular","Glass","[fa:Regular_Glass]","fa:Regular_Glass:#2D8CFF","Regular Glass Regular Glass"
"Regular_GlassChampagne","Regular","fa:Regular","GlassChampagne","[fa:Regular_GlassChampagne]","fa:Regular_GlassChampagne:#2D8CFF","Regular GlassChampagne Regular GlassChampagne"
"Regular_GlassCheers","Regular","fa:Regular","GlassCheers","[fa:Regular_GlassCheers]","fa:Regular_GlassCheers:#2D8CFF","Regular GlassCheers Regular GlassCheers"
"Regular_GlassCitrus","Regular","fa:Regular","GlassCitrus","[fa:Regular_GlassCitrus]","fa:Regular_GlassCitrus:#2D8CFF","Regular GlassCitrus Regular GlassCitrus"
"Regular_GlassMartini","Regular","fa:Regular","GlassMartini","[fa:Regular_GlassMartini]","fa:Regular_GlassMartini:#2D8CFF","Regular GlassMartini Regular GlassMartini"
"Regular_GlassMartiniAlt","Regular","fa:Regular","GlassMartiniAlt","[fa:Regular_GlassMartiniAlt]","fa:Regular_GlassMartiniAlt:#2D8CFF","Regular GlassMartiniAlt Regular GlassMartiniAlt"
"Regular_GlassWhiskey","Regular","fa:Regular","GlassWhiskey","[fa:Regular_GlassWhiskey]","fa:Regular_GlassWhiskey:#2D8CFF","Regular GlassWhiskey Regular GlassWhiskey"
"Regular_GlassWhiskeyRocks","Regular","fa:Regular","GlassWhiskeyRocks","[fa:Regular_GlassWhiskeyRocks]","fa:Regular_GlassWhiskeyRocks:#2D8CFF","Regular GlassWhiskeyRocks Regular GlassWhiskeyRocks"
"Regular_Glasses","Regular","fa:Regular","Glasses","[fa:Regular_Glasses]","fa:Regular_Glasses:#2D8CFF","Regular Glasses Regular Glasses"
"Regular_GlassesAlt","Regular","fa:Regular","GlassesAlt","[fa:Regular_GlassesAlt]","fa:Regular_GlassesAlt:#2D8CFF","Regular GlassesAlt Regular GlassesAlt"
"Regular_Globe","Regular","fa:Regular","Globe","[fa:Regular_Globe]","fa:Regular_Globe:#2D8CFF","Regular Globe Regular Globe"
"Regular_GlobeAfrica","Regular","fa:Regular","GlobeAfrica","[fa:Regular_GlobeAfrica]","fa:Regular_GlobeAfrica:#2D8CFF","Regular GlobeAfrica Regular GlobeAfrica"
"Regular_GlobeAmericas","Regular","fa:Regular","GlobeAmericas","[fa:Regular_GlobeAmericas]","fa:Regular_GlobeAmericas:#2D8CFF","Regular GlobeAmericas Regular GlobeAmericas"
"Regular_GlobeAsia","Regular","fa:Regular","GlobeAsia","[fa:Regular_GlobeAsia]","fa:Regular_GlobeAsia:#2D8CFF","Regular GlobeAsia Regular GlobeAsia"
"Regular_GlobeEurope","Regular","fa:Regular","GlobeEurope","[fa:Regular_GlobeEurope]","fa:Regular_GlobeEurope:#2D8CFF","Regular GlobeEurope Regular GlobeEurope"
"Regular_GlobeSnow","Regular","fa:Regular","GlobeSnow","[fa:Regular_GlobeSnow]","fa:Regular_GlobeSnow:#2D8CFF","Regular GlobeSnow Regular GlobeSnow"
"Regular_GlobeStand","Regular","fa:Regular","GlobeStand","[fa:Regular_GlobeStand]","fa:Regular_GlobeStand:#2D8CFF","Regular GlobeStand Regular GlobeStand"
"Regular_GolfBall","Regular","fa:Regular","GolfBall","[fa:Regular_GolfBall]","fa:Regular_GolfBall:#2D8CFF","Regular GolfBall Regular GolfBall"
"Regular_GolfClub","Regular","fa:Regular","GolfClub","[fa:Regular_GolfClub]","fa:Regular_GolfClub:#2D8CFF","Regular GolfClub Regular GolfClub"
"Regular_Gopuram","Regular","fa:Regular","Gopuram","[fa:Regular_Gopuram]","fa:Regular_Gopuram:#2D8CFF","Regular Gopuram Regular Gopuram"
"Regular_GraduationCap","Regular","fa:Regular","GraduationCap","[fa:Regular_GraduationCap]","fa:Regular_GraduationCap:#2D8CFF","Regular GraduationCap Regular GraduationCap"
"Regular_Gramophone","Regular","fa:Regular","Gramophone","[fa:Regular_Gramophone]","fa:Regular_Gramophone:#2D8CFF","Regular Gramophone Regular Gramophone"
"Regular_GreaterThan","Regular","fa:Regular","GreaterThan","[fa:Regular_GreaterThan]","fa:Regular_GreaterThan:#2D8CFF","Regular GreaterThan Regular GreaterThan"
"Regular_GreaterThanEqual","Regular","fa:Regular","GreaterThanEqual","[fa:Regular_GreaterThanEqual]","fa:Regular_GreaterThanEqual:#2D8CFF","Regular GreaterThanEqual Regular GreaterThanEqual"
"Regular_Grimace","Regular","fa:Regular","Grimace","[fa:Regular_Grimace]","fa:Regular_Grimace:#2D8CFF","Regular Grimace Regular Grimace"
"Regular_Grin","Regular","fa:Regular","Grin","[fa:Regular_Grin]","fa:Regular_Grin:#2D8CFF","Regular Grin Regular Grin"
"Regular_GrinAlt","Regular","fa:Regular","GrinAlt","[fa:Regular_GrinAlt]","fa:Regular_GrinAlt:#2D8CFF","Regular GrinAlt Regular GrinAlt"
"Regular_GrinBeam","Regular","fa:Regular","GrinBeam","[fa:Regular_GrinBeam]","fa:Regular_GrinBeam:#2D8CFF","Regular GrinBeam Regular GrinBeam"
"Regular_GrinBeamSweat","Regular","fa:Regular","GrinBeamSweat","[fa:Regular_GrinBeamSweat]","fa:Regular_GrinBeamSweat:#2D8CFF","Regular GrinBeamSweat Regular GrinBeamSweat"
"Regular_GrinHearts","Regular","fa:Regular","GrinHearts","[fa:Regular_GrinHearts]","fa:Regular_GrinHearts:#2D8CFF","Regular GrinHearts Regular GrinHearts"
"Regular_GrinSquint","Regular","fa:Regular","GrinSquint","[fa:Regular_GrinSquint]","fa:Regular_GrinSquint:#2D8CFF","Regular GrinSquint Regular GrinSquint"
"Regular_GrinSquintTears","Regular","fa:Regular","GrinSquintTears","[fa:Regular_GrinSquintTears]","fa:Regular_GrinSquintTears:#2D8CFF","Regular GrinSquintTears Regular GrinSquintTears"
"Regular_GrinStars","Regular","fa:Regular","GrinStars","[fa:Regular_GrinStars]","fa:Regular_GrinStars:#2D8CFF","Regular GrinStars Regular GrinStars"
"Regular_GrinTears","Regular","fa:Regular","GrinTears","[fa:Regular_GrinTears]","fa:Regular_GrinTears:#2D8CFF","Regular GrinTears Regular GrinTears"
"Regular_GrinTongue","Regular","fa:Regular","GrinTongue","[fa:Regular_GrinTongue]","fa:Regular_GrinTongue:#2D8CFF","Regular GrinTongue Regular GrinTongue"
"Regular_GrinTongueSquint","Regular","fa:Regular","GrinTongueSquint","[fa:Regular_GrinTongueSquint]","fa:Regular_GrinTongueSquint:#2D8CFF","Regular GrinTongueSquint Regular GrinTongueSquint"
"Regular_GrinTongueWink","Regular","fa:Regular","GrinTongueWink","[fa:Regular_GrinTongueWink]","fa:Regular_GrinTongueWink:#2D8CFF","Regular GrinTongueWink Regular GrinTongueWink"
"Regular_GrinWink","Regular","fa:Regular","GrinWink","[fa:Regular_GrinWink]","fa:Regular_GrinWink:#2D8CFF","Regular GrinWink Regular GrinWink"
"Regular_GripHorizontal","Regular","fa:Regular","GripHorizontal","[fa:Regular_GripHorizontal]","fa:Regular_GripHorizontal:#2D8CFF","Regular GripHorizontal Regular GripHorizontal"
"Regular_GripLines","Regular","fa:Regular","GripLines","[fa:Regular_GripLines]","fa:Regular_GripLines:#2D8CFF","Regular GripLines Regular GripLines"
"Regular_GripLinesVertical","Regular","fa:Regular","GripLinesVertical","[fa:Regular_GripLinesVertical]","fa:Regular_GripLinesVertical:#2D8CFF","Regular GripLinesVertical Regular GripLinesVertical"
"Regular_GripVertical","Regular","fa:Regular","GripVertical","[fa:Regular_GripVertical]","fa:Regular_GripVertical:#2D8CFF","Regular GripVertical Regular GripVertical"
"Regular_Guitar","Regular","fa:Regular","Guitar","[fa:Regular_Guitar]","fa:Regular_Guitar:#2D8CFF","Regular Guitar Regular Guitar"
"Regular_GuitarElectric","Regular","fa:Regular","GuitarElectric","[fa:Regular_GuitarElectric]","fa:Regular_GuitarElectric:#2D8CFF","Regular GuitarElectric Regular GuitarElectric"
"Regular_Guitars","Regular","fa:Regular","Guitars","[fa:Regular_Guitars]","fa:Regular_Guitars:#2D8CFF","Regular Guitars Regular Guitars"
"Regular_HSquare","Regular","fa:Regular","HSquare","[fa:Regular_HSquare]","fa:Regular_HSquare:#2D8CFF","Regular HSquare Regular HSquare"
"Regular_H1","Regular","fa:Regular","H1","[fa:Regular_H1]","fa:Regular_H1:#2D8CFF","Regular H1 Regular H1"
"Regular_H2","Regular","fa:Regular","H2","[fa:Regular_H2]","fa:Regular_H2:#2D8CFF","Regular H2 Regular H2"
"Regular_H3","Regular","fa:Regular","H3","[fa:Regular_H3]","fa:Regular_H3:#2D8CFF","Regular H3 Regular H3"
"Regular_H4","Regular","fa:Regular","H4","[fa:Regular_H4]","fa:Regular_H4:#2D8CFF","Regular H4 Regular H4"
"Regular_Hamburger","Regular","fa:Regular","Hamburger","[fa:Regular_Hamburger]","fa:Regular_Hamburger:#2D8CFF","Regular Hamburger Regular Hamburger"
"Regular_Hammer","Regular","fa:Regular","Hammer","[fa:Regular_Hammer]","fa:Regular_Hammer:#2D8CFF","Regular Hammer Regular Hammer"
"Regular_HammerWar","Regular","fa:Regular","HammerWar","[fa:Regular_HammerWar]","fa:Regular_HammerWar:#2D8CFF","Regular HammerWar Regular HammerWar"
"Regular_Hamsa","Regular","fa:Regular","Hamsa","[fa:Regular_Hamsa]","fa:Regular_Hamsa:#2D8CFF","Regular Hamsa Regular Hamsa"
"Regular_HandHeart","Regular","fa:Regular","HandHeart","[fa:Regular_HandHeart]","fa:Regular_HandHeart:#2D8CFF","Regular HandHeart Regular HandHeart"
"Regular_HandHolding","Regular","fa:Regular","HandHolding","[fa:Regular_HandHolding]","fa:Regular_HandHolding:#2D8CFF","Regular HandHolding Regular HandHolding"
"Regular_HandHoldingBox","Regular","fa:Regular","HandHoldingBox","[fa:Regular_HandHoldingBox]","fa:Regular_HandHoldingBox:#2D8CFF","Regular HandHoldingBox Regular HandHoldingBox"
"Regular_HandHoldingHeart","Regular","fa:Regular","HandHoldingHeart","[fa:Regular_HandHoldingHeart]","fa:Regular_HandHoldingHeart:#2D8CFF","Regular HandHoldingHeart Regular HandHoldingHeart"
"Regular_HandHoldingMagic","Regular","fa:Regular","HandHoldingMagic","[fa:Regular_HandHoldingMagic]","fa:Regular_HandHoldingMagic:#2D8CFF","Regular HandHoldingMagic Regular HandHoldingMagic"
"Regular_HandHoldingMedical","Regular","fa:Regular","HandHoldingMedical","[fa:Regular_HandHoldingMedical]","fa:Regular_HandHoldingMedical:#2D8CFF","Regular HandHoldingMedical Regular HandHoldingMedical"
"Regular_HandHoldingSeedling","Regular","fa:Regular","HandHoldingSeedling","[fa:Regular_HandHoldingSeedling]","fa:Regular_HandHoldingSeedling:#2D8CFF","Regular HandHoldingSeedling Regular HandHoldingSeedling"
"Regular_HandHoldingUsd","Regular","fa:Regular","HandHoldingUsd","[fa:Regular_HandHoldingUsd]","fa:Regular_HandHoldingUsd:#2D8CFF","Regular HandHoldingUsd Regular HandHoldingUsd"
"Regular_HandHoldingWater","Regular","fa:Regular","HandHoldingWater","[fa:Regular_HandHoldingWater]","fa:Regular_HandHoldingWater:#2D8CFF","Regular HandHoldingWater Regular HandHoldingWater"
"Regular_HandLizard","Regular","fa:Regular","HandLizard","[fa:Regular_HandLizard]","fa:Regular_HandLizard:#2D8CFF","Regular HandLizard Regular HandLizard"
"Regular_HandMiddleFinger","Regular","fa:Regular","HandMiddleFinger","[fa:Regular_HandMiddleFinger]","fa:Regular_HandMiddleFinger:#2D8CFF","Regular HandMiddleFinger Regular HandMiddleFinger"
"Regular_HandPaper","Regular","fa:Regular","HandPaper","[fa:Regular_HandPaper]","fa:Regular_HandPaper:#2D8CFF","Regular HandPaper Regular HandPaper"
"Regular_HandPeace","Regular","fa:Regular","HandPeace","[fa:Regular_HandPeace]","fa:Regular_HandPeace:#2D8CFF","Regular HandPeace Regular HandPeace"
"Regular_HandPointDown","Regular","fa:Regular","HandPointDown","[fa:Regular_HandPointDown]","fa:Regular_HandPointDown:#2D8CFF","Regular HandPointDown Regular HandPointDown"
"Regular_HandPointLeft","Regular","fa:Regular","HandPointLeft","[fa:Regular_HandPointLeft]","fa:Regular_HandPointLeft:#2D8CFF","Regular HandPointLeft Regular HandPointLeft"
"Regular_HandPointRight","Regular","fa:Regular","HandPointRight","[fa:Regular_HandPointRight]","fa:Regular_HandPointRight:#2D8CFF","Regular HandPointRight Regular HandPointRight"
"Regular_HandPointUp","Regular","fa:Regular","HandPointUp","[fa:Regular_HandPointUp]","fa:Regular_HandPointUp:#2D8CFF","Regular HandPointUp Regular HandPointUp"
"Regular_HandPointer","Regular","fa:Regular","HandPointer","[fa:Regular_HandPointer]","fa:Regular_HandPointer:#2D8CFF","Regular HandPointer Regular HandPointer"
"Regular_HandReceiving","Regular","fa:Regular","HandReceiving","[fa:Regular_HandReceiving]","fa:Regular_HandReceiving:#2D8CFF","Regular HandReceiving Regular HandReceiving"
"Regular_HandRock","Regular","fa:Regular","HandRock","[fa:Regular_HandRock]","fa:Regular_HandRock:#2D8CFF","Regular HandRock Regular HandRock"
"Regular_HandScissors","Regular","fa:Regular","HandScissors","[fa:Regular_HandScissors]","fa:Regular_HandScissors:#2D8CFF","Regular HandScissors Regular HandScissors"
"Regular_HandSparkles","Regular","fa:Regular","HandSparkles","[fa:Regular_HandSparkles]","fa:Regular_HandSparkles:#2D8CFF","Regular HandSparkles Regular HandSparkles"
"Regular_HandSpock","Regular","fa:Regular","HandSpock","[fa:Regular_HandSpock]","fa:Regular_HandSpock:#2D8CFF","Regular HandSpock Regular HandSpock"
"Regular_Hands","Regular","fa:Regular","Hands","[fa:Regular_Hands]","fa:Regular_Hands:#2D8CFF","Regular Hands Regular Hands"
"Regular_HandsHeart","Regular","fa:Regular","HandsHeart","[fa:Regular_HandsHeart]","fa:Regular_HandsHeart:#2D8CFF","Regular HandsHeart Regular HandsHeart"
"Regular_HandsHelping","Regular","fa:Regular","HandsHelping","[fa:Regular_HandsHelping]","fa:Regular_HandsHelping:#2D8CFF","Regular HandsHelping Regular HandsHelping"
"Regular_HandsUsd","Regular","fa:Regular","HandsUsd","[fa:Regular_HandsUsd]","fa:Regular_HandsUsd:#2D8CFF","Regular HandsUsd Regular HandsUsd"
"Regular_HandsWash","Regular","fa:Regular","HandsWash","[fa:Regular_HandsWash]","fa:Regular_HandsWash:#2D8CFF","Regular HandsWash Regular HandsWash"
"Regular_Handshake","Regular","fa:Regular","Handshake","[fa:Regular_Handshake]","fa:Regular_Handshake:#2D8CFF","Regular Handshake Regular Handshake"
"Regular_HandshakeAlt","Regular","fa:Regular","HandshakeAlt","[fa:Regular_HandshakeAlt]","fa:Regular_HandshakeAlt:#2D8CFF","Regular HandshakeAlt Regular HandshakeAlt"
"Regular_HandshakeAltSlash","Regular","fa:Regular","HandshakeAltSlash","[fa:Regular_HandshakeAltSlash]","fa:Regular_HandshakeAltSlash:#2D8CFF","Regular HandshakeAltSlash Regular HandshakeAltSlash"
"Regular_HandshakeSlash","Regular","fa:Regular","HandshakeSlash","[fa:Regular_HandshakeSlash]","fa:Regular_HandshakeSlash:#2D8CFF","Regular HandshakeSlash Regular HandshakeSlash"
"Regular_Hanukiah","Regular","fa:Regular","Hanukiah","[fa:Regular_Hanukiah]","fa:Regular_Hanukiah:#2D8CFF","Regular Hanukiah Regular Hanukiah"
"Regular_HardHat","Regular","fa:Regular","HardHat","[fa:Regular_HardHat]","fa:Regular_HardHat:#2D8CFF","Regular HardHat Regular HardHat"
"Regular_Hashtag","Regular","fa:Regular","Hashtag","[fa:Regular_Hashtag]","fa:Regular_Hashtag:#2D8CFF","Regular Hashtag Regular Hashtag"
"Regular_HatChef","Regular","fa:Regular","HatChef","[fa:Regular_HatChef]","fa:Regular_HatChef:#2D8CFF","Regular HatChef Regular HatChef"
"Regular_HatCowboy","Regular","fa:Regular","HatCowboy","[fa:Regular_HatCowboy]","fa:Regular_HatCowboy:#2D8CFF","Regular HatCowboy Regular HatCowboy"
"Regular_HatCowboySide","Regular","fa:Regular","HatCowboySide","[fa:Regular_HatCowboySide]","fa:Regular_HatCowboySide:#2D8CFF","Regular HatCowboySide Regular HatCowboySide"
"Regular_HatSanta","Regular","fa:Regular","HatSanta","[fa:Regular_HatSanta]","fa:Regular_HatSanta:#2D8CFF","Regular HatSanta Regular HatSanta"
"Regular_HatWinter","Regular","fa:Regular","HatWinter","[fa:Regular_HatWinter]","fa:Regular_HatWinter:#2D8CFF","Regular HatWinter Regular HatWinter"
"Regular_HatWitch","Regular","fa:Regular","HatWitch","[fa:Regular_HatWitch]","fa:Regular_HatWitch:#2D8CFF","Regular HatWitch Regular HatWitch"
"Regular_HatWizard","Regular","fa:Regular","HatWizard","[fa:Regular_HatWizard]","fa:Regular_HatWizard:#2D8CFF","Regular HatWizard Regular HatWizard"
"Regular_Hdd","Regular","fa:Regular","Hdd","[fa:Regular_Hdd]","fa:Regular_Hdd:#2D8CFF","Regular Hdd Regular Hdd"
"Regular_HeadSide","Regular","fa:Regular","HeadSide","[fa:Regular_HeadSide]","fa:Regular_HeadSide:#2D8CFF","Regular HeadSide Regular HeadSide"
"Regular_HeadSideBrain","Regular","fa:Regular","HeadSideBrain","[fa:Regular_HeadSideBrain]","fa:Regular_HeadSideBrain:#2D8CFF","Regular HeadSideBrain Regular HeadSideBrain"
"Regular_HeadSideCough","Regular","fa:Regular","HeadSideCough","[fa:Regular_HeadSideCough]","fa:Regular_HeadSideCough:#2D8CFF","Regular HeadSideCough Regular HeadSideCough"
"Regular_HeadSideCoughSlash","Regular","fa:Regular","HeadSideCoughSlash","[fa:Regular_HeadSideCoughSlash]","fa:Regular_HeadSideCoughSlash:#2D8CFF","Regular HeadSideCoughSlash Regular HeadSideCoughSlash"
"Regular_HeadSideHeadphones","Regular","fa:Regular","HeadSideHeadphones","[fa:Regular_HeadSideHeadphones]","fa:Regular_HeadSideHeadphones:#2D8CFF","Regular HeadSideHeadphones Regular HeadSideHeadphones"
"Regular_HeadSideMask","Regular","fa:Regular","HeadSideMask","[fa:Regular_HeadSideMask]","fa:Regular_HeadSideMask:#2D8CFF","Regular HeadSideMask Regular HeadSideMask"
"Regular_HeadSideMedical","Regular","fa:Regular","HeadSideMedical","[fa:Regular_HeadSideMedical]","fa:Regular_HeadSideMedical:#2D8CFF","Regular HeadSideMedical Regular HeadSideMedical"
"Regular_HeadSideVirus","Regular","fa:Regular","HeadSideVirus","[fa:Regular_HeadSideVirus]","fa:Regular_HeadSideVirus:#2D8CFF","Regular HeadSideVirus Regular HeadSideVirus"
"Regular_HeadVr","Regular","fa:Regular","HeadVr","[fa:Regular_HeadVr]","fa:Regular_HeadVr:#2D8CFF","Regular HeadVr Regular HeadVr"
"Regular_Heading","Regular","fa:Regular","Heading","[fa:Regular_Heading]","fa:Regular_Heading:#2D8CFF","Regular Heading Regular Heading"
"Regular_Headphones","Regular","fa:Regular","Headphones","[fa:Regular_Headphones]","fa:Regular_Headphones:#2D8CFF","Regular Headphones Regular Headphones"
"Regular_HeadphonesAlt","Regular","fa:Regular","HeadphonesAlt","[fa:Regular_HeadphonesAlt]","fa:Regular_HeadphonesAlt:#2D8CFF","Regular HeadphonesAlt Regular HeadphonesAlt"
"Regular_Headset","Regular","fa:Regular","Headset","[fa:Regular_Headset]","fa:Regular_Headset:#2D8CFF","Regular Headset Regular Headset"
"Regular_Heart","Regular","fa:Regular","Heart","[fa:Regular_Heart]","fa:Regular_Heart:#2D8CFF","Regular Heart Regular Heart"
"Regular_HeartBroken","Regular","fa:Regular","HeartBroken","[fa:Regular_HeartBroken]","fa:Regular_HeartBroken:#2D8CFF","Regular HeartBroken Regular HeartBroken"
"Regular_HeartCircle","Regular","fa:Regular","HeartCircle","[fa:Regular_HeartCircle]","fa:Regular_HeartCircle:#2D8CFF","Regular HeartCircle Regular HeartCircle"
"Regular_HeartRate","Regular","fa:Regular","HeartRate","[fa:Regular_HeartRate]","fa:Regular_HeartRate:#2D8CFF","Regular HeartRate Regular HeartRate"
"Regular_HeartSquare","Regular","fa:Regular","HeartSquare","[fa:Regular_HeartSquare]","fa:Regular_HeartSquare:#2D8CFF","Regular HeartSquare Regular HeartSquare"
"Regular_Heartbeat","Regular","fa:Regular","Heartbeat","[fa:Regular_Heartbeat]","fa:Regular_Heartbeat:#2D8CFF","Regular Heartbeat Regular Heartbeat"
"Regular_Heat","Regular","fa:Regular","Heat","[fa:Regular_Heat]","fa:Regular_Heat:#2D8CFF","Regular Heat Regular Heat"
"Regular_Helicopter","Regular","fa:Regular","Helicopter","[fa:Regular_Helicopter]","fa:Regular_Helicopter:#2D8CFF","Regular Helicopter Regular Helicopter"
"Regular_HelmetBattle","Regular","fa:Regular","HelmetBattle","[fa:Regular_HelmetBattle]","fa:Regular_HelmetBattle:#2D8CFF","Regular HelmetBattle Regular HelmetBattle"
"Regular_Hexagon","Regular","fa:Regular","Hexagon","[fa:Regular_Hexagon]","fa:Regular_Hexagon:#2D8CFF","Regular Hexagon Regular Hexagon"
"Regular_Highlighter","Regular","fa:Regular","Highlighter","[fa:Regular_Highlighter]","fa:Regular_Highlighter:#2D8CFF","Regular Highlighter Regular Highlighter"
"Regular_Hiking","Regular","fa:Regular","Hiking","[fa:Regular_Hiking]","fa:Regular_Hiking:#2D8CFF","Regular Hiking Regular Hiking"
"Regular_Hippo","Regular","fa:Regular","Hippo","[fa:Regular_Hippo]","fa:Regular_Hippo:#2D8CFF","Regular Hippo Regular Hippo"
"Regular_History","Regular","fa:Regular","History","[fa:Regular_History]","fa:Regular_History:#2D8CFF","Regular History Regular History"
"Regular_HockeyMask","Regular","fa:Regular","HockeyMask","[fa:Regular_HockeyMask]","fa:Regular_HockeyMask:#2D8CFF","Regular HockeyMask Regular HockeyMask"
"Regular_HockeyPuck","Regular","fa:Regular","HockeyPuck","[fa:Regular_HockeyPuck]","fa:Regular_HockeyPuck:#2D8CFF","Regular HockeyPuck Regular HockeyPuck"
"Regular_HockeySticks","Regular","fa:Regular","HockeySticks","[fa:Regular_HockeySticks]","fa:Regular_HockeySticks:#2D8CFF","Regular HockeySticks Regular HockeySticks"
"Regular_HollyBerry","Regular","fa:Regular","HollyBerry","[fa:Regular_HollyBerry]","fa:Regular_HollyBerry:#2D8CFF","Regular HollyBerry Regular HollyBerry"
"Regular_Home","Regular","fa:Regular","Home","[fa:Regular_Home]","fa:Regular_Home:#2D8CFF","Regular Home Regular Home"
"Regular_HomeAlt","Regular","fa:Regular","HomeAlt","[fa:Regular_HomeAlt]","fa:Regular_HomeAlt:#2D8CFF","Regular HomeAlt Regular HomeAlt"
"Regular_HomeHeart","Regular","fa:Regular","HomeHeart","[fa:Regular_HomeHeart]","fa:Regular_HomeHeart:#2D8CFF","Regular HomeHeart Regular HomeHeart"
"Regular_HomeLg","Regular","fa:Regular","HomeLg","[fa:Regular_HomeLg]","fa:Regular_HomeLg:#2D8CFF","Regular HomeLg Regular HomeLg"
"Regular_HomeLgAlt","Regular","fa:Regular","HomeLgAlt","[fa:Regular_HomeLgAlt]","fa:Regular_HomeLgAlt:#2D8CFF","Regular HomeLgAlt Regular HomeLgAlt"
"Regular_HoodCloak","Regular","fa:Regular","HoodCloak","[fa:Regular_HoodCloak]","fa:Regular_HoodCloak:#2D8CFF","Regular HoodCloak Regular HoodCloak"
"Regular_HorizontalRule","Regular","fa:Regular","HorizontalRule","[fa:Regular_HorizontalRule]","fa:Regular_HorizontalRule:#2D8CFF","Regular HorizontalRule Regular HorizontalRule"
"Regular_Horse","Regular","fa:Regular","Horse","[fa:Regular_Horse]","fa:Regular_Horse:#2D8CFF","Regular Horse Regular Horse"
"Regular_HorseHead","Regular","fa:Regular","HorseHead","[fa:Regular_HorseHead]","fa:Regular_HorseHead:#2D8CFF","Regular HorseHead Regular HorseHead"
"Regular_HorseSaddle","Regular","fa:Regular","HorseSaddle","[fa:Regular_HorseSaddle]","fa:Regular_HorseSaddle:#2D8CFF","Regular HorseSaddle Regular HorseSaddle"
"Regular_Hospital","Regular","fa:Regular","Hospital","[fa:Regular_Hospital]","fa:Regular_Hospital:#2D8CFF","Regular Hospital Regular Hospital"
"Regular_HospitalAlt","Regular","fa:Regular","HospitalAlt","[fa:Regular_HospitalAlt]","fa:Regular_HospitalAlt:#2D8CFF","Regular HospitalAlt Regular HospitalAlt"
"Regular_HospitalSymbol","Regular","fa:Regular","HospitalSymbol","[fa:Regular_HospitalSymbol]","fa:Regular_HospitalSymbol:#2D8CFF","Regular HospitalSymbol Regular HospitalSymbol"
"Regular_HospitalUser","Regular","fa:Regular","HospitalUser","[fa:Regular_HospitalUser]","fa:Regular_HospitalUser:#2D8CFF","Regular HospitalUser Regular HospitalUser"
"Regular_Hospitals","Regular","fa:Regular","Hospitals","[fa:Regular_Hospitals]","fa:Regular_Hospitals:#2D8CFF","Regular Hospitals Regular Hospitals"
"Regular_HotTub","Regular","fa:Regular","HotTub","[fa:Regular_HotTub]","fa:Regular_HotTub:#2D8CFF","Regular HotTub Regular HotTub"
"Regular_Hotdog","Regular","fa:Regular","Hotdog","[fa:Regular_Hotdog]","fa:Regular_Hotdog:#2D8CFF","Regular Hotdog Regular Hotdog"
"Regular_Hotel","Regular","fa:Regular","Hotel","[fa:Regular_Hotel]","fa:Regular_Hotel:#2D8CFF","Regular Hotel Regular Hotel"
"Regular_Hourglass","Regular","fa:Regular","Hourglass","[fa:Regular_Hourglass]","fa:Regular_Hourglass:#2D8CFF","Regular Hourglass Regular Hourglass"
"Regular_HourglassEnd","Regular","fa:Regular","HourglassEnd","[fa:Regular_HourglassEnd]","fa:Regular_HourglassEnd:#2D8CFF","Regular HourglassEnd Regular HourglassEnd"
"Regular_HourglassHalf","Regular","fa:Regular","HourglassHalf","[fa:Regular_HourglassHalf]","fa:Regular_HourglassHalf:#2D8CFF","Regular HourglassHalf Regular HourglassHalf"
"Regular_HourglassStart","Regular","fa:Regular","HourglassStart","[fa:Regular_HourglassStart]","fa:Regular_HourglassStart:#2D8CFF","Regular HourglassStart Regular HourglassStart"
"Regular_House","Regular","fa:Regular","House","[fa:Regular_House]","fa:Regular_House:#2D8CFF","Regular House Regular House"
"Regular_HouseDamage","Regular","fa:Regular","HouseDamage","[fa:Regular_HouseDamage]","fa:Regular_HouseDamage:#2D8CFF","Regular HouseDamage Regular HouseDamage"
"Regular_HouseDay","Regular","fa:Regular","HouseDay","[fa:Regular_HouseDay]","fa:Regular_HouseDay:#2D8CFF","Regular HouseDay Regular HouseDay"
"Regular_HouseFlood","Regular","fa:Regular","HouseFlood","[fa:Regular_HouseFlood]","fa:Regular_HouseFlood:#2D8CFF","Regular HouseFlood Regular HouseFlood"
"Regular_HouseLeave","Regular","fa:Regular","HouseLeave","[fa:Regular_HouseLeave]","fa:Regular_HouseLeave:#2D8CFF","Regular HouseLeave Regular HouseLeave"
"Regular_HouseNight","Regular","fa:Regular","HouseNight","[fa:Regular_HouseNight]","fa:Regular_HouseNight:#2D8CFF","Regular HouseNight Regular HouseNight"
"Regular_HouseReturn","Regular","fa:Regular","HouseReturn","[fa:Regular_HouseReturn]","fa:Regular_HouseReturn:#2D8CFF","Regular HouseReturn Regular HouseReturn"
"Regular_HouseSignal","Regular","fa:Regular","HouseSignal","[fa:Regular_HouseSignal]","fa:Regular_HouseSignal:#2D8CFF","Regular HouseSignal Regular HouseSignal"
"Regular_HouseUser","Regular","fa:Regular","HouseUser","[fa:Regular_HouseUser]","fa:Regular_HouseUser:#2D8CFF","Regular HouseUser Regular HouseUser"
"Regular_Hryvnia","Regular","fa:Regular","Hryvnia","[fa:Regular_Hryvnia]","fa:Regular_Hryvnia:#2D8CFF","Regular Hryvnia Regular Hryvnia"
"Regular_Humidity","Regular","fa:Regular","Humidity","[fa:Regular_Humidity]","fa:Regular_Humidity:#2D8CFF","Regular Humidity Regular Humidity"
"Regular_Hurricane","Regular","fa:Regular","Hurricane","[fa:Regular_Hurricane]","fa:Regular_Hurricane:#2D8CFF","Regular Hurricane Regular Hurricane"
"Regular_ICursor","Regular","fa:Regular","ICursor","[fa:Regular_ICursor]","fa:Regular_ICursor:#2D8CFF","Regular ICursor Regular ICursor"
"Regular_IceCream","Regular","fa:Regular","IceCream","[fa:Regular_IceCream]","fa:Regular_IceCream:#2D8CFF","Regular IceCream Regular IceCream"
"Regular_IceSkate","Regular","fa:Regular","IceSkate","[fa:Regular_IceSkate]","fa:Regular_IceSkate:#2D8CFF","Regular IceSkate Regular IceSkate"
"Regular_Icicles","Regular","fa:Regular","Icicles","[fa:Regular_Icicles]","fa:Regular_Icicles:#2D8CFF","Regular Icicles Regular Icicles"
"Regular_Icons","Regular","fa:Regular","Icons","[fa:Regular_Icons]","fa:Regular_Icons:#2D8CFF","Regular Icons Regular Icons"
"Regular_IconsAlt","Regular","fa:Regular","IconsAlt","[fa:Regular_IconsAlt]","fa:Regular_IconsAlt:#2D8CFF","Regular IconsAlt Regular IconsAlt"
"Regular_IdBadge","Regular","fa:Regular","IdBadge","[fa:Regular_IdBadge]","fa:Regular_IdBadge:#2D8CFF","Regular IdBadge Regular IdBadge"
"Regular_IdCard","Regular","fa:Regular","IdCard","[fa:Regular_IdCard]","fa:Regular_IdCard:#2D8CFF","Regular IdCard Regular IdCard"
"Regular_IdCardAlt","Regular","fa:Regular","IdCardAlt","[fa:Regular_IdCardAlt]","fa:Regular_IdCardAlt:#2D8CFF","Regular IdCardAlt Regular IdCardAlt"
"Regular_Igloo","Regular","fa:Regular","Igloo","[fa:Regular_Igloo]","fa:Regular_Igloo:#2D8CFF","Regular Igloo Regular Igloo"
"Regular_Image","Regular","fa:Regular","Image","[fa:Regular_Image]","fa:Regular_Image:#2D8CFF","Regular Image Regular Image"
"Regular_ImagePolaroid","Regular","fa:Regular","ImagePolaroid","[fa:Regular_ImagePolaroid]","fa:Regular_ImagePolaroid:#2D8CFF","Regular ImagePolaroid Regular ImagePolaroid"
"Regular_Images","Regular","fa:Regular","Images","[fa:Regular_Images]","fa:Regular_Images:#2D8CFF","Regular Images Regular Images"
"Regular_Inbox","Regular","fa:Regular","Inbox","[fa:Regular_Inbox]","fa:Regular_Inbox:#2D8CFF","Regular Inbox Regular Inbox"
"Regular_InboxIn","Regular","fa:Regular","InboxIn","[fa:Regular_InboxIn]","fa:Regular_InboxIn:#2D8CFF","Regular InboxIn Regular InboxIn"
"Regular_InboxOut","Regular","fa:Regular","InboxOut","[fa:Regular_InboxOut]","fa:Regular_InboxOut:#2D8CFF","Regular InboxOut Regular InboxOut"
"Regular_Indent","Regular","fa:Regular","Indent","[fa:Regular_Indent]","fa:Regular_Indent:#2D8CFF","Regular Indent Regular Indent"
"Regular_Industry","Regular","fa:Regular","Industry","[fa:Regular_Industry]","fa:Regular_Industry:#2D8CFF","Regular Industry Regular Industry"
"Regular_IndustryAlt","Regular","fa:Regular","IndustryAlt","[fa:Regular_IndustryAlt]","fa:Regular_IndustryAlt:#2D8CFF","Regular IndustryAlt Regular IndustryAlt"
"Regular_Infinity","Regular","fa:Regular","Infinity","[fa:Regular_Infinity]","fa:Regular_Infinity:#2D8CFF","Regular Infinity Regular Infinity"
"Regular_Info","Regular","fa:Regular","Info","[fa:Regular_Info]","fa:Regular_Info:#2D8CFF","Regular Info Regular Info"
"Regular_InfoCircle","Regular","fa:Regular","InfoCircle","[fa:Regular_InfoCircle]","fa:Regular_InfoCircle:#2D8CFF","Regular InfoCircle Regular InfoCircle"
"Regular_InfoSquare","Regular","fa:Regular","InfoSquare","[fa:Regular_InfoSquare]","fa:Regular_InfoSquare:#2D8CFF","Regular InfoSquare Regular InfoSquare"
"Regular_Inhaler","Regular","fa:Regular","Inhaler","[fa:Regular_Inhaler]","fa:Regular_Inhaler:#2D8CFF","Regular Inhaler Regular Inhaler"
"Regular_Integral","Regular","fa:Regular","Integral","[fa:Regular_Integral]","fa:Regular_Integral:#2D8CFF","Regular Integral Regular Integral"
"Regular_Intersection","Regular","fa:Regular","Intersection","[fa:Regular_Intersection]","fa:Regular_Intersection:#2D8CFF","Regular Intersection Regular Intersection"
"Regular_Inventory","Regular","fa:Regular","Inventory","[fa:Regular_Inventory]","fa:Regular_Inventory:#2D8CFF","Regular Inventory Regular Inventory"
"Regular_IslandTropical","Regular","fa:Regular","IslandTropical","[fa:Regular_IslandTropical]","fa:Regular_IslandTropical:#2D8CFF","Regular IslandTropical Regular IslandTropical"
"Regular_Italic","Regular","fa:Regular","Italic","[fa:Regular_Italic]","fa:Regular_Italic:#2D8CFF","Regular Italic Regular Italic"
"Regular_JackOLantern","Regular","fa:Regular","JackOLantern","[fa:Regular_JackOLantern]","fa:Regular_JackOLantern:#2D8CFF","Regular JackOLantern Regular JackOLantern"
"Regular_Jedi","Regular","fa:Regular","Jedi","[fa:Regular_Jedi]","fa:Regular_Jedi:#2D8CFF","Regular Jedi Regular Jedi"
"Regular_Joint","Regular","fa:Regular","Joint","[fa:Regular_Joint]","fa:Regular_Joint:#2D8CFF","Regular Joint Regular Joint"
"Regular_JournalWhills","Regular","fa:Regular","JournalWhills","[fa:Regular_JournalWhills]","fa:Regular_JournalWhills:#2D8CFF","Regular JournalWhills Regular JournalWhills"
"Regular_Joystick","Regular","fa:Regular","Joystick","[fa:Regular_Joystick]","fa:Regular_Joystick:#2D8CFF","Regular Joystick Regular Joystick"
"Regular_Jug","Regular","fa:Regular","Jug","[fa:Regular_Jug]","fa:Regular_Jug:#2D8CFF","Regular Jug Regular Jug"
"Regular_Kaaba","Regular","fa:Regular","Kaaba","[fa:Regular_Kaaba]","fa:Regular_Kaaba:#2D8CFF","Regular Kaaba Regular Kaaba"
"Regular_Kazoo","Regular","fa:Regular","Kazoo","[fa:Regular_Kazoo]","fa:Regular_Kazoo:#2D8CFF","Regular Kazoo Regular Kazoo"
"Regular_Kerning","Regular","fa:Regular","Kerning","[fa:Regular_Kerning]","fa:Regular_Kerning:#2D8CFF","Regular Kerning Regular Kerning"
"Regular_Key","Regular","fa:Regular","Key","[fa:Regular_Key]","fa:Regular_Key:#2D8CFF","Regular Key Regular Key"
"Regular_KeySkeleton","Regular","fa:Regular","KeySkeleton","[fa:Regular_KeySkeleton]","fa:Regular_KeySkeleton:#2D8CFF","Regular KeySkeleton Regular KeySkeleton"
"Regular_Keyboard","Regular","fa:Regular","Keyboard","[fa:Regular_Keyboard]","fa:Regular_Keyboard:#2D8CFF","Regular Keyboard Regular Keyboard"
"Regular_Keynote","Regular","fa:Regular","Keynote","[fa:Regular_Keynote]","fa:Regular_Keynote:#2D8CFF","Regular Keynote Regular Keynote"
"Regular_Khanda","Regular","fa:Regular","Khanda","[fa:Regular_Khanda]","fa:Regular_Khanda:#2D8CFF","Regular Khanda Regular Khanda"
"Regular_Kidneys","Regular","fa:Regular","Kidneys","[fa:Regular_Kidneys]","fa:Regular_Kidneys:#2D8CFF","Regular Kidneys Regular Kidneys"
"Regular_Kiss","Regular","fa:Regular","Kiss","[fa:Regular_Kiss]","fa:Regular_Kiss:#2D8CFF","Regular Kiss Regular Kiss"
"Regular_KissBeam","Regular","fa:Regular","KissBeam","[fa:Regular_KissBeam]","fa:Regular_KissBeam:#2D8CFF","Regular KissBeam Regular KissBeam"
"Regular_KissWinkHeart","Regular","fa:Regular","KissWinkHeart","[fa:Regular_KissWinkHeart]","fa:Regular_KissWinkHeart:#2D8CFF","Regular KissWinkHeart Regular KissWinkHeart"
"Regular_Kite","Regular","fa:Regular","Kite","[fa:Regular_Kite]","fa:Regular_Kite:#2D8CFF","Regular Kite Regular Kite"
"Regular_KiwiBird","Regular","fa:Regular","KiwiBird","[fa:Regular_KiwiBird]","fa:Regular_KiwiBird:#2D8CFF","Regular KiwiBird Regular KiwiBird"
"Regular_KnifeKitchen","Regular","fa:Regular","KnifeKitchen","[fa:Regular_KnifeKitchen]","fa:Regular_KnifeKitchen:#2D8CFF","Regular KnifeKitchen Regular KnifeKitchen"
"Regular_Lambda","Regular","fa:Regular","Lambda","[fa:Regular_Lambda]","fa:Regular_Lambda:#2D8CFF","Regular Lambda Regular Lambda"
"Regular_Lamp","Regular","fa:Regular","Lamp","[fa:Regular_Lamp]","fa:Regular_Lamp:#2D8CFF","Regular Lamp Regular Lamp"
"Regular_LampDesk","Regular","fa:Regular","LampDesk","[fa:Regular_LampDesk]","fa:Regular_LampDesk:#2D8CFF","Regular LampDesk Regular LampDesk"
"Regular_LampFloor","Regular","fa:Regular","LampFloor","[fa:Regular_LampFloor]","fa:Regular_LampFloor:#2D8CFF","Regular LampFloor Regular LampFloor"
"Regular_Landmark","Regular","fa:Regular","Landmark","[fa:Regular_Landmark]","fa:Regular_Landmark:#2D8CFF","Regular Landmark Regular Landmark"
"Regular_LandmarkAlt","Regular","fa:Regular","LandmarkAlt","[fa:Regular_LandmarkAlt]","fa:Regular_LandmarkAlt:#2D8CFF","Regular LandmarkAlt Regular LandmarkAlt"
"Regular_Language","Regular","fa:Regular","Language","[fa:Regular_Language]","fa:Regular_Language:#2D8CFF","Regular Language Regular Language"
"Regular_Laptop","Regular","fa:Regular","Laptop","[fa:Regular_Laptop]","fa:Regular_Laptop:#2D8CFF","Regular Laptop Regular Laptop"
"Regular_LaptopCode","Regular","fa:Regular","LaptopCode","[fa:Regular_LaptopCode]","fa:Regular_LaptopCode:#2D8CFF","Regular LaptopCode Regular LaptopCode"
"Regular_LaptopHouse","Regular","fa:Regular","LaptopHouse","[fa:Regular_LaptopHouse]","fa:Regular_LaptopHouse:#2D8CFF","Regular LaptopHouse Regular LaptopHouse"
"Regular_LaptopMedical","Regular","fa:Regular","LaptopMedical","[fa:Regular_LaptopMedical]","fa:Regular_LaptopMedical:#2D8CFF","Regular LaptopMedical Regular LaptopMedical"
"Regular_Lasso","Regular","fa:Regular","Lasso","[fa:Regular_Lasso]","fa:Regular_Lasso:#2D8CFF","Regular Lasso Regular Lasso"
"Regular_Laugh","Regular","fa:Regular","Laugh","[fa:Regular_Laugh]","fa:Regular_Laugh:#2D8CFF","Regular Laugh Regular Laugh"
"Regular_LaughBeam","Regular","fa:Regular","LaughBeam","[fa:Regular_LaughBeam]","fa:Regular_LaughBeam:#2D8CFF","Regular LaughBeam Regular LaughBeam"
"Regular_LaughSquint","Regular","fa:Regular","LaughSquint","[fa:Regular_LaughSquint]","fa:Regular_LaughSquint:#2D8CFF","Regular LaughSquint Regular LaughSquint"
"Regular_LaughWink","Regular","fa:Regular","LaughWink","[fa:Regular_LaughWink]","fa:Regular_LaughWink:#2D8CFF","Regular LaughWink Regular LaughWink"
"Regular_LayerGroup","Regular","fa:Regular","LayerGroup","[fa:Regular_LayerGroup]","fa:Regular_LayerGroup:#2D8CFF","Regular LayerGroup Regular LayerGroup"
"Regular_LayerMinus","Regular","fa:Regular","LayerMinus","[fa:Regular_LayerMinus]","fa:Regular_LayerMinus:#2D8CFF","Regular LayerMinus Regular LayerMinus"
"Regular_LayerPlus","Regular","fa:Regular","LayerPlus","[fa:Regular_LayerPlus]","fa:Regular_LayerPlus:#2D8CFF","Regular LayerPlus Regular LayerPlus"
"Regular_Leaf","Regular","fa:Regular","Leaf","[fa:Regular_Leaf]","fa:Regular_Leaf:#2D8CFF","Regular Leaf Regular Leaf"
"Regular_LeafHeart","Regular","fa:Regular","LeafHeart","[fa:Regular_LeafHeart]","fa:Regular_LeafHeart:#2D8CFF","Regular LeafHeart Regular LeafHeart"
"Regular_LeafMaple","Regular","fa:Regular","LeafMaple","[fa:Regular_LeafMaple]","fa:Regular_LeafMaple:#2D8CFF","Regular LeafMaple Regular LeafMaple"
"Regular_LeafOak","Regular","fa:Regular","LeafOak","[fa:Regular_LeafOak]","fa:Regular_LeafOak:#2D8CFF","Regular LeafOak Regular LeafOak"
"Regular_Lemon","Regular","fa:Regular","Lemon","[fa:Regular_Lemon]","fa:Regular_Lemon:#2D8CFF","Regular Lemon Regular Lemon"
"Regular_LessThan","Regular","fa:Regular","LessThan","[fa:Regular_LessThan]","fa:Regular_LessThan:#2D8CFF","Regular LessThan Regular LessThan"
"Regular_LessThanEqual","Regular","fa:Regular","LessThanEqual","[fa:Regular_LessThanEqual]","fa:Regular_LessThanEqual:#2D8CFF","Regular LessThanEqual Regular LessThanEqual"
"Regular_LevelDown","Regular","fa:Regular","LevelDown","[fa:Regular_LevelDown]","fa:Regular_LevelDown:#2D8CFF","Regular LevelDown Regular LevelDown"
"Regular_LevelDownAlt","Regular","fa:Regular","LevelDownAlt","[fa:Regular_LevelDownAlt]","fa:Regular_LevelDownAlt:#2D8CFF","Regular LevelDownAlt Regular LevelDownAlt"
"Regular_LevelUp","Regular","fa:Regular","LevelUp","[fa:Regular_LevelUp]","fa:Regular_LevelUp:#2D8CFF","Regular LevelUp Regular LevelUp"
"Regular_LevelUpAlt","Regular","fa:Regular","LevelUpAlt","[fa:Regular_LevelUpAlt]","fa:Regular_LevelUpAlt:#2D8CFF","Regular LevelUpAlt Regular LevelUpAlt"
"Regular_LifeRing","Regular","fa:Regular","LifeRing","[fa:Regular_LifeRing]","fa:Regular_LifeRing:#2D8CFF","Regular LifeRing Regular LifeRing"
"Regular_LightCeiling","Regular","fa:Regular","LightCeiling","[fa:Regular_LightCeiling]","fa:Regular_LightCeiling:#2D8CFF","Regular LightCeiling Regular LightCeiling"
"Regular_LightSwitch","Regular","fa:Regular","LightSwitch","[fa:Regular_LightSwitch]","fa:Regular_LightSwitch:#2D8CFF","Regular LightSwitch Regular LightSwitch"
"Regular_LightSwitchOff","Regular","fa:Regular","LightSwitchOff","[fa:Regular_LightSwitchOff]","fa:Regular_LightSwitchOff:#2D8CFF","Regular LightSwitchOff Regular LightSwitchOff"
"Regular_LightSwitchOn","Regular","fa:Regular","LightSwitchOn","[fa:Regular_LightSwitchOn]","fa:Regular_LightSwitchOn:#2D8CFF","Regular LightSwitchOn Regular LightSwitchOn"
"Regular_Lightbulb","Regular","fa:Regular","Lightbulb","[fa:Regular_Lightbulb]","fa:Regular_Lightbulb:#2D8CFF","Regular Lightbulb Regular Lightbulb"
"Regular_LightbulbDollar","Regular","fa:Regular","LightbulbDollar","[fa:Regular_LightbulbDollar]","fa:Regular_LightbulbDollar:#2D8CFF","Regular LightbulbDollar Regular LightbulbDollar"
"Regular_LightbulbExclamation","Regular","fa:Regular","LightbulbExclamation","[fa:Regular_LightbulbExclamation]","fa:Regular_LightbulbExclamation:#2D8CFF","Regular LightbulbExclamation Regular LightbulbExclamation"
"Regular_LightbulbOn","Regular","fa:Regular","LightbulbOn","[fa:Regular_LightbulbOn]","fa:Regular_LightbulbOn:#2D8CFF","Regular LightbulbOn Regular LightbulbOn"
"Regular_LightbulbSlash","Regular","fa:Regular","LightbulbSlash","[fa:Regular_LightbulbSlash]","fa:Regular_LightbulbSlash:#2D8CFF","Regular LightbulbSlash Regular LightbulbSlash"
"Regular_LightsHoliday","Regular","fa:Regular","LightsHoliday","[fa:Regular_LightsHoliday]","fa:Regular_LightsHoliday:#2D8CFF","Regular LightsHoliday Regular LightsHoliday"
"Regular_LineColumns","Regular","fa:Regular","LineColumns","[fa:Regular_LineColumns]","fa:Regular_LineColumns:#2D8CFF","Regular LineColumns Regular LineColumns"
"Regular_LineHeight","Regular","fa:Regular","LineHeight","[fa:Regular_LineHeight]","fa:Regular_LineHeight:#2D8CFF","Regular LineHeight Regular LineHeight"
"Regular_Link","Regular","fa:Regular","Link","[fa:Regular_Link]","fa:Regular_Link:#2D8CFF","Regular Link Regular Link"
"Regular_Lips","Regular","fa:Regular","Lips","[fa:Regular_Lips]","fa:Regular_Lips:#2D8CFF","Regular Lips Regular Lips"
"Regular_LiraSign","Regular","fa:Regular","LiraSign","[fa:Regular_LiraSign]","fa:Regular_LiraSign:#2D8CFF","Regular LiraSign Regular LiraSign"
"Regular_List","Regular","fa:Regular","List","[fa:Regular_List]","fa:Regular_List:#2D8CFF","Regular List Regular List"
"Regular_ListAlt","Regular","fa:Regular","ListAlt","[fa:Regular_ListAlt]","fa:Regular_ListAlt:#2D8CFF","Regular ListAlt Regular ListAlt"
"Regular_ListMusic","Regular","fa:Regular","ListMusic","[fa:Regular_ListMusic]","fa:Regular_ListMusic:#2D8CFF","Regular ListMusic Regular ListMusic"
"Regular_ListOl","Regular","fa:Regular","ListOl","[fa:Regular_ListOl]","fa:Regular_ListOl:#2D8CFF","Regular ListOl Regular ListOl"
"Regular_ListUl","Regular","fa:Regular","ListUl","[fa:Regular_ListUl]","fa:Regular_ListUl:#2D8CFF","Regular ListUl Regular ListUl"
"Regular_Location","Regular","fa:Regular","Location","[fa:Regular_Location]","fa:Regular_Location:#2D8CFF","Regular Location Regular Location"
"Regular_LocationArrow","Regular","fa:Regular","LocationArrow","[fa:Regular_LocationArrow]","fa:Regular_LocationArrow:#2D8CFF","Regular LocationArrow Regular LocationArrow"
"Regular_LocationCircle","Regular","fa:Regular","LocationCircle","[fa:Regular_LocationCircle]","fa:Regular_LocationCircle:#2D8CFF","Regular LocationCircle Regular LocationCircle"
"Regular_LocationSlash","Regular","fa:Regular","LocationSlash","[fa:Regular_LocationSlash]","fa:Regular_LocationSlash:#2D8CFF","Regular LocationSlash Regular LocationSlash"
"Regular_Lock","Regular","fa:Regular","Lock","[fa:Regular_Lock]","fa:Regular_Lock:#2D8CFF","Regular Lock Regular Lock"
"Regular_LockAlt","Regular","fa:Regular","LockAlt","[fa:Regular_LockAlt]","fa:Regular_LockAlt:#2D8CFF","Regular LockAlt Regular LockAlt"
"Regular_LockOpen","Regular","fa:Regular","LockOpen","[fa:Regular_LockOpen]","fa:Regular_LockOpen:#2D8CFF","Regular LockOpen Regular LockOpen"
"Regular_LockOpenAlt","Regular","fa:Regular","LockOpenAlt","[fa:Regular_LockOpenAlt]","fa:Regular_LockOpenAlt:#2D8CFF","Regular LockOpenAlt Regular LockOpenAlt"
"Regular_LongArrowAltDown","Regular","fa:Regular","LongArrowAltDown","[fa:Regular_LongArrowAltDown]","fa:Regular_LongArrowAltDown:#2D8CFF","Regular LongArrowAltDown Regular LongArrowAltDown"
"Regular_LongArrowAltLeft","Regular","fa:Regular","LongArrowAltLeft","[fa:Regular_LongArrowAltLeft]","fa:Regular_LongArrowAltLeft:#2D8CFF","Regular LongArrowAltLeft Regular LongArrowAltLeft"
"Regular_LongArrowAltRight","Regular","fa:Regular","LongArrowAltRight","[fa:Regular_LongArrowAltRight]","fa:Regular_LongArrowAltRight:#2D8CFF","Regular LongArrowAltRight Regular LongArrowAltRight"
"Regular_LongArrowAltUp","Regular","fa:Regular","LongArrowAltUp","[fa:Regular_LongArrowAltUp]","fa:Regular_LongArrowAltUp:#2D8CFF","Regular LongArrowAltUp Regular LongArrowAltUp"
"Regular_LongArrowDown","Regular","fa:Regular","LongArrowDown","[fa:Regular_LongArrowDown]","fa:Regular_LongArrowDown:#2D8CFF","Regular LongArrowDown Regular LongArrowDown"
"Regular_LongArrowLeft","Regular","fa:Regular","LongArrowLeft","[fa:Regular_LongArrowLeft]","fa:Regular_LongArrowLeft:#2D8CFF","Regular LongArrowLeft Regular LongArrowLeft"
"Regular_LongArrowRight","Regular","fa:Regular","LongArrowRight","[fa:Regular_LongArrowRight]","fa:Regular_LongArrowRight:#2D8CFF","Regular LongArrowRight Regular LongArrowRight"
"Regular_LongArrowUp","Regular","fa:Regular","LongArrowUp","[fa:Regular_LongArrowUp]","fa:Regular_LongArrowUp:#2D8CFF","Regular LongArrowUp Regular LongArrowUp"
"Regular_Loveseat","Regular","fa:Regular","Loveseat","[fa:Regular_Loveseat]","fa:Regular_Loveseat:#2D8CFF","Regular Loveseat Regular Loveseat"
"Regular_LowVision","Regular","fa:Regular","LowVision","[fa:Regular_LowVision]","fa:Regular_LowVision:#2D8CFF","Regular LowVision Regular LowVision"
"Regular_Luchador","Regular","fa:Regular","Luchador","[fa:Regular_Luchador]","fa:Regular_Luchador:#2D8CFF","Regular Luchador Regular Luchador"
"Regular_LuggageCart","Regular","fa:Regular","LuggageCart","[fa:Regular_LuggageCart]","fa:Regular_LuggageCart:#2D8CFF","Regular LuggageCart Regular LuggageCart"
"Regular_Lungs","Regular","fa:Regular","Lungs","[fa:Regular_Lungs]","fa:Regular_Lungs:#2D8CFF","Regular Lungs Regular Lungs"
"Regular_LungsVirus","Regular","fa:Regular","LungsVirus","[fa:Regular_LungsVirus]","fa:Regular_LungsVirus:#2D8CFF","Regular LungsVirus Regular LungsVirus"
"Regular_Mace","Regular","fa:Regular","Mace","[fa:Regular_Mace]","fa:Regular_Mace:#2D8CFF","Regular Mace Regular Mace"
"Regular_Magic","Regular","fa:Regular","Magic","[fa:Regular_Magic]","fa:Regular_Magic:#2D8CFF","Regular Magic Regular Magic"
"Regular_Magnet","Regular","fa:Regular","Magnet","[fa:Regular_Magnet]","fa:Regular_Magnet:#2D8CFF","Regular Magnet Regular Magnet"
"Regular_MailBulk","Regular","fa:Regular","MailBulk","[fa:Regular_MailBulk]","fa:Regular_MailBulk:#2D8CFF","Regular MailBulk Regular MailBulk"
"Regular_Mailbox","Regular","fa:Regular","Mailbox","[fa:Regular_Mailbox]","fa:Regular_Mailbox:#2D8CFF","Regular Mailbox Regular Mailbox"
"Regular_Male","Regular","fa:Regular","Male","[fa:Regular_Male]","fa:Regular_Male:#2D8CFF","Regular Male Regular Male"
"Regular_Mandolin","Regular","fa:Regular","Mandolin","[fa:Regular_Mandolin]","fa:Regular_Mandolin:#2D8CFF","Regular Mandolin Regular Mandolin"
"Regular_Map","Regular","fa:Regular","Map","[fa:Regular_Map]","fa:Regular_Map:#2D8CFF","Regular Map Regular Map"
"Regular_MapMarked","Regular","fa:Regular","MapMarked","[fa:Regular_MapMarked]","fa:Regular_MapMarked:#2D8CFF","Regular MapMarked Regular MapMarked"
"Regular_MapMarkedAlt","Regular","fa:Regular","MapMarkedAlt","[fa:Regular_MapMarkedAlt]","fa:Regular_MapMarkedAlt:#2D8CFF","Regular MapMarkedAlt Regular MapMarkedAlt"
"Regular_MapMarker","Regular","fa:Regular","MapMarker","[fa:Regular_MapMarker]","fa:Regular_MapMarker:#2D8CFF","Regular MapMarker Regular MapMarker"
"Regular_MapMarkerAlt","Regular","fa:Regular","MapMarkerAlt","[fa:Regular_MapMarkerAlt]","fa:Regular_MapMarkerAlt:#2D8CFF","Regular MapMarkerAlt Regular MapMarkerAlt"
"Regular_MapMarkerAltSlash","Regular","fa:Regular","MapMarkerAltSlash","[fa:Regular_MapMarkerAltSlash]","fa:Regular_MapMarkerAltSlash:#2D8CFF","Regular MapMarkerAltSlash Regular MapMarkerAltSlash"
"Regular_MapMarkerCheck","Regular","fa:Regular","MapMarkerCheck","[fa:Regular_MapMarkerCheck]","fa:Regular_MapMarkerCheck:#2D8CFF","Regular MapMarkerCheck Regular MapMarkerCheck"
"Regular_MapMarkerEdit","Regular","fa:Regular","MapMarkerEdit","[fa:Regular_MapMarkerEdit]","fa:Regular_MapMarkerEdit:#2D8CFF","Regular MapMarkerEdit Regular MapMarkerEdit"
"Regular_MapMarkerExclamation","Regular","fa:Regular","MapMarkerExclamation","[fa:Regular_MapMarkerExclamation]","fa:Regular_MapMarkerExclamation:#2D8CFF","Regular MapMarkerExclamation Regular MapMarkerExclamation"
"Regular_MapMarkerMinus","Regular","fa:Regular","MapMarkerMinus","[fa:Regular_MapMarkerMinus]","fa:Regular_MapMarkerMinus:#2D8CFF","Regular MapMarkerMinus Regular MapMarkerMinus"
"Regular_MapMarkerPlus","Regular","fa:Regular","MapMarkerPlus","[fa:Regular_MapMarkerPlus]","fa:Regular_MapMarkerPlus:#2D8CFF","Regular MapMarkerPlus Regular MapMarkerPlus"
"Regular_MapMarkerQuestion","Regular","fa:Regular","MapMarkerQuestion","[fa:Regular_MapMarkerQuestion]","fa:Regular_MapMarkerQuestion:#2D8CFF","Regular MapMarkerQuestion Regular MapMarkerQuestion"
"Regular_MapMarkerSlash","Regular","fa:Regular","MapMarkerSlash","[fa:Regular_MapMarkerSlash]","fa:Regular_MapMarkerSlash:#2D8CFF","Regular MapMarkerSlash Regular MapMarkerSlash"
"Regular_MapMarkerSmile","Regular","fa:Regular","MapMarkerSmile","[fa:Regular_MapMarkerSmile]","fa:Regular_MapMarkerSmile:#2D8CFF","Regular MapMarkerSmile Regular MapMarkerSmile"
"Regular_MapMarkerTimes","Regular","fa:Regular","MapMarkerTimes","[fa:Regular_MapMarkerTimes]","fa:Regular_MapMarkerTimes:#2D8CFF","Regular MapMarkerTimes Regular MapMarkerTimes"
"Regular_MapPin","Regular","fa:Regular","MapPin","[fa:Regular_MapPin]","fa:Regular_MapPin:#2D8CFF","Regular MapPin Regular MapPin"
"Regular_MapSigns","Regular","fa:Regular","MapSigns","[fa:Regular_MapSigns]","fa:Regular_MapSigns:#2D8CFF","Regular MapSigns Regular MapSigns"
"Regular_Marker","Regular","fa:Regular","Marker","[fa:Regular_Marker]","fa:Regular_Marker:#2D8CFF","Regular Marker Regular Marker"
"Regular_Mars","Regular","fa:Regular","Mars","[fa:Regular_Mars]","fa:Regular_Mars:#2D8CFF","Regular Mars Regular Mars"
"Regular_MarsDouble","Regular","fa:Regular","MarsDouble","[fa:Regular_MarsDouble]","fa:Regular_MarsDouble:#2D8CFF","Regular MarsDouble Regular MarsDouble"
"Regular_MarsStroke","Regular","fa:Regular","MarsStroke","[fa:Regular_MarsStroke]","fa:Regular_MarsStroke:#2D8CFF","Regular MarsStroke Regular MarsStroke"
"Regular_MarsStrokeH","Regular","fa:Regular","MarsStrokeH","[fa:Regular_MarsStrokeH]","fa:Regular_MarsStrokeH:#2D8CFF","Regular MarsStrokeH Regular MarsStrokeH"
"Regular_MarsStrokeV","Regular","fa:Regular","MarsStrokeV","[fa:Regular_MarsStrokeV]","fa:Regular_MarsStrokeV:#2D8CFF","Regular MarsStrokeV Regular MarsStrokeV"
"Regular_Mask","Regular","fa:Regular","Mask","[fa:Regular_Mask]","fa:Regular_Mask:#2D8CFF","Regular Mask Regular Mask"
"Regular_Meat","Regular","fa:Regular","Meat","[fa:Regular_Meat]","fa:Regular_Meat:#2D8CFF","Regular Meat Regular Meat"
"Regular_Medal","Regular","fa:Regular","Medal","[fa:Regular_Medal]","fa:Regular_Medal:#2D8CFF","Regular Medal Regular Medal"
"Regular_Medkit","Regular","fa:Regular","Medkit","[fa:Regular_Medkit]","fa:Regular_Medkit:#2D8CFF","Regular Medkit Regular Medkit"
"Regular_Megaphone","Regular","fa:Regular","Megaphone","[fa:Regular_Megaphone]","fa:Regular_Megaphone:#2D8CFF","Regular Megaphone Regular Megaphone"
"Regular_Meh","Regular","fa:Regular","Meh","[fa:Regular_Meh]","fa:Regular_Meh:#2D8CFF","Regular Meh Regular Meh"
"Regular_MehBlank","Regular","fa:Regular","MehBlank","[fa:Regular_MehBlank]","fa:Regular_MehBlank:#2D8CFF","Regular MehBlank Regular MehBlank"
"Regular_MehRollingEyes","Regular","fa:Regular","MehRollingEyes","[fa:Regular_MehRollingEyes]","fa:Regular_MehRollingEyes:#2D8CFF","Regular MehRollingEyes Regular MehRollingEyes"
"Regular_Memory","Regular","fa:Regular","Memory","[fa:Regular_Memory]","fa:Regular_Memory:#2D8CFF","Regular Memory Regular Memory"
"Regular_Menorah","Regular","fa:Regular","Menorah","[fa:Regular_Menorah]","fa:Regular_Menorah:#2D8CFF","Regular Menorah Regular Menorah"
"Regular_Mercury","Regular","fa:Regular","Mercury","[fa:Regular_Mercury]","fa:Regular_Mercury:#2D8CFF","Regular Mercury Regular Mercury"
"Regular_Meteor","Regular","fa:Regular","Meteor","[fa:Regular_Meteor]","fa:Regular_Meteor:#2D8CFF","Regular Meteor Regular Meteor"
"Regular_Microchip","Regular","fa:Regular","Microchip","[fa:Regular_Microchip]","fa:Regular_Microchip:#2D8CFF","Regular Microchip Regular Microchip"
"Regular_Microphone","Regular","fa:Regular","Microphone","[fa:Regular_Microphone]","fa:Regular_Microphone:#2D8CFF","Regular Microphone Regular Microphone"
"Regular_MicrophoneAlt","Regular","fa:Regular","MicrophoneAlt","[fa:Regular_MicrophoneAlt]","fa:Regular_MicrophoneAlt:#2D8CFF","Regular MicrophoneAlt Regular MicrophoneAlt"
"Regular_MicrophoneAltSlash","Regular","fa:Regular","MicrophoneAltSlash","[fa:Regular_MicrophoneAltSlash]","fa:Regular_MicrophoneAltSlash:#2D8CFF","Regular MicrophoneAltSlash Regular MicrophoneAltSlash"
"Regular_MicrophoneSlash","Regular","fa:Regular","MicrophoneSlash","[fa:Regular_MicrophoneSlash]","fa:Regular_MicrophoneSlash:#2D8CFF","Regular MicrophoneSlash Regular MicrophoneSlash"
"Regular_MicrophoneStand","Regular","fa:Regular","MicrophoneStand","[fa:Regular_MicrophoneStand]","fa:Regular_MicrophoneStand:#2D8CFF","Regular MicrophoneStand Regular MicrophoneStand"
"Regular_Microscope","Regular","fa:Regular","Microscope","[fa:Regular_Microscope]","fa:Regular_Microscope:#2D8CFF","Regular Microscope Regular Microscope"
"Regular_Microwave","Regular","fa:Regular","Microwave","[fa:Regular_Microwave]","fa:Regular_Microwave:#2D8CFF","Regular Microwave Regular Microwave"
"Regular_MindShare","Regular","fa:Regular","MindShare","[fa:Regular_MindShare]","fa:Regular_MindShare:#2D8CFF","Regular MindShare Regular MindShare"
"Regular_Minus","Regular","fa:Regular","Minus","[fa:Regular_Minus]","fa:Regular_Minus:#2D8CFF","Regular Minus Regular Minus"
"Regular_MinusCircle","Regular","fa:Regular","MinusCircle","[fa:Regular_MinusCircle]","fa:Regular_MinusCircle:#2D8CFF","Regular MinusCircle Regular MinusCircle"
"Regular_MinusHexagon","Regular","fa:Regular","MinusHexagon","[fa:Regular_MinusHexagon]","fa:Regular_MinusHexagon:#2D8CFF","Regular MinusHexagon Regular MinusHexagon"
"Regular_MinusOctagon","Regular","fa:Regular","MinusOctagon","[fa:Regular_MinusOctagon]","fa:Regular_MinusOctagon:#2D8CFF","Regular MinusOctagon Regular MinusOctagon"
"Regular_MinusSquare","Regular","fa:Regular","MinusSquare","[fa:Regular_MinusSquare]","fa:Regular_MinusSquare:#2D8CFF","Regular MinusSquare Regular MinusSquare"
"Regular_Mistletoe","Regular","fa:Regular","Mistletoe","[fa:Regular_Mistletoe]","fa:Regular_Mistletoe:#2D8CFF","Regular Mistletoe Regular Mistletoe"
"Regular_Mitten","Regular","fa:Regular","Mitten","[fa:Regular_Mitten]","fa:Regular_Mitten:#2D8CFF","Regular Mitten Regular Mitten"
"Regular_Mobile","Regular","fa:Regular","Mobile","[fa:Regular_Mobile]","fa:Regular_Mobile:#2D8CFF","Regular Mobile Regular Mobile"
"Regular_MobileAlt","Regular","fa:Regular","MobileAlt","[fa:Regular_MobileAlt]","fa:Regular_MobileAlt:#2D8CFF","Regular MobileAlt Regular MobileAlt"
"Regular_MobileAndroid","Regular","fa:Regular","MobileAndroid","[fa:Regular_MobileAndroid]","fa:Regular_MobileAndroid:#2D8CFF","Regular MobileAndroid Regular MobileAndroid"
"Regular_MobileAndroidAlt","Regular","fa:Regular","MobileAndroidAlt","[fa:Regular_MobileAndroidAlt]","fa:Regular_MobileAndroidAlt:#2D8CFF","Regular MobileAndroidAlt Regular MobileAndroidAlt"
"Regular_MoneyBill","Regular","fa:Regular","MoneyBill","[fa:Regular_MoneyBill]","fa:Regular_MoneyBill:#2D8CFF","Regular MoneyBill Regular MoneyBill"
"Regular_MoneyBillAlt","Regular","fa:Regular","MoneyBillAlt","[fa:Regular_MoneyBillAlt]","fa:Regular_MoneyBillAlt:#2D8CFF","Regular MoneyBillAlt Regular MoneyBillAlt"
"Regular_MoneyBillWave","Regular","fa:Regular","MoneyBillWave","[fa:Regular_MoneyBillWave]","fa:Regular_MoneyBillWave:#2D8CFF","Regular MoneyBillWave Regular MoneyBillWave"
"Regular_MoneyBillWaveAlt","Regular","fa:Regular","MoneyBillWaveAlt","[fa:Regular_MoneyBillWaveAlt]","fa:Regular_MoneyBillWaveAlt:#2D8CFF","Regular MoneyBillWaveAlt Regular MoneyBillWaveAlt"
"Regular_MoneyCheck","Regular","fa:Regular","MoneyCheck","[fa:Regular_MoneyCheck]","fa:Regular_MoneyCheck:#2D8CFF","Regular MoneyCheck Regular MoneyCheck"
"Regular_MoneyCheckAlt","Regular","fa:Regular","MoneyCheckAlt","[fa:Regular_MoneyCheckAlt]","fa:Regular_MoneyCheckAlt:#2D8CFF","Regular MoneyCheckAlt Regular MoneyCheckAlt"
"Regular_MoneyCheckEdit","Regular","fa:Regular","MoneyCheckEdit","[fa:Regular_MoneyCheckEdit]","fa:Regular_MoneyCheckEdit:#2D8CFF","Regular MoneyCheckEdit Regular MoneyCheckEdit"
"Regular_MoneyCheckEditAlt","Regular","fa:Regular","MoneyCheckEditAlt","[fa:Regular_MoneyCheckEditAlt]","fa:Regular_MoneyCheckEditAlt:#2D8CFF","Regular MoneyCheckEditAlt Regular MoneyCheckEditAlt"
"Regular_MonitorHeartRate","Regular","fa:Regular","MonitorHeartRate","[fa:Regular_MonitorHeartRate]","fa:Regular_MonitorHeartRate:#2D8CFF","Regular MonitorHeartRate Regular MonitorHeartRate"
"Regular_Monkey","Regular","fa:Regular","Monkey","[fa:Regular_Monkey]","fa:Regular_Monkey:#2D8CFF","Regular Monkey Regular Monkey"
"Regular_Monument","Regular","fa:Regular","Monument","[fa:Regular_Monument]","fa:Regular_Monument:#2D8CFF","Regular Monument Regular Monument"
"Regular_Moon","Regular","fa:Regular","Moon","[fa:Regular_Moon]","fa:Regular_Moon:#2D8CFF","Regular Moon Regular Moon"
"Regular_MoonCloud","Regular","fa:Regular","MoonCloud","[fa:Regular_MoonCloud]","fa:Regular_MoonCloud:#2D8CFF","Regular MoonCloud Regular MoonCloud"
"Regular_MoonStars","Regular","fa:Regular","MoonStars","[fa:Regular_MoonStars]","fa:Regular_MoonStars:#2D8CFF","Regular MoonStars Regular MoonStars"
"Regular_MortarPestle","Regular","fa:Regular","MortarPestle","[fa:Regular_MortarPestle]","fa:Regular_MortarPestle:#2D8CFF","Regular MortarPestle Regular MortarPestle"
"Regular_Mosque","Regular","fa:Regular","Mosque","[fa:Regular_Mosque]","fa:Regular_Mosque:#2D8CFF","Regular Mosque Regular Mosque"
"Regular_Motorcycle","Regular","fa:Regular","Motorcycle","[fa:Regular_Motorcycle]","fa:Regular_Motorcycle:#2D8CFF","Regular Motorcycle Regular Motorcycle"
"Regular_Mountain","Regular","fa:Regular","Mountain","[fa:Regular_Mountain]","fa:Regular_Mountain:#2D8CFF","Regular Mountain Regular Mountain"
"Regular_Mountains","Regular","fa:Regular","Mountains","[fa:Regular_Mountains]","fa:Regular_Mountains:#2D8CFF","Regular Mountains Regular Mountains"
"Regular_Mouse","Regular","fa:Regular","Mouse","[fa:Regular_Mouse]","fa:Regular_Mouse:#2D8CFF","Regular Mouse Regular Mouse"
"Regular_MouseAlt","Regular","fa:Regular","MouseAlt","[fa:Regular_MouseAlt]","fa:Regular_MouseAlt:#2D8CFF","Regular MouseAlt Regular MouseAlt"
"Regular_MousePointer","Regular","fa:Regular","MousePointer","[fa:Regular_MousePointer]","fa:Regular_MousePointer:#2D8CFF","Regular MousePointer Regular MousePointer"
"Regular_Mp3Player","Regular","fa:Regular","Mp3Player","[fa:Regular_Mp3Player]","fa:Regular_Mp3Player:#2D8CFF","Regular Mp3Player Regular Mp3Player"
"Regular_Mug","Regular","fa:Regular","Mug","[fa:Regular_Mug]","fa:Regular_Mug:#2D8CFF","Regular Mug Regular Mug"
"Regular_MugHot","Regular","fa:Regular","MugHot","[fa:Regular_MugHot]","fa:Regular_MugHot:#2D8CFF","Regular MugHot Regular MugHot"
"Regular_MugMarshmallows","Regular","fa:Regular","MugMarshmallows","[fa:Regular_MugMarshmallows]","fa:Regular_MugMarshmallows:#2D8CFF","Regular MugMarshmallows Regular MugMarshmallows"
"Regular_MugTea","Regular","fa:Regular","MugTea","[fa:Regular_MugTea]","fa:Regular_MugTea:#2D8CFF","Regular MugTea Regular MugTea"
"Regular_Music","Regular","fa:Regular","Music","[fa:Regular_Music]","fa:Regular_Music:#2D8CFF","Regular Music Regular Music"
"Regular_MusicAlt","Regular","fa:Regular","MusicAlt","[fa:Regular_MusicAlt]","fa:Regular_MusicAlt:#2D8CFF","Regular MusicAlt Regular MusicAlt"
"Regular_MusicAltSlash","Regular","fa:Regular","MusicAltSlash","[fa:Regular_MusicAltSlash]","fa:Regular_MusicAltSlash:#2D8CFF","Regular MusicAltSlash Regular MusicAltSlash"
"Regular_MusicSlash","Regular","fa:Regular","MusicSlash","[fa:Regular_MusicSlash]","fa:Regular_MusicSlash:#2D8CFF","Regular MusicSlash Regular MusicSlash"
"Regular_Narwhal","Regular","fa:Regular","Narwhal","[fa:Regular_Narwhal]","fa:Regular_Narwhal:#2D8CFF","Regular Narwhal Regular Narwhal"
"Regular_NetworkWired","Regular","fa:Regular","NetworkWired","[fa:Regular_NetworkWired]","fa:Regular_NetworkWired:#2D8CFF","Regular NetworkWired Regular NetworkWired"
"Regular_Neuter","Regular","fa:Regular","Neuter","[fa:Regular_Neuter]","fa:Regular_Neuter:#2D8CFF","Regular Neuter Regular Neuter"
"Regular_Newspaper","Regular","fa:Regular","Newspaper","[fa:Regular_Newspaper]","fa:Regular_Newspaper:#2D8CFF","Regular Newspaper Regular Newspaper"
"Regular_NotEqual","Regular","fa:Regular","NotEqual","[fa:Regular_NotEqual]","fa:Regular_NotEqual:#2D8CFF","Regular NotEqual Regular NotEqual"
"Regular_NotesMedical","Regular","fa:Regular","NotesMedical","[fa:Regular_NotesMedical]","fa:Regular_NotesMedical:#2D8CFF","Regular NotesMedical Regular NotesMedical"
"Regular_ObjectGroup","Regular","fa:Regular","ObjectGroup","[fa:Regular_ObjectGroup]","fa:Regular_ObjectGroup:#2D8CFF","Regular ObjectGroup Regular ObjectGroup"
"Regular_ObjectUngroup","Regular","fa:Regular","ObjectUngroup","[fa:Regular_ObjectUngroup]","fa:Regular_ObjectUngroup:#2D8CFF","Regular ObjectUngroup Regular ObjectUngroup"
"Regular_Octagon","Regular","fa:Regular","Octagon","[fa:Regular_Octagon]","fa:Regular_Octagon:#2D8CFF","Regular Octagon Regular Octagon"
"Regular_OilCan","Regular","fa:Regular","OilCan","[fa:Regular_OilCan]","fa:Regular_OilCan:#2D8CFF","Regular OilCan Regular OilCan"
"Regular_OilTemp","Regular","fa:Regular","OilTemp","[fa:Regular_OilTemp]","fa:Regular_OilTemp:#2D8CFF","Regular OilTemp Regular OilTemp"
"Regular_Om","Regular","fa:Regular","Om","[fa:Regular_Om]","fa:Regular_Om:#2D8CFF","Regular Om Regular Om"
"Regular_Omega","Regular","fa:Regular","Omega","[fa:Regular_Omega]","fa:Regular_Omega:#2D8CFF","Regular Omega Regular Omega"
"Regular_Ornament","Regular","fa:Regular","Ornament","[fa:Regular_Ornament]","fa:Regular_Ornament:#2D8CFF","Regular Ornament Regular Ornament"
"Regular_Otter","Regular","fa:Regular","Otter","[fa:Regular_Otter]","fa:Regular_Otter:#2D8CFF","Regular Otter Regular Otter"
"Regular_Outdent","Regular","fa:Regular","Outdent","[fa:Regular_Outdent]","fa:Regular_Outdent:#2D8CFF","Regular Outdent Regular Outdent"
"Regular_Outlet","Regular","fa:Regular","Outlet","[fa:Regular_Outlet]","fa:Regular_Outlet:#2D8CFF","Regular Outlet Regular Outlet"
"Regular_Oven","Regular","fa:Regular","Oven","[fa:Regular_Oven]","fa:Regular_Oven:#2D8CFF","Regular Oven Regular Oven"
"Regular_Overline","Regular","fa:Regular","Overline","[fa:Regular_Overline]","fa:Regular_Overline:#2D8CFF","Regular Overline Regular Overline"
"Regular_PageBreak","Regular","fa:Regular","PageBreak","[fa:Regular_PageBreak]","fa:Regular_PageBreak:#2D8CFF","Regular PageBreak Regular PageBreak"
"Regular_Pager","Regular","fa:Regular","Pager","[fa:Regular_Pager]","fa:Regular_Pager:#2D8CFF","Regular Pager Regular Pager"
"Regular_PaintBrush","Regular","fa:Regular","PaintBrush","[fa:Regular_PaintBrush]","fa:Regular_PaintBrush:#2D8CFF","Regular PaintBrush Regular PaintBrush"
"Regular_PaintBrushAlt","Regular","fa:Regular","PaintBrushAlt","[fa:Regular_PaintBrushAlt]","fa:Regular_PaintBrushAlt:#2D8CFF","Regular PaintBrushAlt Regular PaintBrushAlt"
"Regular_PaintRoller","Regular","fa:Regular","PaintRoller","[fa:Regular_PaintRoller]","fa:Regular_PaintRoller:#2D8CFF","Regular PaintRoller Regular PaintRoller"
"Regular_Palette","Regular","fa:Regular","Palette","[fa:Regular_Palette]","fa:Regular_Palette:#2D8CFF","Regular Palette Regular Palette"
"Regular_Pallet","Regular","fa:Regular","Pallet","[fa:Regular_Pallet]","fa:Regular_Pallet:#2D8CFF","Regular Pallet Regular Pallet"
"Regular_PalletAlt","Regular","fa:Regular","PalletAlt","[fa:Regular_PalletAlt]","fa:Regular_PalletAlt:#2D8CFF","Regular PalletAlt Regular PalletAlt"
"Regular_PaperPlane","Regular","fa:Regular","PaperPlane","[fa:Regular_PaperPlane]","fa:Regular_PaperPlane:#2D8CFF","Regular PaperPlane Regular PaperPlane"
"Regular_Paperclip","Regular","fa:Regular","Paperclip","[fa:Regular_Paperclip]","fa:Regular_Paperclip:#2D8CFF","Regular Paperclip Regular Paperclip"
"Regular_ParachuteBox","Regular","fa:Regular","ParachuteBox","[fa:Regular_ParachuteBox]","fa:Regular_ParachuteBox:#2D8CFF","Regular ParachuteBox Regular ParachuteBox"
"Regular_Paragraph","Regular","fa:Regular","Paragraph","[fa:Regular_Paragraph]","fa:Regular_Paragraph:#2D8CFF","Regular Paragraph Regular Paragraph"
"Regular_ParagraphRtl","Regular","fa:Regular","ParagraphRtl","[fa:Regular_ParagraphRtl]","fa:Regular_ParagraphRtl:#2D8CFF","Regular ParagraphRtl Regular ParagraphRtl"
"Regular_Parking","Regular","fa:Regular","Parking","[fa:Regular_Parking]","fa:Regular_Parking:#2D8CFF","Regular Parking Regular Parking"
"Regular_ParkingCircle","Regular","fa:Regular","ParkingCircle","[fa:Regular_ParkingCircle]","fa:Regular_ParkingCircle:#2D8CFF","Regular ParkingCircle Regular ParkingCircle"
"Regular_ParkingCircleSlash","Regular","fa:Regular","ParkingCircleSlash","[fa:Regular_ParkingCircleSlash]","fa:Regular_ParkingCircleSlash:#2D8CFF","Regular ParkingCircleSlash Regular ParkingCircleSlash"
"Regular_ParkingSlash","Regular","fa:Regular","ParkingSlash","[fa:Regular_ParkingSlash]","fa:Regular_ParkingSlash:#2D8CFF","Regular ParkingSlash Regular ParkingSlash"
"Regular_Passport","Regular","fa:Regular","Passport","[fa:Regular_Passport]","fa:Regular_Passport:#2D8CFF","Regular Passport Regular Passport"
"Regular_Pastafarianism","Regular","fa:Regular","Pastafarianism","[fa:Regular_Pastafarianism]","fa:Regular_Pastafarianism:#2D8CFF","Regular Pastafarianism Regular Pastafarianism"
"Regular_Paste","Regular","fa:Regular","Paste","[fa:Regular_Paste]","fa:Regular_Paste:#2D8CFF","Regular Paste Regular Paste"
"Regular_Pause","Regular","fa:Regular","Pause","[fa:Regular_Pause]","fa:Regular_Pause:#2D8CFF","Regular Pause Regular Pause"
"Regular_PauseCircle","Regular","fa:Regular","PauseCircle","[fa:Regular_PauseCircle]","fa:Regular_PauseCircle:#2D8CFF","Regular PauseCircle Regular PauseCircle"
"Regular_Paw","Regular","fa:Regular","Paw","[fa:Regular_Paw]","fa:Regular_Paw:#2D8CFF","Regular Paw Regular Paw"
"Regular_PawAlt","Regular","fa:Regular","PawAlt","[fa:Regular_PawAlt]","fa:Regular_PawAlt:#2D8CFF","Regular PawAlt Regular PawAlt"
"Regular_PawClaws","Regular","fa:Regular","PawClaws","[fa:Regular_PawClaws]","fa:Regular_PawClaws:#2D8CFF","Regular PawClaws Regular PawClaws"
"Regular_Peace","Regular","fa:Regular","Peace","[fa:Regular_Peace]","fa:Regular_Peace:#2D8CFF","Regular Peace Regular Peace"
"Regular_Pegasus","Regular","fa:Regular","Pegasus","[fa:Regular_Pegasus]","fa:Regular_Pegasus:#2D8CFF","Regular Pegasus Regular Pegasus"
"Regular_Pen","Regular","fa:Regular","Pen","[fa:Regular_Pen]","fa:Regular_Pen:#2D8CFF","Regular Pen Regular Pen"
"Regular_PenAlt","Regular","fa:Regular","PenAlt","[fa:Regular_PenAlt]","fa:Regular_PenAlt:#2D8CFF","Regular PenAlt Regular PenAlt"
"Regular_PenFancy","Regular","fa:Regular","PenFancy","[fa:Regular_PenFancy]","fa:Regular_PenFancy:#2D8CFF","Regular PenFancy Regular PenFancy"
"Regular_PenNib","Regular","fa:Regular","PenNib","[fa:Regular_PenNib]","fa:Regular_PenNib:#2D8CFF","Regular PenNib Regular PenNib"
"Regular_PenSquare","Regular","fa:Regular","PenSquare","[fa:Regular_PenSquare]","fa:Regular_PenSquare:#2D8CFF","Regular PenSquare Regular PenSquare"
"Regular_Pencil","Regular","fa:Regular","Pencil","[fa:Regular_Pencil]","fa:Regular_Pencil:#2D8CFF","Regular Pencil Regular Pencil"
"Regular_PencilAlt","Regular","fa:Regular","PencilAlt","[fa:Regular_PencilAlt]","fa:Regular_PencilAlt:#2D8CFF","Regular PencilAlt Regular PencilAlt"
"Regular_PencilPaintbrush","Regular","fa:Regular","PencilPaintbrush","[fa:Regular_PencilPaintbrush]","fa:Regular_PencilPaintbrush:#2D8CFF","Regular PencilPaintbrush Regular PencilPaintbrush"
"Regular_PencilRuler","Regular","fa:Regular","PencilRuler","[fa:Regular_PencilRuler]","fa:Regular_PencilRuler:#2D8CFF","Regular PencilRuler Regular PencilRuler"
"Regular_Pennant","Regular","fa:Regular","Pennant","[fa:Regular_Pennant]","fa:Regular_Pennant:#2D8CFF","Regular Pennant Regular Pennant"
"Regular_PeopleArrows","Regular","fa:Regular","PeopleArrows","[fa:Regular_PeopleArrows]","fa:Regular_PeopleArrows:#2D8CFF","Regular PeopleArrows Regular PeopleArrows"
"Regular_PeopleCarry","Regular","fa:Regular","PeopleCarry","[fa:Regular_PeopleCarry]","fa:Regular_PeopleCarry:#2D8CFF","Regular PeopleCarry Regular PeopleCarry"
"Regular_PepperHot","Regular","fa:Regular","PepperHot","[fa:Regular_PepperHot]","fa:Regular_PepperHot:#2D8CFF","Regular PepperHot Regular PepperHot"
"Regular_Percent","Regular","fa:Regular","Percent","[fa:Regular_Percent]","fa:Regular_Percent:#2D8CFF","Regular Percent Regular Percent"
"Regular_Percentage","Regular","fa:Regular","Percentage","[fa:Regular_Percentage]","fa:Regular_Percentage:#2D8CFF","Regular Percentage Regular Percentage"
"Regular_PersonBooth","Regular","fa:Regular","PersonBooth","[fa:Regular_PersonBooth]","fa:Regular_PersonBooth:#2D8CFF","Regular PersonBooth Regular PersonBooth"
"Regular_PersonCarry","Regular","fa:Regular","PersonCarry","[fa:Regular_PersonCarry]","fa:Regular_PersonCarry:#2D8CFF","Regular PersonCarry Regular PersonCarry"
"Regular_PersonDolly","Regular","fa:Regular","PersonDolly","[fa:Regular_PersonDolly]","fa:Regular_PersonDolly:#2D8CFF","Regular PersonDolly Regular PersonDolly"
"Regular_PersonDollyEmpty","Regular","fa:Regular","PersonDollyEmpty","[fa:Regular_PersonDollyEmpty]","fa:Regular_PersonDollyEmpty:#2D8CFF","Regular PersonDollyEmpty Regular PersonDollyEmpty"
"Regular_PersonSign","Regular","fa:Regular","PersonSign","[fa:Regular_PersonSign]","fa:Regular_PersonSign:#2D8CFF","Regular PersonSign Regular PersonSign"
"Regular_Phone","Regular","fa:Regular","Phone","[fa:Regular_Phone]","fa:Regular_Phone:#2D8CFF","Regular Phone Regular Phone"
"Regular_PhoneAlt","Regular","fa:Regular","PhoneAlt","[fa:Regular_PhoneAlt]","fa:Regular_PhoneAlt:#2D8CFF","Regular PhoneAlt Regular PhoneAlt"
"Regular_PhoneLaptop","Regular","fa:Regular","PhoneLaptop","[fa:Regular_PhoneLaptop]","fa:Regular_PhoneLaptop:#2D8CFF","Regular PhoneLaptop Regular PhoneLaptop"
"Regular_PhoneOffice","Regular","fa:Regular","PhoneOffice","[fa:Regular_PhoneOffice]","fa:Regular_PhoneOffice:#2D8CFF","Regular PhoneOffice Regular PhoneOffice"
"Regular_PhonePlus","Regular","fa:Regular","PhonePlus","[fa:Regular_PhonePlus]","fa:Regular_PhonePlus:#2D8CFF","Regular PhonePlus Regular PhonePlus"
"Regular_PhoneRotary","Regular","fa:Regular","PhoneRotary","[fa:Regular_PhoneRotary]","fa:Regular_PhoneRotary:#2D8CFF","Regular PhoneRotary Regular PhoneRotary"
"Regular_PhoneSlash","Regular","fa:Regular","PhoneSlash","[fa:Regular_PhoneSlash]","fa:Regular_PhoneSlash:#2D8CFF","Regular PhoneSlash Regular PhoneSlash"
"Regular_PhoneSquare","Regular","fa:Regular","PhoneSquare","[fa:Regular_PhoneSquare]","fa:Regular_PhoneSquare:#2D8CFF","Regular PhoneSquare Regular PhoneSquare"
"Regular_PhoneSquareAlt","Regular","fa:Regular","PhoneSquareAlt","[fa:Regular_PhoneSquareAlt]","fa:Regular_PhoneSquareAlt:#2D8CFF","Regular PhoneSquareAlt Regular PhoneSquareAlt"
"Regular_PhoneVolume","Regular","fa:Regular","PhoneVolume","[fa:Regular_PhoneVolume]","fa:Regular_PhoneVolume:#2D8CFF","Regular PhoneVolume Regular PhoneVolume"
"Regular_PhotoVideo","Regular","fa:Regular","PhotoVideo","[fa:Regular_PhotoVideo]","fa:Regular_PhotoVideo:#2D8CFF","Regular PhotoVideo Regular PhotoVideo"
"Regular_Pi","Regular","fa:Regular","Pi","[fa:Regular_Pi]","fa:Regular_Pi:#2D8CFF","Regular Pi Regular Pi"
"Regular_Piano","Regular","fa:Regular","Piano","[fa:Regular_Piano]","fa:Regular_Piano:#2D8CFF","Regular Piano Regular Piano"
"Regular_PianoKeyboard","Regular","fa:Regular","PianoKeyboard","[fa:Regular_PianoKeyboard]","fa:Regular_PianoKeyboard:#2D8CFF","Regular PianoKeyboard Regular PianoKeyboard"
"Regular_Pie","Regular","fa:Regular","Pie","[fa:Regular_Pie]","fa:Regular_Pie:#2D8CFF","Regular Pie Regular Pie"
"Regular_Pig","Regular","fa:Regular","Pig","[fa:Regular_Pig]","fa:Regular_Pig:#2D8CFF","Regular Pig Regular Pig"
"Regular_PiggyBank","Regular","fa:Regular","PiggyBank","[fa:Regular_PiggyBank]","fa:Regular_PiggyBank:#2D8CFF","Regular PiggyBank Regular PiggyBank"
"Regular_Pills","Regular","fa:Regular","Pills","[fa:Regular_Pills]","fa:Regular_Pills:#2D8CFF","Regular Pills Regular Pills"
"Regular_Pizza","Regular","fa:Regular","Pizza","[fa:Regular_Pizza]","fa:Regular_Pizza:#2D8CFF","Regular Pizza Regular Pizza"
"Regular_PizzaSlice","Regular","fa:Regular","PizzaSlice","[fa:Regular_PizzaSlice]","fa:Regular_PizzaSlice:#2D8CFF","Regular PizzaSlice Regular PizzaSlice"
"Regular_PlaceOfWorship","Regular","fa:Regular","PlaceOfWorship","[fa:Regular_PlaceOfWorship]","fa:Regular_PlaceOfWorship:#2D8CFF","Regular PlaceOfWorship Regular PlaceOfWorship"
"Regular_Plane","Regular","fa:Regular","Plane","[fa:Regular_Plane]","fa:Regular_Plane:#2D8CFF","Regular Plane Regular Plane"
"Regular_PlaneAlt","Regular","fa:Regular","PlaneAlt","[fa:Regular_PlaneAlt]","fa:Regular_PlaneAlt:#2D8CFF","Regular PlaneAlt Regular PlaneAlt"
"Regular_PlaneArrival","Regular","fa:Regular","PlaneArrival","[fa:Regular_PlaneArrival]","fa:Regular_PlaneArrival:#2D8CFF","Regular PlaneArrival Regular PlaneArrival"
"Regular_PlaneDeparture","Regular","fa:Regular","PlaneDeparture","[fa:Regular_PlaneDeparture]","fa:Regular_PlaneDeparture:#2D8CFF","Regular PlaneDeparture Regular PlaneDeparture"
"Regular_PlaneSlash","Regular","fa:Regular","PlaneSlash","[fa:Regular_PlaneSlash]","fa:Regular_PlaneSlash:#2D8CFF","Regular PlaneSlash Regular PlaneSlash"
"Regular_PlanetMoon","Regular","fa:Regular","PlanetMoon","[fa:Regular_PlanetMoon]","fa:Regular_PlanetMoon:#2D8CFF","Regular PlanetMoon Regular PlanetMoon"
"Regular_PlanetRinged","Regular","fa:Regular","PlanetRinged","[fa:Regular_PlanetRinged]","fa:Regular_PlanetRinged:#2D8CFF","Regular PlanetRinged Regular PlanetRinged"
"Regular_Play","Regular","fa:Regular","Play","[fa:Regular_Play]","fa:Regular_Play:#2D8CFF","Regular Play Regular Play"
"Regular_PlayCircle","Regular","fa:Regular","PlayCircle","[fa:Regular_PlayCircle]","fa:Regular_PlayCircle:#2D8CFF","Regular PlayCircle Regular PlayCircle"
"Regular_Plug","Regular","fa:Regular","Plug","[fa:Regular_Plug]","fa:Regular_Plug:#2D8CFF","Regular Plug Regular Plug"
"Regular_Plus","Regular","fa:Regular","Plus","[fa:Regular_Plus]","fa:Regular_Plus:#2D8CFF","Regular Plus Regular Plus"
"Regular_PlusCircle","Regular","fa:Regular","PlusCircle","[fa:Regular_PlusCircle]","fa:Regular_PlusCircle:#2D8CFF","Regular PlusCircle Regular PlusCircle"
"Regular_PlusHexagon","Regular","fa:Regular","PlusHexagon","[fa:Regular_PlusHexagon]","fa:Regular_PlusHexagon:#2D8CFF","Regular PlusHexagon Regular PlusHexagon"
"Regular_PlusOctagon","Regular","fa:Regular","PlusOctagon","[fa:Regular_PlusOctagon]","fa:Regular_PlusOctagon:#2D8CFF","Regular PlusOctagon Regular PlusOctagon"
"Regular_PlusSquare","Regular","fa:Regular","PlusSquare","[fa:Regular_PlusSquare]","fa:Regular_PlusSquare:#2D8CFF","Regular PlusSquare Regular PlusSquare"
"Regular_Podcast","Regular","fa:Regular","Podcast","[fa:Regular_Podcast]","fa:Regular_Podcast:#2D8CFF","Regular Podcast Regular Podcast"
"Regular_Podium","Regular","fa:Regular","Podium","[fa:Regular_Podium]","fa:Regular_Podium:#2D8CFF","Regular Podium Regular Podium"
"Regular_PodiumStar","Regular","fa:Regular","PodiumStar","[fa:Regular_PodiumStar]","fa:Regular_PodiumStar:#2D8CFF","Regular PodiumStar Regular PodiumStar"
"Regular_PoliceBox","Regular","fa:Regular","PoliceBox","[fa:Regular_PoliceBox]","fa:Regular_PoliceBox:#2D8CFF","Regular PoliceBox Regular PoliceBox"
"Regular_Poll","Regular","fa:Regular","Poll","[fa:Regular_Poll]","fa:Regular_Poll:#2D8CFF","Regular Poll Regular Poll"
"Regular_PollH","Regular","fa:Regular","PollH","[fa:Regular_PollH]","fa:Regular_PollH:#2D8CFF","Regular PollH Regular PollH"
"Regular_PollPeople","Regular","fa:Regular","PollPeople","[fa:Regular_PollPeople]","fa:Regular_PollPeople:#2D8CFF","Regular PollPeople Regular PollPeople"
"Regular_Poo","Regular","fa:Regular","Poo","[fa:Regular_Poo]","fa:Regular_Poo:#2D8CFF","Regular Poo Regular Poo"
"Regular_PooStorm","Regular","fa:Regular","PooStorm","[fa:Regular_PooStorm]","fa:Regular_PooStorm:#2D8CFF","Regular PooStorm Regular PooStorm"
"Regular_Poop","Regular","fa:Regular","Poop","[fa:Regular_Poop]","fa:Regular_Poop:#2D8CFF","Regular Poop Regular Poop"
"Regular_Popcorn","Regular","fa:Regular","Popcorn","[fa:Regular_Popcorn]","fa:Regular_Popcorn:#2D8CFF","Regular Popcorn Regular Popcorn"
"Regular_PortalEnter","Regular","fa:Regular","PortalEnter","[fa:Regular_PortalEnter]","fa:Regular_PortalEnter:#2D8CFF","Regular PortalEnter Regular PortalEnter"
"Regular_PortalExit","Regular","fa:Regular","PortalExit","[fa:Regular_PortalExit]","fa:Regular_PortalExit:#2D8CFF","Regular PortalExit Regular PortalExit"
"Regular_Portrait","Regular","fa:Regular","Portrait","[fa:Regular_Portrait]","fa:Regular_Portrait:#2D8CFF","Regular Portrait Regular Portrait"
"Regular_PoundSign","Regular","fa:Regular","PoundSign","[fa:Regular_PoundSign]","fa:Regular_PoundSign:#2D8CFF","Regular PoundSign Regular PoundSign"
"Regular_PowerOff","Regular","fa:Regular","PowerOff","[fa:Regular_PowerOff]","fa:Regular_PowerOff:#2D8CFF","Regular PowerOff Regular PowerOff"
"Regular_Pray","Regular","fa:Regular","Pray","[fa:Regular_Pray]","fa:Regular_Pray:#2D8CFF","Regular Pray Regular Pray"
"Regular_PrayingHands","Regular","fa:Regular","PrayingHands","[fa:Regular_PrayingHands]","fa:Regular_PrayingHands:#2D8CFF","Regular PrayingHands Regular PrayingHands"
"Regular_Prescription","Regular","fa:Regular","Prescription","[fa:Regular_Prescription]","fa:Regular_Prescription:#2D8CFF","Regular Prescription Regular Prescription"
"Regular_PrescriptionBottle","Regular","fa:Regular","PrescriptionBottle","[fa:Regular_PrescriptionBottle]","fa:Regular_PrescriptionBottle:#2D8CFF","Regular PrescriptionBottle Regular PrescriptionBottle"
"Regular_PrescriptionBottleAlt","Regular","fa:Regular","PrescriptionBottleAlt","[fa:Regular_PrescriptionBottleAlt]","fa:Regular_PrescriptionBottleAlt:#2D8CFF","Regular PrescriptionBottleAlt Regular PrescriptionBottleAlt"
"Regular_Presentation","Regular","fa:Regular","Presentation","[fa:Regular_Presentation]","fa:Regular_Presentation:#2D8CFF","Regular Presentation Regular Presentation"
"Regular_Print","Regular","fa:Regular","Print","[fa:Regular_Print]","fa:Regular_Print:#2D8CFF","Regular Print Regular Print"
"Regular_PrintSearch","Regular","fa:Regular","PrintSearch","[fa:Regular_PrintSearch]","fa:Regular_PrintSearch:#2D8CFF","Regular PrintSearch Regular PrintSearch"
"Regular_PrintSlash","Regular","fa:Regular","PrintSlash","[fa:Regular_PrintSlash]","fa:Regular_PrintSlash:#2D8CFF","Regular PrintSlash Regular PrintSlash"
"Regular_Procedures","Regular","fa:Regular","Procedures","[fa:Regular_Procedures]","fa:Regular_Procedures:#2D8CFF","Regular Procedures Regular Procedures"
"Regular_ProjectDiagram","Regular","fa:Regular","ProjectDiagram","[fa:Regular_ProjectDiagram]","fa:Regular_ProjectDiagram:#2D8CFF","Regular ProjectDiagram Regular ProjectDiagram"
"Regular_Projector","Regular","fa:Regular","Projector","[fa:Regular_Projector]","fa:Regular_Projector:#2D8CFF","Regular Projector Regular Projector"
"Regular_PumpMedical","Regular","fa:Regular","PumpMedical","[fa:Regular_PumpMedical]","fa:Regular_PumpMedical:#2D8CFF","Regular PumpMedical Regular PumpMedical"
"Regular_PumpSoap","Regular","fa:Regular","PumpSoap","[fa:Regular_PumpSoap]","fa:Regular_PumpSoap:#2D8CFF","Regular PumpSoap Regular PumpSoap"
"Regular_Pumpkin","Regular","fa:Regular","Pumpkin","[fa:Regular_Pumpkin]","fa:Regular_Pumpkin:#2D8CFF","Regular Pumpkin Regular Pumpkin"
"Regular_PuzzlePiece","Regular","fa:Regular","PuzzlePiece","[fa:Regular_PuzzlePiece]","fa:Regular_PuzzlePiece:#2D8CFF","Regular PuzzlePiece Regular PuzzlePiece"
"Regular_Qrcode","Regular","fa:Regular","Qrcode","[fa:Regular_Qrcode]","fa:Regular_Qrcode:#2D8CFF","Regular Qrcode Regular Qrcode"
"Regular_Question","Regular","fa:Regular","Question","[fa:Regular_Question]","fa:Regular_Question:#2D8CFF","Regular Question Regular Question"
"Regular_QuestionCircle","Regular","fa:Regular","QuestionCircle","[fa:Regular_QuestionCircle]","fa:Regular_QuestionCircle:#2D8CFF","Regular QuestionCircle Regular QuestionCircle"
"Regular_QuestionSquare","Regular","fa:Regular","QuestionSquare","[fa:Regular_QuestionSquare]","fa:Regular_QuestionSquare:#2D8CFF","Regular QuestionSquare Regular QuestionSquare"
"Regular_Quidditch","Regular","fa:Regular","Quidditch","[fa:Regular_Quidditch]","fa:Regular_Quidditch:#2D8CFF","Regular Quidditch Regular Quidditch"
"Regular_QuoteLeft","Regular","fa:Regular","QuoteLeft","[fa:Regular_QuoteLeft]","fa:Regular_QuoteLeft:#2D8CFF","Regular QuoteLeft Regular QuoteLeft"
"Regular_QuoteRight","Regular","fa:Regular","QuoteRight","[fa:Regular_QuoteRight]","fa:Regular_QuoteRight:#2D8CFF","Regular QuoteRight Regular QuoteRight"
"Regular_Quran","Regular","fa:Regular","Quran","[fa:Regular_Quran]","fa:Regular_Quran:#2D8CFF","Regular Quran Regular Quran"
"Regular_Rabbit","Regular","fa:Regular","Rabbit","[fa:Regular_Rabbit]","fa:Regular_Rabbit:#2D8CFF","Regular Rabbit Regular Rabbit"
"Regular_RabbitFast","Regular","fa:Regular","RabbitFast","[fa:Regular_RabbitFast]","fa:Regular_RabbitFast:#2D8CFF","Regular RabbitFast Regular RabbitFast"
"Regular_Racquet","Regular","fa:Regular","Racquet","[fa:Regular_Racquet]","fa:Regular_Racquet:#2D8CFF","Regular Racquet Regular Racquet"
"Regular_Radar","Regular","fa:Regular","Radar","[fa:Regular_Radar]","fa:Regular_Radar:#2D8CFF","Regular Radar Regular Radar"
"Regular_Radiation","Regular","fa:Regular","Radiation","[fa:Regular_Radiation]","fa:Regular_Radiation:#2D8CFF","Regular Radiation Regular Radiation"
"Regular_RadiationAlt","Regular","fa:Regular","RadiationAlt","[fa:Regular_RadiationAlt]","fa:Regular_RadiationAlt:#2D8CFF","Regular RadiationAlt Regular RadiationAlt"
"Regular_Radio","Regular","fa:Regular","Radio","[fa:Regular_Radio]","fa:Regular_Radio:#2D8CFF","Regular Radio Regular Radio"
"Regular_RadioAlt","Regular","fa:Regular","RadioAlt","[fa:Regular_RadioAlt]","fa:Regular_RadioAlt:#2D8CFF","Regular RadioAlt Regular RadioAlt"
"Regular_Rainbow","Regular","fa:Regular","Rainbow","[fa:Regular_Rainbow]","fa:Regular_Rainbow:#2D8CFF","Regular Rainbow Regular Rainbow"
"Regular_Raindrops","Regular","fa:Regular","Raindrops","[fa:Regular_Raindrops]","fa:Regular_Raindrops:#2D8CFF","Regular Raindrops Regular Raindrops"
"Regular_Ram","Regular","fa:Regular","Ram","[fa:Regular_Ram]","fa:Regular_Ram:#2D8CFF","Regular Ram Regular Ram"
"Regular_RampLoading","Regular","fa:Regular","RampLoading","[fa:Regular_RampLoading]","fa:Regular_RampLoading:#2D8CFF","Regular RampLoading Regular RampLoading"
"Regular_Random","Regular","fa:Regular","Random","[fa:Regular_Random]","fa:Regular_Random:#2D8CFF","Regular Random Regular Random"
"Regular_Raygun","Regular","fa:Regular","Raygun","[fa:Regular_Raygun]","fa:Regular_Raygun:#2D8CFF","Regular Raygun Regular Raygun"
"Regular_Receipt","Regular","fa:Regular","Receipt","[fa:Regular_Receipt]","fa:Regular_Receipt:#2D8CFF","Regular Receipt Regular Receipt"
"Regular_RecordVinyl","Regular","fa:Regular","RecordVinyl","[fa:Regular_RecordVinyl]","fa:Regular_RecordVinyl:#2D8CFF","Regular RecordVinyl Regular RecordVinyl"
"Regular_RectangleLandscape","Regular","fa:Regular","RectangleLandscape","[fa:Regular_RectangleLandscape]","fa:Regular_RectangleLandscape:#2D8CFF","Regular RectangleLandscape Regular RectangleLandscape"
"Regular_RectanglePortrait","Regular","fa:Regular","RectanglePortrait","[fa:Regular_RectanglePortrait]","fa:Regular_RectanglePortrait:#2D8CFF","Regular RectanglePortrait Regular RectanglePortrait"
"Regular_RectangleWide","Regular","fa:Regular","RectangleWide","[fa:Regular_RectangleWide]","fa:Regular_RectangleWide:#2D8CFF","Regular RectangleWide Regular RectangleWide"
"Regular_Recycle","Regular","fa:Regular","Recycle","[fa:Regular_Recycle]","fa:Regular_Recycle:#2D8CFF","Regular Recycle Regular Recycle"
"Regular_Redo","Regular","fa:Regular","Redo","[fa:Regular_Redo]","fa:Regular_Redo:#2D8CFF","Regular Redo Regular Redo"
"Regular_RedoAlt","Regular","fa:Regular","RedoAlt","[fa:Regular_RedoAlt]","fa:Regular_RedoAlt:#2D8CFF","Regular RedoAlt Regular RedoAlt"
"Regular_Refrigerator","Regular","fa:Regular","Refrigerator","[fa:Regular_Refrigerator]","fa:Regular_Refrigerator:#2D8CFF","Regular Refrigerator Regular Refrigerator"
"Regular_Registered","Regular","fa:Regular","Registered","[fa:Regular_Registered]","fa:Regular_Registered:#2D8CFF","Regular Registered Regular Registered"
"Regular_RemoveFormat","Regular","fa:Regular","RemoveFormat","[fa:Regular_RemoveFormat]","fa:Regular_RemoveFormat:#2D8CFF","Regular RemoveFormat Regular RemoveFormat"
"Regular_Repeat","Regular","fa:Regular","Repeat","[fa:Regular_Repeat]","fa:Regular_Repeat:#2D8CFF","Regular Repeat Regular Repeat"
"Regular_Repeat1","Regular","fa:Regular","Repeat1","[fa:Regular_Repeat1]","fa:Regular_Repeat1:#2D8CFF","Regular Repeat1 Regular Repeat1"
"Regular_Repeat1Alt","Regular","fa:Regular","Repeat1Alt","[fa:Regular_Repeat1Alt]","fa:Regular_Repeat1Alt:#2D8CFF","Regular Repeat1Alt Regular Repeat1Alt"
"Regular_RepeatAlt","Regular","fa:Regular","RepeatAlt","[fa:Regular_RepeatAlt]","fa:Regular_RepeatAlt:#2D8CFF","Regular RepeatAlt Regular RepeatAlt"
"Regular_Reply","Regular","fa:Regular","Reply","[fa:Regular_Reply]","fa:Regular_Reply:#2D8CFF","Regular Reply Regular Reply"
"Regular_ReplyAll","Regular","fa:Regular","ReplyAll","[fa:Regular_ReplyAll]","fa:Regular_ReplyAll:#2D8CFF","Regular ReplyAll Regular ReplyAll"
"Regular_Republican","Regular","fa:Regular","Republican","[fa:Regular_Republican]","fa:Regular_Republican:#2D8CFF","Regular Republican Regular Republican"
"Regular_Restroom","Regular","fa:Regular","Restroom","[fa:Regular_Restroom]","fa:Regular_Restroom:#2D8CFF","Regular Restroom Regular Restroom"
"Regular_Retweet","Regular","fa:Regular","Retweet","[fa:Regular_Retweet]","fa:Regular_Retweet:#2D8CFF","Regular Retweet Regular Retweet"
"Regular_RetweetAlt","Regular","fa:Regular","RetweetAlt","[fa:Regular_RetweetAlt]","fa:Regular_RetweetAlt:#2D8CFF","Regular RetweetAlt Regular RetweetAlt"
"Regular_Ribbon","Regular","fa:Regular","Ribbon","[fa:Regular_Ribbon]","fa:Regular_Ribbon:#2D8CFF","Regular Ribbon Regular Ribbon"
"Regular_Ring","Regular","fa:Regular","Ring","[fa:Regular_Ring]","fa:Regular_Ring:#2D8CFF","Regular Ring Regular Ring"
"Regular_RingsWedding","Regular","fa:Regular","RingsWedding","[fa:Regular_RingsWedding]","fa:Regular_RingsWedding:#2D8CFF","Regular RingsWedding Regular RingsWedding"
"Regular_Road","Regular","fa:Regular","Road","[fa:Regular_Road]","fa:Regular_Road:#2D8CFF","Regular Road Regular Road"
"Regular_Robot","Regular","fa:Regular","Robot","[fa:Regular_Robot]","fa:Regular_Robot:#2D8CFF","Regular Robot Regular Robot"
"Regular_Rocket","Regular","fa:Regular","Rocket","[fa:Regular_Rocket]","fa:Regular_Rocket:#2D8CFF","Regular Rocket Regular Rocket"
"Regular_RocketLaunch","Regular","fa:Regular","RocketLaunch","[fa:Regular_RocketLaunch]","fa:Regular_RocketLaunch:#2D8CFF","Regular RocketLaunch Regular RocketLaunch"
"Regular_Route","Regular","fa:Regular","Route","[fa:Regular_Route]","fa:Regular_Route:#2D8CFF","Regular Route Regular Route"
"Regular_RouteHighway","Regular","fa:Regular","RouteHighway","[fa:Regular_RouteHighway]","fa:Regular_RouteHighway:#2D8CFF","Regular RouteHighway Regular RouteHighway"
"Regular_RouteInterstate","Regular","fa:Regular","RouteInterstate","[fa:Regular_RouteInterstate]","fa:Regular_RouteInterstate:#2D8CFF","Regular RouteInterstate Regular RouteInterstate"
"Regular_Router","Regular","fa:Regular","Router","[fa:Regular_Router]","fa:Regular_Router:#2D8CFF","Regular Router Regular Router"
"Regular_Rss","Regular","fa:Regular","Rss","[fa:Regular_Rss]","fa:Regular_Rss:#2D8CFF","Regular Rss Regular Rss"
"Regular_RssSquare","Regular","fa:Regular","RssSquare","[fa:Regular_RssSquare]","fa:Regular_RssSquare:#2D8CFF","Regular RssSquare Regular RssSquare"
"Regular_RubleSign","Regular","fa:Regular","RubleSign","[fa:Regular_RubleSign]","fa:Regular_RubleSign:#2D8CFF","Regular RubleSign Regular RubleSign"
"Regular_Ruler","Regular","fa:Regular","Ruler","[fa:Regular_Ruler]","fa:Regular_Ruler:#2D8CFF","Regular Ruler Regular Ruler"
"Regular_RulerCombined","Regular","fa:Regular","RulerCombined","[fa:Regular_RulerCombined]","fa:Regular_RulerCombined:#2D8CFF","Regular RulerCombined Regular RulerCombined"
"Regular_RulerHorizontal","Regular","fa:Regular","RulerHorizontal","[fa:Regular_RulerHorizontal]","fa:Regular_RulerHorizontal:#2D8CFF","Regular RulerHorizontal Regular RulerHorizontal"
"Regular_RulerTriangle","Regular","fa:Regular","RulerTriangle","[fa:Regular_RulerTriangle]","fa:Regular_RulerTriangle:#2D8CFF","Regular RulerTriangle Regular RulerTriangle"
"Regular_RulerVertical","Regular","fa:Regular","RulerVertical","[fa:Regular_RulerVertical]","fa:Regular_RulerVertical:#2D8CFF","Regular RulerVertical Regular RulerVertical"
"Regular_Running","Regular","fa:Regular","Running","[fa:Regular_Running]","fa:Regular_Running:#2D8CFF","Regular Running Regular Running"
"Regular_RupeeSign","Regular","fa:Regular","RupeeSign","[fa:Regular_RupeeSign]","fa:Regular_RupeeSign:#2D8CFF","Regular RupeeSign Regular RupeeSign"
"Regular_Rv","Regular","fa:Regular","Rv","[fa:Regular_Rv]","fa:Regular_Rv:#2D8CFF","Regular Rv Regular Rv"
"Regular_Sack","Regular","fa:Regular","Sack","[fa:Regular_Sack]","fa:Regular_Sack:#2D8CFF","Regular Sack Regular Sack"
"Regular_SackDollar","Regular","fa:Regular","SackDollar","[fa:Regular_SackDollar]","fa:Regular_SackDollar:#2D8CFF","Regular SackDollar Regular SackDollar"
"Regular_SadCry","Regular","fa:Regular","SadCry","[fa:Regular_SadCry]","fa:Regular_SadCry:#2D8CFF","Regular SadCry Regular SadCry"
"Regular_SadTear","Regular","fa:Regular","SadTear","[fa:Regular_SadTear]","fa:Regular_SadTear:#2D8CFF","Regular SadTear Regular SadTear"
"Regular_Salad","Regular","fa:Regular","Salad","[fa:Regular_Salad]","fa:Regular_Salad:#2D8CFF","Regular Salad Regular Salad"
"Regular_Sandwich","Regular","fa:Regular","Sandwich","[fa:Regular_Sandwich]","fa:Regular_Sandwich:#2D8CFF","Regular Sandwich Regular Sandwich"
"Regular_Satellite","Regular","fa:Regular","Satellite","[fa:Regular_Satellite]","fa:Regular_Satellite:#2D8CFF","Regular Satellite Regular Satellite"
"Regular_SatelliteDish","Regular","fa:Regular","SatelliteDish","[fa:Regular_SatelliteDish]","fa:Regular_SatelliteDish:#2D8CFF","Regular SatelliteDish Regular SatelliteDish"
"Regular_Sausage","Regular","fa:Regular","Sausage","[fa:Regular_Sausage]","fa:Regular_Sausage:#2D8CFF","Regular Sausage Regular Sausage"
"Regular_Save","Regular","fa:Regular","Save","[fa:Regular_Save]","fa:Regular_Save:#2D8CFF","Regular Save Regular Save"
"Regular_SaxHot","Regular","fa:Regular","SaxHot","[fa:Regular_SaxHot]","fa:Regular_SaxHot:#2D8CFF","Regular SaxHot Regular SaxHot"
"Regular_Saxophone","Regular","fa:Regular","Saxophone","[fa:Regular_Saxophone]","fa:Regular_Saxophone:#2D8CFF","Regular Saxophone Regular Saxophone"
"Regular_Scalpel","Regular","fa:Regular","Scalpel","[fa:Regular_Scalpel]","fa:Regular_Scalpel:#2D8CFF","Regular Scalpel Regular Scalpel"
"Regular_ScalpelPath","Regular","fa:Regular","ScalpelPath","[fa:Regular_ScalpelPath]","fa:Regular_ScalpelPath:#2D8CFF","Regular ScalpelPath Regular ScalpelPath"
"Regular_Scanner","Regular","fa:Regular","Scanner","[fa:Regular_Scanner]","fa:Regular_Scanner:#2D8CFF","Regular Scanner Regular Scanner"
"Regular_ScannerImage","Regular","fa:Regular","ScannerImage","[fa:Regular_ScannerImage]","fa:Regular_ScannerImage:#2D8CFF","Regular ScannerImage Regular ScannerImage"
"Regular_ScannerKeyboard","Regular","fa:Regular","ScannerKeyboard","[fa:Regular_ScannerKeyboard]","fa:Regular_ScannerKeyboard:#2D8CFF","Regular ScannerKeyboard Regular ScannerKeyboard"
"Regular_ScannerTouchscreen","Regular","fa:Regular","ScannerTouchscreen","[fa:Regular_ScannerTouchscreen]","fa:Regular_ScannerTouchscreen:#2D8CFF","Regular ScannerTouchscreen Regular ScannerTouchscreen"
"Regular_Scarecrow","Regular","fa:Regular","Scarecrow","[fa:Regular_Scarecrow]","fa:Regular_Scarecrow:#2D8CFF","Regular Scarecrow Regular Scarecrow"
"Regular_Scarf","Regular","fa:Regular","Scarf","[fa:Regular_Scarf]","fa:Regular_Scarf:#2D8CFF","Regular Scarf Regular Scarf"
"Regular_School","Regular","fa:Regular","School","[fa:Regular_School]","fa:Regular_School:#2D8CFF","Regular School Regular School"
"Regular_Screwdriver","Regular","fa:Regular","Screwdriver","[fa:Regular_Screwdriver]","fa:Regular_Screwdriver:#2D8CFF","Regular Screwdriver Regular Screwdriver"
"Regular_Scroll","Regular","fa:Regular","Scroll","[fa:Regular_Scroll]","fa:Regular_Scroll:#2D8CFF","Regular Scroll Regular Scroll"
"Regular_ScrollOld","Regular","fa:Regular","ScrollOld","[fa:Regular_ScrollOld]","fa:Regular_ScrollOld:#2D8CFF","Regular ScrollOld Regular ScrollOld"
"Regular_Scrubber","Regular","fa:Regular","Scrubber","[fa:Regular_Scrubber]","fa:Regular_Scrubber:#2D8CFF","Regular Scrubber Regular Scrubber"
"Regular_Scythe","Regular","fa:Regular","Scythe","[fa:Regular_Scythe]","fa:Regular_Scythe:#2D8CFF","Regular Scythe Regular Scythe"
"Regular_SdCard","Regular","fa:Regular","SdCard","[fa:Regular_SdCard]","fa:Regular_SdCard:#2D8CFF","Regular SdCard Regular SdCard"
"Regular_Search","Regular","fa:Regular","Search","[fa:Regular_Search]","fa:Regular_Search:#2D8CFF","Regular Search Regular Search"
"Regular_SearchDollar","Regular","fa:Regular","SearchDollar","[fa:Regular_SearchDollar]","fa:Regular_SearchDollar:#2D8CFF","Regular SearchDollar Regular SearchDollar"
"Regular_SearchLocation","Regular","fa:Regular","SearchLocation","[fa:Regular_SearchLocation]","fa:Regular_SearchLocation:#2D8CFF","Regular SearchLocation Regular SearchLocation"
"Regular_SearchMinus","Regular","fa:Regular","SearchMinus","[fa:Regular_SearchMinus]","fa:Regular_SearchMinus:#2D8CFF","Regular SearchMinus Regular SearchMinus"
"Regular_SearchPlus","Regular","fa:Regular","SearchPlus","[fa:Regular_SearchPlus]","fa:Regular_SearchPlus:#2D8CFF","Regular SearchPlus Regular SearchPlus"
"Regular_Seedling","Regular","fa:Regular","Seedling","[fa:Regular_Seedling]","fa:Regular_Seedling:#2D8CFF","Regular Seedling Regular Seedling"
"Regular_SendBack","Regular","fa:Regular","SendBack","[fa:Regular_SendBack]","fa:Regular_SendBack:#2D8CFF","Regular SendBack Regular SendBack"
"Regular_SendBackward","Regular","fa:Regular","SendBackward","[fa:Regular_SendBackward]","fa:Regular_SendBackward:#2D8CFF","Regular SendBackward Regular SendBackward"
"Regular_Sensor","Regular","fa:Regular","Sensor","[fa:Regular_Sensor]","fa:Regular_Sensor:#2D8CFF","Regular Sensor Regular Sensor"
"Regular_SensorAlert","Regular","fa:Regular","SensorAlert","[fa:Regular_SensorAlert]","fa:Regular_SensorAlert:#2D8CFF","Regular SensorAlert Regular SensorAlert"
"Regular_SensorFire","Regular","fa:Regular","SensorFire","[fa:Regular_SensorFire]","fa:Regular_SensorFire:#2D8CFF","Regular SensorFire Regular SensorFire"
"Regular_SensorOn","Regular","fa:Regular","SensorOn","[fa:Regular_SensorOn]","fa:Regular_SensorOn:#2D8CFF","Regular SensorOn Regular SensorOn"
"Regular_SensorSmoke","Regular","fa:Regular","SensorSmoke","[fa:Regular_SensorSmoke]","fa:Regular_SensorSmoke:#2D8CFF","Regular SensorSmoke Regular SensorSmoke"
"Regular_Server","Regular","fa:Regular","Server","[fa:Regular_Server]","fa:Regular_Server:#2D8CFF","Regular Server Regular Server"
"Regular_Shapes","Regular","fa:Regular","Shapes","[fa:Regular_Shapes]","fa:Regular_Shapes:#2D8CFF","Regular Shapes Regular Shapes"
"Regular_Share","Regular","fa:Regular","Share","[fa:Regular_Share]","fa:Regular_Share:#2D8CFF","Regular Share Regular Share"
"Regular_ShareAll","Regular","fa:Regular","ShareAll","[fa:Regular_ShareAll]","fa:Regular_ShareAll:#2D8CFF","Regular ShareAll Regular ShareAll"
"Regular_ShareAlt","Regular","fa:Regular","ShareAlt","[fa:Regular_ShareAlt]","fa:Regular_ShareAlt:#2D8CFF","Regular ShareAlt Regular ShareAlt"
"Regular_ShareAltSquare","Regular","fa:Regular","ShareAltSquare","[fa:Regular_ShareAltSquare]","fa:Regular_ShareAltSquare:#2D8CFF","Regular ShareAltSquare Regular ShareAltSquare"
"Regular_ShareSquare","Regular","fa:Regular","ShareSquare","[fa:Regular_ShareSquare]","fa:Regular_ShareSquare:#2D8CFF","Regular ShareSquare Regular ShareSquare"
"Regular_Sheep","Regular","fa:Regular","Sheep","[fa:Regular_Sheep]","fa:Regular_Sheep:#2D8CFF","Regular Sheep Regular Sheep"
"Regular_ShekelSign","Regular","fa:Regular","ShekelSign","[fa:Regular_ShekelSign]","fa:Regular_ShekelSign:#2D8CFF","Regular ShekelSign Regular ShekelSign"
"Regular_Shield","Regular","fa:Regular","Shield","[fa:Regular_Shield]","fa:Regular_Shield:#2D8CFF","Regular Shield Regular Shield"
"Regular_ShieldAlt","Regular","fa:Regular","ShieldAlt","[fa:Regular_ShieldAlt]","fa:Regular_ShieldAlt:#2D8CFF","Regular ShieldAlt Regular ShieldAlt"
"Regular_ShieldCheck","Regular","fa:Regular","ShieldCheck","[fa:Regular_ShieldCheck]","fa:Regular_ShieldCheck:#2D8CFF","Regular ShieldCheck Regular ShieldCheck"
"Regular_ShieldCross","Regular","fa:Regular","ShieldCross","[fa:Regular_ShieldCross]","fa:Regular_ShieldCross:#2D8CFF","Regular ShieldCross Regular ShieldCross"
"Regular_ShieldVirus","Regular","fa:Regular","ShieldVirus","[fa:Regular_ShieldVirus]","fa:Regular_ShieldVirus:#2D8CFF","Regular ShieldVirus Regular ShieldVirus"
"Regular_Ship","Regular","fa:Regular","Ship","[fa:Regular_Ship]","fa:Regular_Ship:#2D8CFF","Regular Ship Regular Ship"
"Regular_ShippingFast","Regular","fa:Regular","ShippingFast","[fa:Regular_ShippingFast]","fa:Regular_ShippingFast:#2D8CFF","Regular ShippingFast Regular ShippingFast"
"Regular_ShippingTimed","Regular","fa:Regular","ShippingTimed","[fa:Regular_ShippingTimed]","fa:Regular_ShippingTimed:#2D8CFF","Regular ShippingTimed Regular ShippingTimed"
"Regular_ShishKebab","Regular","fa:Regular","ShishKebab","[fa:Regular_ShishKebab]","fa:Regular_ShishKebab:#2D8CFF","Regular ShishKebab Regular ShishKebab"
"Regular_ShoePrints","Regular","fa:Regular","ShoePrints","[fa:Regular_ShoePrints]","fa:Regular_ShoePrints:#2D8CFF","Regular ShoePrints Regular ShoePrints"
"Regular_ShoppingBag","Regular","fa:Regular","ShoppingBag","[fa:Regular_ShoppingBag]","fa:Regular_ShoppingBag:#2D8CFF","Regular ShoppingBag Regular ShoppingBag"
"Regular_ShoppingBasket","Regular","fa:Regular","ShoppingBasket","[fa:Regular_ShoppingBasket]","fa:Regular_ShoppingBasket:#2D8CFF","Regular ShoppingBasket Regular ShoppingBasket"
"Regular_ShoppingCart","Regular","fa:Regular","ShoppingCart","[fa:Regular_ShoppingCart]","fa:Regular_ShoppingCart:#2D8CFF","Regular ShoppingCart Regular ShoppingCart"
"Regular_Shovel","Regular","fa:Regular","Shovel","[fa:Regular_Shovel]","fa:Regular_Shovel:#2D8CFF","Regular Shovel Regular Shovel"
"Regular_ShovelSnow","Regular","fa:Regular","ShovelSnow","[fa:Regular_ShovelSnow]","fa:Regular_ShovelSnow:#2D8CFF","Regular ShovelSnow Regular ShovelSnow"
"Regular_Shower","Regular","fa:Regular","Shower","[fa:Regular_Shower]","fa:Regular_Shower:#2D8CFF","Regular Shower Regular Shower"
"Regular_Shredder","Regular","fa:Regular","Shredder","[fa:Regular_Shredder]","fa:Regular_Shredder:#2D8CFF","Regular Shredder Regular Shredder"
"Regular_ShuttleVan","Regular","fa:Regular","ShuttleVan","[fa:Regular_ShuttleVan]","fa:Regular_ShuttleVan:#2D8CFF","Regular ShuttleVan Regular ShuttleVan"
"Regular_Shuttlecock","Regular","fa:Regular","Shuttlecock","[fa:Regular_Shuttlecock]","fa:Regular_Shuttlecock:#2D8CFF","Regular Shuttlecock Regular Shuttlecock"
"Regular_Sickle","Regular","fa:Regular","Sickle","[fa:Regular_Sickle]","fa:Regular_Sickle:#2D8CFF","Regular Sickle Regular Sickle"
"Regular_Sigma","Regular","fa:Regular","Sigma","[fa:Regular_Sigma]","fa:Regular_Sigma:#2D8CFF","Regular Sigma Regular Sigma"
"Regular_Sign","Regular","fa:Regular","Sign","[fa:Regular_Sign]","fa:Regular_Sign:#2D8CFF","Regular Sign Regular Sign"
"Regular_SignIn","Regular","fa:Regular","SignIn","[fa:Regular_SignIn]","fa:Regular_SignIn:#2D8CFF","Regular SignIn Regular SignIn"
"Regular_SignInAlt","Regular","fa:Regular","SignInAlt","[fa:Regular_SignInAlt]","fa:Regular_SignInAlt:#2D8CFF","Regular SignInAlt Regular SignInAlt"
"Regular_SignLanguage","Regular","fa:Regular","SignLanguage","[fa:Regular_SignLanguage]","fa:Regular_SignLanguage:#2D8CFF","Regular SignLanguage Regular SignLanguage"
"Regular_SignOut","Regular","fa:Regular","SignOut","[fa:Regular_SignOut]","fa:Regular_SignOut:#2D8CFF","Regular SignOut Regular SignOut"
"Regular_SignOutAlt","Regular","fa:Regular","SignOutAlt","[fa:Regular_SignOutAlt]","fa:Regular_SignOutAlt:#2D8CFF","Regular SignOutAlt Regular SignOutAlt"
"Regular_Signal","Regular","fa:Regular","Signal","[fa:Regular_Signal]","fa:Regular_Signal:#2D8CFF","Regular Signal Regular Signal"
"Regular_Signal1","Regular","fa:Regular","Signal1","[fa:Regular_Signal1]","fa:Regular_Signal1:#2D8CFF","Regular Signal1 Regular Signal1"
"Regular_Signal2","Regular","fa:Regular","Signal2","[fa:Regular_Signal2]","fa:Regular_Signal2:#2D8CFF","Regular Signal2 Regular Signal2"
"Regular_Signal3","Regular","fa:Regular","Signal3","[fa:Regular_Signal3]","fa:Regular_Signal3:#2D8CFF","Regular Signal3 Regular Signal3"
"Regular_Signal4","Regular","fa:Regular","Signal4","[fa:Regular_Signal4]","fa:Regular_Signal4:#2D8CFF","Regular Signal4 Regular Signal4"
"Regular_SignalAlt","Regular","fa:Regular","SignalAlt","[fa:Regular_SignalAlt]","fa:Regular_SignalAlt:#2D8CFF","Regular SignalAlt Regular SignalAlt"
"Regular_SignalAlt1","Regular","fa:Regular","SignalAlt1","[fa:Regular_SignalAlt1]","fa:Regular_SignalAlt1:#2D8CFF","Regular SignalAlt1 Regular SignalAlt1"
"Regular_SignalAlt2","Regular","fa:Regular","SignalAlt2","[fa:Regular_SignalAlt2]","fa:Regular_SignalAlt2:#2D8CFF","Regular SignalAlt2 Regular SignalAlt2"
"Regular_SignalAlt3","Regular","fa:Regular","SignalAlt3","[fa:Regular_SignalAlt3]","fa:Regular_SignalAlt3:#2D8CFF","Regular SignalAlt3 Regular SignalAlt3"
"Regular_SignalAltSlash","Regular","fa:Regular","SignalAltSlash","[fa:Regular_SignalAltSlash]","fa:Regular_SignalAltSlash:#2D8CFF","Regular SignalAltSlash Regular SignalAltSlash"
"Regular_SignalSlash","Regular","fa:Regular","SignalSlash","[fa:Regular_SignalSlash]","fa:Regular_SignalSlash:#2D8CFF","Regular SignalSlash Regular SignalSlash"
"Regular_SignalStream","Regular","fa:Regular","SignalStream","[fa:Regular_SignalStream]","fa:Regular_SignalStream:#2D8CFF","Regular SignalStream Regular SignalStream"
"Regular_Signature","Regular","fa:Regular","Signature","[fa:Regular_Signature]","fa:Regular_Signature:#2D8CFF","Regular Signature Regular Signature"
"Regular_SimCard","Regular","fa:Regular","SimCard","[fa:Regular_SimCard]","fa:Regular_SimCard:#2D8CFF","Regular SimCard Regular SimCard"
"Regular_Sink","Regular","fa:Regular","Sink","[fa:Regular_Sink]","fa:Regular_Sink:#2D8CFF","Regular Sink Regular Sink"
"Regular_Siren","Regular","fa:Regular","Siren","[fa:Regular_Siren]","fa:Regular_Siren:#2D8CFF","Regular Siren Regular Siren"
"Regular_SirenOn","Regular","fa:Regular","SirenOn","[fa:Regular_SirenOn]","fa:Regular_SirenOn:#2D8CFF","Regular SirenOn Regular SirenOn"
"Regular_Sitemap","Regular","fa:Regular","Sitemap","[fa:Regular_Sitemap]","fa:Regular_Sitemap:#2D8CFF","Regular Sitemap Regular Sitemap"
"Regular_Skating","Regular","fa:Regular","Skating","[fa:Regular_Skating]","fa:Regular_Skating:#2D8CFF","Regular Skating Regular Skating"
"Regular_Skeleton","Regular","fa:Regular","Skeleton","[fa:Regular_Skeleton]","fa:Regular_Skeleton:#2D8CFF","Regular Skeleton Regular Skeleton"
"Regular_SkiJump","Regular","fa:Regular","SkiJump","[fa:Regular_SkiJump]","fa:Regular_SkiJump:#2D8CFF","Regular SkiJump Regular SkiJump"
"Regular_SkiLift","Regular","fa:Regular","SkiLift","[fa:Regular_SkiLift]","fa:Regular_SkiLift:#2D8CFF","Regular SkiLift Regular SkiLift"
"Regular_Skiing","Regular","fa:Regular","Skiing","[fa:Regular_Skiing]","fa:Regular_Skiing:#2D8CFF","Regular Skiing Regular Skiing"
"Regular_SkiingNordic","Regular","fa:Regular","SkiingNordic","[fa:Regular_SkiingNordic]","fa:Regular_SkiingNordic:#2D8CFF","Regular SkiingNordic Regular SkiingNordic"
"Regular_Skull","Regular","fa:Regular","Skull","[fa:Regular_Skull]","fa:Regular_Skull:#2D8CFF","Regular Skull Regular Skull"
"Regular_SkullCow","Regular","fa:Regular","SkullCow","[fa:Regular_SkullCow]","fa:Regular_SkullCow:#2D8CFF","Regular SkullCow Regular SkullCow"
"Regular_SkullCrossbones","Regular","fa:Regular","SkullCrossbones","[fa:Regular_SkullCrossbones]","fa:Regular_SkullCrossbones:#2D8CFF","Regular SkullCrossbones Regular SkullCrossbones"
"Regular_Slash","Regular","fa:Regular","Slash","[fa:Regular_Slash]","fa:Regular_Slash:#2D8CFF","Regular Slash Regular Slash"
"Regular_Sledding","Regular","fa:Regular","Sledding","[fa:Regular_Sledding]","fa:Regular_Sledding:#2D8CFF","Regular Sledding Regular Sledding"
"Regular_Sleigh","Regular","fa:Regular","Sleigh","[fa:Regular_Sleigh]","fa:Regular_Sleigh:#2D8CFF","Regular Sleigh Regular Sleigh"
"Regular_SlidersH","Regular","fa:Regular","SlidersH","[fa:Regular_SlidersH]","fa:Regular_SlidersH:#2D8CFF","Regular SlidersH Regular SlidersH"
"Regular_SlidersHSquare","Regular","fa:Regular","SlidersHSquare","[fa:Regular_SlidersHSquare]","fa:Regular_SlidersHSquare:#2D8CFF","Regular SlidersHSquare Regular SlidersHSquare"
"Regular_SlidersV","Regular","fa:Regular","SlidersV","[fa:Regular_SlidersV]","fa:Regular_SlidersV:#2D8CFF","Regular SlidersV Regular SlidersV"
"Regular_SlidersVSquare","Regular","fa:Regular","SlidersVSquare","[fa:Regular_SlidersVSquare]","fa:Regular_SlidersVSquare:#2D8CFF","Regular SlidersVSquare Regular SlidersVSquare"
"Regular_Smile","Regular","fa:Regular","Smile","[fa:Regular_Smile]","fa:Regular_Smile:#2D8CFF","Regular Smile Regular Smile"
"Regular_SmileBeam","Regular","fa:Regular","SmileBeam","[fa:Regular_SmileBeam]","fa:Regular_SmileBeam:#2D8CFF","Regular SmileBeam Regular SmileBeam"
"Regular_SmilePlus","Regular","fa:Regular","SmilePlus","[fa:Regular_SmilePlus]","fa:Regular_SmilePlus:#2D8CFF","Regular SmilePlus Regular SmilePlus"
"Regular_SmileWink","Regular","fa:Regular","SmileWink","[fa:Regular_SmileWink]","fa:Regular_SmileWink:#2D8CFF","Regular SmileWink Regular SmileWink"
"Regular_Smog","Regular","fa:Regular","Smog","[fa:Regular_Smog]","fa:Regular_Smog:#2D8CFF","Regular Smog Regular Smog"
"Regular_Smoke","Regular","fa:Regular","Smoke","[fa:Regular_Smoke]","fa:Regular_Smoke:#2D8CFF","Regular Smoke Regular Smoke"
"Regular_Smoking","Regular","fa:Regular","Smoking","[fa:Regular_Smoking]","fa:Regular_Smoking:#2D8CFF","Regular Smoking Regular Smoking"
"Regular_SmokingBan","Regular","fa:Regular","SmokingBan","[fa:Regular_SmokingBan]","fa:Regular_SmokingBan:#2D8CFF","Regular SmokingBan Regular SmokingBan"
"Regular_Sms","Regular","fa:Regular","Sms","[fa:Regular_Sms]","fa:Regular_Sms:#2D8CFF","Regular Sms Regular Sms"
"Regular_Snake","Regular","fa:Regular","Snake","[fa:Regular_Snake]","fa:Regular_Snake:#2D8CFF","Regular Snake Regular Snake"
"Regular_Snooze","Regular","fa:Regular","Snooze","[fa:Regular_Snooze]","fa:Regular_Snooze:#2D8CFF","Regular Snooze Regular Snooze"
"Regular_SnowBlowing","Regular","fa:Regular","SnowBlowing","[fa:Regular_SnowBlowing]","fa:Regular_SnowBlowing:#2D8CFF","Regular SnowBlowing Regular SnowBlowing"
"Regular_Snowboarding","Regular","fa:Regular","Snowboarding","[fa:Regular_Snowboarding]","fa:Regular_Snowboarding:#2D8CFF","Regular Snowboarding Regular Snowboarding"
"Regular_Snowflake","Regular","fa:Regular","Snowflake","[fa:Regular_Snowflake]","fa:Regular_Snowflake:#2D8CFF","Regular Snowflake Regular Snowflake"
"Regular_Snowflakes","Regular","fa:Regular","Snowflakes","[fa:Regular_Snowflakes]","fa:Regular_Snowflakes:#2D8CFF","Regular Snowflakes Regular Snowflakes"
"Regular_Snowman","Regular","fa:Regular","Snowman","[fa:Regular_Snowman]","fa:Regular_Snowman:#2D8CFF","Regular Snowman Regular Snowman"
"Regular_Snowmobile","Regular","fa:Regular","Snowmobile","[fa:Regular_Snowmobile]","fa:Regular_Snowmobile:#2D8CFF","Regular Snowmobile Regular Snowmobile"
"Regular_Snowplow","Regular","fa:Regular","Snowplow","[fa:Regular_Snowplow]","fa:Regular_Snowplow:#2D8CFF","Regular Snowplow Regular Snowplow"
"Regular_Soap","Regular","fa:Regular","Soap","[fa:Regular_Soap]","fa:Regular_Soap:#2D8CFF","Regular Soap Regular Soap"
"Regular_Socks","Regular","fa:Regular","Socks","[fa:Regular_Socks]","fa:Regular_Socks:#2D8CFF","Regular Socks Regular Socks"
"Regular_SolarPanel","Regular","fa:Regular","SolarPanel","[fa:Regular_SolarPanel]","fa:Regular_SolarPanel:#2D8CFF","Regular SolarPanel Regular SolarPanel"
"Regular_SolarSystem","Regular","fa:Regular","SolarSystem","[fa:Regular_SolarSystem]","fa:Regular_SolarSystem:#2D8CFF","Regular SolarSystem Regular SolarSystem"
"Regular_Sort","Regular","fa:Regular","Sort","[fa:Regular_Sort]","fa:Regular_Sort:#2D8CFF","Regular Sort Regular Sort"
"Regular_SortAlphaDown","Regular","fa:Regular","SortAlphaDown","[fa:Regular_SortAlphaDown]","fa:Regular_SortAlphaDown:#2D8CFF","Regular SortAlphaDown Regular SortAlphaDown"
"Regular_SortAlphaDownAlt","Regular","fa:Regular","SortAlphaDownAlt","[fa:Regular_SortAlphaDownAlt]","fa:Regular_SortAlphaDownAlt:#2D8CFF","Regular SortAlphaDownAlt Regular SortAlphaDownAlt"
"Regular_SortAlphaUp","Regular","fa:Regular","SortAlphaUp","[fa:Regular_SortAlphaUp]","fa:Regular_SortAlphaUp:#2D8CFF","Regular SortAlphaUp Regular SortAlphaUp"
"Regular_SortAlphaUpAlt","Regular","fa:Regular","SortAlphaUpAlt","[fa:Regular_SortAlphaUpAlt]","fa:Regular_SortAlphaUpAlt:#2D8CFF","Regular SortAlphaUpAlt Regular SortAlphaUpAlt"
"Regular_SortAlt","Regular","fa:Regular","SortAlt","[fa:Regular_SortAlt]","fa:Regular_SortAlt:#2D8CFF","Regular SortAlt Regular SortAlt"
"Regular_SortAmountDown","Regular","fa:Regular","SortAmountDown","[fa:Regular_SortAmountDown]","fa:Regular_SortAmountDown:#2D8CFF","Regular SortAmountDown Regular SortAmountDown"
"Regular_SortAmountDownAlt","Regular","fa:Regular","SortAmountDownAlt","[fa:Regular_SortAmountDownAlt]","fa:Regular_SortAmountDownAlt:#2D8CFF","Regular SortAmountDownAlt Regular SortAmountDownAlt"
"Regular_SortAmountUp","Regular","fa:Regular","SortAmountUp","[fa:Regular_SortAmountUp]","fa:Regular_SortAmountUp:#2D8CFF","Regular SortAmountUp Regular SortAmountUp"
"Regular_SortAmountUpAlt","Regular","fa:Regular","SortAmountUpAlt","[fa:Regular_SortAmountUpAlt]","fa:Regular_SortAmountUpAlt:#2D8CFF","Regular SortAmountUpAlt Regular SortAmountUpAlt"
"Regular_SortCircle","Regular","fa:Regular","SortCircle","[fa:Regular_SortCircle]","fa:Regular_SortCircle:#2D8CFF","Regular SortCircle Regular SortCircle"
"Regular_SortCircleDown","Regular","fa:Regular","SortCircleDown","[fa:Regular_SortCircleDown]","fa:Regular_SortCircleDown:#2D8CFF","Regular SortCircleDown Regular SortCircleDown"
"Regular_SortCircleUp","Regular","fa:Regular","SortCircleUp","[fa:Regular_SortCircleUp]","fa:Regular_SortCircleUp:#2D8CFF","Regular SortCircleUp Regular SortCircleUp"
"Regular_SortDown","Regular","fa:Regular","SortDown","[fa:Regular_SortDown]","fa:Regular_SortDown:#2D8CFF","Regular SortDown Regular SortDown"
"Regular_SortNumericDown","Regular","fa:Regular","SortNumericDown","[fa:Regular_SortNumericDown]","fa:Regular_SortNumericDown:#2D8CFF","Regular SortNumericDown Regular SortNumericDown"
"Regular_SortNumericDownAlt","Regular","fa:Regular","SortNumericDownAlt","[fa:Regular_SortNumericDownAlt]","fa:Regular_SortNumericDownAlt:#2D8CFF","Regular SortNumericDownAlt Regular SortNumericDownAlt"
"Regular_SortNumericUp","Regular","fa:Regular","SortNumericUp","[fa:Regular_SortNumericUp]","fa:Regular_SortNumericUp:#2D8CFF","Regular SortNumericUp Regular SortNumericUp"
"Regular_SortNumericUpAlt","Regular","fa:Regular","SortNumericUpAlt","[fa:Regular_SortNumericUpAlt]","fa:Regular_SortNumericUpAlt:#2D8CFF","Regular SortNumericUpAlt Regular SortNumericUpAlt"
"Regular_SortShapesDown","Regular","fa:Regular","SortShapesDown","[fa:Regular_SortShapesDown]","fa:Regular_SortShapesDown:#2D8CFF","Regular SortShapesDown Regular SortShapesDown"
"Regular_SortShapesDownAlt","Regular","fa:Regular","SortShapesDownAlt","[fa:Regular_SortShapesDownAlt]","fa:Regular_SortShapesDownAlt:#2D8CFF","Regular SortShapesDownAlt Regular SortShapesDownAlt"
"Regular_SortShapesUp","Regular","fa:Regular","SortShapesUp","[fa:Regular_SortShapesUp]","fa:Regular_SortShapesUp:#2D8CFF","Regular SortShapesUp Regular SortShapesUp"
"Regular_SortShapesUpAlt","Regular","fa:Regular","SortShapesUpAlt","[fa:Regular_SortShapesUpAlt]","fa:Regular_SortShapesUpAlt:#2D8CFF","Regular SortShapesUpAlt Regular SortShapesUpAlt"
"Regular_SortSizeDown","Regular","fa:Regular","SortSizeDown","[fa:Regular_SortSizeDown]","fa:Regular_SortSizeDown:#2D8CFF","Regular SortSizeDown Regular SortSizeDown"
"Regular_SortSizeDownAlt","Regular","fa:Regular","SortSizeDownAlt","[fa:Regular_SortSizeDownAlt]","fa:Regular_SortSizeDownAlt:#2D8CFF","Regular SortSizeDownAlt Regular SortSizeDownAlt"
"Regular_SortSizeUp","Regular","fa:Regular","SortSizeUp","[fa:Regular_SortSizeUp]","fa:Regular_SortSizeUp:#2D8CFF","Regular SortSizeUp Regular SortSizeUp"
"Regular_SortSizeUpAlt","Regular","fa:Regular","SortSizeUpAlt","[fa:Regular_SortSizeUpAlt]","fa:Regular_SortSizeUpAlt:#2D8CFF","Regular SortSizeUpAlt Regular SortSizeUpAlt"
"Regular_SortUp","Regular","fa:Regular","SortUp","[fa:Regular_SortUp]","fa:Regular_SortUp:#2D8CFF","Regular SortUp Regular SortUp"
"Regular_Soup","Regular","fa:Regular","Soup","[fa:Regular_Soup]","fa:Regular_Soup:#2D8CFF","Regular Soup Regular Soup"
"Regular_Spa","Regular","fa:Regular","Spa","[fa:Regular_Spa]","fa:Regular_Spa:#2D8CFF","Regular Spa Regular Spa"
"Regular_SpaceShuttle","Regular","fa:Regular","SpaceShuttle","[fa:Regular_SpaceShuttle]","fa:Regular_SpaceShuttle:#2D8CFF","Regular SpaceShuttle Regular SpaceShuttle"
"Regular_SpaceStationMoon","Regular","fa:Regular","SpaceStationMoon","[fa:Regular_SpaceStationMoon]","fa:Regular_SpaceStationMoon:#2D8CFF","Regular SpaceStationMoon Regular SpaceStationMoon"
"Regular_SpaceStationMoonAlt","Regular","fa:Regular","SpaceStationMoonAlt","[fa:Regular_SpaceStationMoonAlt]","fa:Regular_SpaceStationMoonAlt:#2D8CFF","Regular SpaceStationMoonAlt Regular SpaceStationMoonAlt"
"Regular_Spade","Regular","fa:Regular","Spade","[fa:Regular_Spade]","fa:Regular_Spade:#2D8CFF","Regular Spade Regular Spade"
"Regular_Sparkles","Regular","fa:Regular","Sparkles","[fa:Regular_Sparkles]","fa:Regular_Sparkles:#2D8CFF","Regular Sparkles Regular Sparkles"
"Regular_Speaker","Regular","fa:Regular","Speaker","[fa:Regular_Speaker]","fa:Regular_Speaker:#2D8CFF","Regular Speaker Regular Speaker"
"Regular_Speakers","Regular","fa:Regular","Speakers","[fa:Regular_Speakers]","fa:Regular_Speakers:#2D8CFF","Regular Speakers Regular Speakers"
"Regular_SpellCheck","Regular","fa:Regular","SpellCheck","[fa:Regular_SpellCheck]","fa:Regular_SpellCheck:#2D8CFF","Regular SpellCheck Regular SpellCheck"
"Regular_Spider","Regular","fa:Regular","Spider","[fa:Regular_Spider]","fa:Regular_Spider:#2D8CFF","Regular Spider Regular Spider"
"Regular_SpiderBlackWidow","Regular","fa:Regular","SpiderBlackWidow","[fa:Regular_SpiderBlackWidow]","fa:Regular_SpiderBlackWidow:#2D8CFF","Regular SpiderBlackWidow Regular SpiderBlackWidow"
"Regular_SpiderWeb","Regular","fa:Regular","SpiderWeb","[fa:Regular_SpiderWeb]","fa:Regular_SpiderWeb:#2D8CFF","Regular SpiderWeb Regular SpiderWeb"
"Regular_Spinner","Regular","fa:Regular","Spinner","[fa:Regular_Spinner]","fa:Regular_Spinner:#2D8CFF","Regular Spinner Regular Spinner"
"Regular_SpinnerThird","Regular","fa:Regular","SpinnerThird","[fa:Regular_SpinnerThird]","fa:Regular_SpinnerThird:#2D8CFF","Regular SpinnerThird Regular SpinnerThird"
"Regular_Splotch","Regular","fa:Regular","Splotch","[fa:Regular_Splotch]","fa:Regular_Splotch:#2D8CFF","Regular Splotch Regular Splotch"
"Regular_SprayCan","Regular","fa:Regular","SprayCan","[fa:Regular_SprayCan]","fa:Regular_SprayCan:#2D8CFF","Regular SprayCan Regular SprayCan"
"Regular_Sprinkler","Regular","fa:Regular","Sprinkler","[fa:Regular_Sprinkler]","fa:Regular_Sprinkler:#2D8CFF","Regular Sprinkler Regular Sprinkler"
"Regular_Square","Regular","fa:Regular","Square","[fa:Regular_Square]","fa:Regular_Square:#2D8CFF","Regular Square Regular Square"
"Regular_SquareFull","Regular","fa:Regular","SquareFull","[fa:Regular_SquareFull]","fa:Regular_SquareFull:#2D8CFF","Regular SquareFull Regular SquareFull"
"Regular_SquareRoot","Regular","fa:Regular","SquareRoot","[fa:Regular_SquareRoot]","fa:Regular_SquareRoot:#2D8CFF","Regular SquareRoot Regular SquareRoot"
"Regular_SquareRootAlt","Regular","fa:Regular","SquareRootAlt","[fa:Regular_SquareRootAlt]","fa:Regular_SquareRootAlt:#2D8CFF","Regular SquareRootAlt Regular SquareRootAlt"
"Regular_Squirrel","Regular","fa:Regular","Squirrel","[fa:Regular_Squirrel]","fa:Regular_Squirrel:#2D8CFF","Regular Squirrel Regular Squirrel"
"Regular_Staff","Regular","fa:Regular","Staff","[fa:Regular_Staff]","fa:Regular_Staff:#2D8CFF","Regular Staff Regular Staff"
"Regular_Stamp","Regular","fa:Regular","Stamp","[fa:Regular_Stamp]","fa:Regular_Stamp:#2D8CFF","Regular Stamp Regular Stamp"
"Regular_Star","Regular","fa:Regular","Star","[fa:Regular_Star]","fa:Regular_Star:#2D8CFF","Regular Star Regular Star"
"Regular_StarAndCrescent","Regular","fa:Regular","StarAndCrescent","[fa:Regular_StarAndCrescent]","fa:Regular_StarAndCrescent:#2D8CFF","Regular StarAndCrescent Regular StarAndCrescent"
"Regular_StarChristmas","Regular","fa:Regular","StarChristmas","[fa:Regular_StarChristmas]","fa:Regular_StarChristmas:#2D8CFF","Regular StarChristmas Regular StarChristmas"
"Regular_StarExclamation","Regular","fa:Regular","StarExclamation","[fa:Regular_StarExclamation]","fa:Regular_StarExclamation:#2D8CFF","Regular StarExclamation Regular StarExclamation"
"Regular_StarHalf","Regular","fa:Regular","StarHalf","[fa:Regular_StarHalf]","fa:Regular_StarHalf:#2D8CFF","Regular StarHalf Regular StarHalf"
"Regular_StarHalfAlt","Regular","fa:Regular","StarHalfAlt","[fa:Regular_StarHalfAlt]","fa:Regular_StarHalfAlt:#2D8CFF","Regular StarHalfAlt Regular StarHalfAlt"
"Regular_StarOfDavid","Regular","fa:Regular","StarOfDavid","[fa:Regular_StarOfDavid]","fa:Regular_StarOfDavid:#2D8CFF","Regular StarOfDavid Regular StarOfDavid"
"Regular_StarOfLife","Regular","fa:Regular","StarOfLife","[fa:Regular_StarOfLife]","fa:Regular_StarOfLife:#2D8CFF","Regular StarOfLife Regular StarOfLife"
"Regular_StarShooting","Regular","fa:Regular","StarShooting","[fa:Regular_StarShooting]","fa:Regular_StarShooting:#2D8CFF","Regular StarShooting Regular StarShooting"
"Regular_Starfighter","Regular","fa:Regular","Starfighter","[fa:Regular_Starfighter]","fa:Regular_Starfighter:#2D8CFF","Regular Starfighter Regular Starfighter"
"Regular_StarfighterAlt","Regular","fa:Regular","StarfighterAlt","[fa:Regular_StarfighterAlt]","fa:Regular_StarfighterAlt:#2D8CFF","Regular StarfighterAlt Regular StarfighterAlt"
"Regular_Stars","Regular","fa:Regular","Stars","[fa:Regular_Stars]","fa:Regular_Stars:#2D8CFF","Regular Stars Regular Stars"
"Regular_Starship","Regular","fa:Regular","Starship","[fa:Regular_Starship]","fa:Regular_Starship:#2D8CFF","Regular Starship Regular Starship"
"Regular_StarshipFreighter","Regular","fa:Regular","StarshipFreighter","[fa:Regular_StarshipFreighter]","fa:Regular_StarshipFreighter:#2D8CFF","Regular StarshipFreighter Regular StarshipFreighter"
"Regular_Steak","Regular","fa:Regular","Steak","[fa:Regular_Steak]","fa:Regular_Steak:#2D8CFF","Regular Steak Regular Steak"
"Regular_SteeringWheel","Regular","fa:Regular","SteeringWheel","[fa:Regular_SteeringWheel]","fa:Regular_SteeringWheel:#2D8CFF","Regular SteeringWheel Regular SteeringWheel"
"Regular_StepBackward","Regular","fa:Regular","StepBackward","[fa:Regular_StepBackward]","fa:Regular_StepBackward:#2D8CFF","Regular StepBackward Regular StepBackward"
"Regular_StepForward","Regular","fa:Regular","StepForward","[fa:Regular_StepForward]","fa:Regular_StepForward:#2D8CFF","Regular StepForward Regular StepForward"
"Regular_Stethoscope","Regular","fa:Regular","Stethoscope","[fa:Regular_Stethoscope]","fa:Regular_Stethoscope:#2D8CFF","Regular Stethoscope Regular Stethoscope"
"Regular_StickyNote","Regular","fa:Regular","StickyNote","[fa:Regular_StickyNote]","fa:Regular_StickyNote:#2D8CFF","Regular StickyNote Regular StickyNote"
"Regular_Stocking","Regular","fa:Regular","Stocking","[fa:Regular_Stocking]","fa:Regular_Stocking:#2D8CFF","Regular Stocking Regular Stocking"
"Regular_Stomach","Regular","fa:Regular","Stomach","[fa:Regular_Stomach]","fa:Regular_Stomach:#2D8CFF","Regular Stomach Regular Stomach"
"Regular_Stop","Regular","fa:Regular","Stop","[fa:Regular_Stop]","fa:Regular_Stop:#2D8CFF","Regular Stop Regular Stop"
"Regular_StopCircle","Regular","fa:Regular","StopCircle","[fa:Regular_StopCircle]","fa:Regular_StopCircle:#2D8CFF","Regular StopCircle Regular StopCircle"
"Regular_Stopwatch","Regular","fa:Regular","Stopwatch","[fa:Regular_Stopwatch]","fa:Regular_Stopwatch:#2D8CFF","Regular Stopwatch Regular Stopwatch"
"Regular_Stopwatch20","Regular","fa:Regular","Stopwatch20","[fa:Regular_Stopwatch20]","fa:Regular_Stopwatch20:#2D8CFF","Regular Stopwatch20 Regular Stopwatch20"
"Regular_Store","Regular","fa:Regular","Store","[fa:Regular_Store]","fa:Regular_Store:#2D8CFF","Regular Store Regular Store"
"Regular_StoreAlt","Regular","fa:Regular","StoreAlt","[fa:Regular_StoreAlt]","fa:Regular_StoreAlt:#2D8CFF","Regular StoreAlt Regular StoreAlt"
"Regular_StoreAltSlash","Regular","fa:Regular","StoreAltSlash","[fa:Regular_StoreAltSlash]","fa:Regular_StoreAltSlash:#2D8CFF","Regular StoreAltSlash Regular StoreAltSlash"
"Regular_StoreSlash","Regular","fa:Regular","StoreSlash","[fa:Regular_StoreSlash]","fa:Regular_StoreSlash:#2D8CFF","Regular StoreSlash Regular StoreSlash"
"Regular_Stream","Regular","fa:Regular","Stream","[fa:Regular_Stream]","fa:Regular_Stream:#2D8CFF","Regular Stream Regular Stream"
"Regular_StreetView","Regular","fa:Regular","StreetView","[fa:Regular_StreetView]","fa:Regular_StreetView:#2D8CFF","Regular StreetView Regular StreetView"
"Regular_Stretcher","Regular","fa:Regular","Stretcher","[fa:Regular_Stretcher]","fa:Regular_Stretcher:#2D8CFF","Regular Stretcher Regular Stretcher"
"Regular_Strikethrough","Regular","fa:Regular","Strikethrough","[fa:Regular_Strikethrough]","fa:Regular_Strikethrough:#2D8CFF","Regular Strikethrough Regular Strikethrough"
"Regular_Stroopwafel","Regular","fa:Regular","Stroopwafel","[fa:Regular_Stroopwafel]","fa:Regular_Stroopwafel:#2D8CFF","Regular Stroopwafel Regular Stroopwafel"
"Regular_Subscript","Regular","fa:Regular","Subscript","[fa:Regular_Subscript]","fa:Regular_Subscript:#2D8CFF","Regular Subscript Regular Subscript"
"Regular_Subway","Regular","fa:Regular","Subway","[fa:Regular_Subway]","fa:Regular_Subway:#2D8CFF","Regular Subway Regular Subway"
"Regular_Suitcase","Regular","fa:Regular","Suitcase","[fa:Regular_Suitcase]","fa:Regular_Suitcase:#2D8CFF","Regular Suitcase Regular Suitcase"
"Regular_SuitcaseRolling","Regular","fa:Regular","SuitcaseRolling","[fa:Regular_SuitcaseRolling]","fa:Regular_SuitcaseRolling:#2D8CFF","Regular SuitcaseRolling Regular SuitcaseRolling"
"Regular_Sun","Regular","fa:Regular","Sun","[fa:Regular_Sun]","fa:Regular_Sun:#2D8CFF","Regular Sun Regular Sun"
"Regular_SunCloud","Regular","fa:Regular","SunCloud","[fa:Regular_SunCloud]","fa:Regular_SunCloud:#2D8CFF","Regular SunCloud Regular SunCloud"
"Regular_SunDust","Regular","fa:Regular","SunDust","[fa:Regular_SunDust]","fa:Regular_SunDust:#2D8CFF","Regular SunDust Regular SunDust"
"Regular_SunHaze","Regular","fa:Regular","SunHaze","[fa:Regular_SunHaze]","fa:Regular_SunHaze:#2D8CFF","Regular SunHaze Regular SunHaze"
"Regular_Sunglasses","Regular","fa:Regular","Sunglasses","[fa:Regular_Sunglasses]","fa:Regular_Sunglasses:#2D8CFF","Regular Sunglasses Regular Sunglasses"
"Regular_Sunrise","Regular","fa:Regular","Sunrise","[fa:Regular_Sunrise]","fa:Regular_Sunrise:#2D8CFF","Regular Sunrise Regular Sunrise"
"Regular_Sunset","Regular","fa:Regular","Sunset","[fa:Regular_Sunset]","fa:Regular_Sunset:#2D8CFF","Regular Sunset Regular Sunset"
"Regular_Superscript","Regular","fa:Regular","Superscript","[fa:Regular_Superscript]","fa:Regular_Superscript:#2D8CFF","Regular Superscript Regular Superscript"
"Regular_Surprise","Regular","fa:Regular","Surprise","[fa:Regular_Surprise]","fa:Regular_Surprise:#2D8CFF","Regular Surprise Regular Surprise"
"Regular_Swatchbook","Regular","fa:Regular","Swatchbook","[fa:Regular_Swatchbook]","fa:Regular_Swatchbook:#2D8CFF","Regular Swatchbook Regular Swatchbook"
"Regular_Swimmer","Regular","fa:Regular","Swimmer","[fa:Regular_Swimmer]","fa:Regular_Swimmer:#2D8CFF","Regular Swimmer Regular Swimmer"
"Regular_SwimmingPool","Regular","fa:Regular","SwimmingPool","[fa:Regular_SwimmingPool]","fa:Regular_SwimmingPool:#2D8CFF","Regular SwimmingPool Regular SwimmingPool"
"Regular_Sword","Regular","fa:Regular","Sword","[fa:Regular_Sword]","fa:Regular_Sword:#2D8CFF","Regular Sword Regular Sword"
"Regular_SwordLaser","Regular","fa:Regular","SwordLaser","[fa:Regular_SwordLaser]","fa:Regular_SwordLaser:#2D8CFF","Regular SwordLaser Regular SwordLaser"
"Regular_SwordLaserAlt","Regular","fa:Regular","SwordLaserAlt","[fa:Regular_SwordLaserAlt]","fa:Regular_SwordLaserAlt:#2D8CFF","Regular SwordLaserAlt Regular SwordLaserAlt"
"Regular_Swords","Regular","fa:Regular","Swords","[fa:Regular_Swords]","fa:Regular_Swords:#2D8CFF","Regular Swords Regular Swords"
"Regular_SwordsLaser","Regular","fa:Regular","SwordsLaser","[fa:Regular_SwordsLaser]","fa:Regular_SwordsLaser:#2D8CFF","Regular SwordsLaser Regular SwordsLaser"
"Regular_Synagogue","Regular","fa:Regular","Synagogue","[fa:Regular_Synagogue]","fa:Regular_Synagogue:#2D8CFF","Regular Synagogue Regular Synagogue"
"Regular_Sync","Regular","fa:Regular","Sync","[fa:Regular_Sync]","fa:Regular_Sync:#2D8CFF","Regular Sync Regular Sync"
"Regular_SyncAlt","Regular","fa:Regular","SyncAlt","[fa:Regular_SyncAlt]","fa:Regular_SyncAlt:#2D8CFF","Regular SyncAlt Regular SyncAlt"
"Regular_Syringe","Regular","fa:Regular","Syringe","[fa:Regular_Syringe]","fa:Regular_Syringe:#2D8CFF","Regular Syringe Regular Syringe"
"Regular_Table","Regular","fa:Regular","Table","[fa:Regular_Table]","fa:Regular_Table:#2D8CFF","Regular Table Regular Table"
"Regular_TableTennis","Regular","fa:Regular","TableTennis","[fa:Regular_TableTennis]","fa:Regular_TableTennis:#2D8CFF","Regular TableTennis Regular TableTennis"
"Regular_Tablet","Regular","fa:Regular","Tablet","[fa:Regular_Tablet]","fa:Regular_Tablet:#2D8CFF","Regular Tablet Regular Tablet"
"Regular_TabletAlt","Regular","fa:Regular","TabletAlt","[fa:Regular_TabletAlt]","fa:Regular_TabletAlt:#2D8CFF","Regular TabletAlt Regular TabletAlt"
"Regular_TabletAndroid","Regular","fa:Regular","TabletAndroid","[fa:Regular_TabletAndroid]","fa:Regular_TabletAndroid:#2D8CFF","Regular TabletAndroid Regular TabletAndroid"
"Regular_TabletAndroidAlt","Regular","fa:Regular","TabletAndroidAlt","[fa:Regular_TabletAndroidAlt]","fa:Regular_TabletAndroidAlt:#2D8CFF","Regular TabletAndroidAlt Regular TabletAndroidAlt"
"Regular_TabletRugged","Regular","fa:Regular","TabletRugged","[fa:Regular_TabletRugged]","fa:Regular_TabletRugged:#2D8CFF","Regular TabletRugged Regular TabletRugged"
"Regular_Tablets","Regular","fa:Regular","Tablets","[fa:Regular_Tablets]","fa:Regular_Tablets:#2D8CFF","Regular Tablets Regular Tablets"
"Regular_Tachometer","Regular","fa:Regular","Tachometer","[fa:Regular_Tachometer]","fa:Regular_Tachometer:#2D8CFF","Regular Tachometer Regular Tachometer"
"Regular_TachometerAlt","Regular","fa:Regular","TachometerAlt","[fa:Regular_TachometerAlt]","fa:Regular_TachometerAlt:#2D8CFF","Regular TachometerAlt Regular TachometerAlt"
"Regular_TachometerAltAverage","Regular","fa:Regular","TachometerAltAverage","[fa:Regular_TachometerAltAverage]","fa:Regular_TachometerAltAverage:#2D8CFF","Regular TachometerAltAverage Regular TachometerAltAverage"
"Regular_TachometerAltFast","Regular","fa:Regular","TachometerAltFast","[fa:Regular_TachometerAltFast]","fa:Regular_TachometerAltFast:#2D8CFF","Regular TachometerAltFast Regular TachometerAltFast"
"Regular_TachometerAltFastest","Regular","fa:Regular","TachometerAltFastest","[fa:Regular_TachometerAltFastest]","fa:Regular_TachometerAltFastest:#2D8CFF","Regular TachometerAltFastest Regular TachometerAltFastest"
"Regular_TachometerAltSlow","Regular","fa:Regular","TachometerAltSlow","[fa:Regular_TachometerAltSlow]","fa:Regular_TachometerAltSlow:#2D8CFF","Regular TachometerAltSlow Regular TachometerAltSlow"
"Regular_TachometerAltSlowest","Regular","fa:Regular","TachometerAltSlowest","[fa:Regular_TachometerAltSlowest]","fa:Regular_TachometerAltSlowest:#2D8CFF","Regular TachometerAltSlowest Regular TachometerAltSlowest"
"Regular_TachometerAverage","Regular","fa:Regular","TachometerAverage","[fa:Regular_TachometerAverage]","fa:Regular_TachometerAverage:#2D8CFF","Regular TachometerAverage Regular TachometerAverage"
"Regular_TachometerFast","Regular","fa:Regular","TachometerFast","[fa:Regular_TachometerFast]","fa:Regular_TachometerFast:#2D8CFF","Regular TachometerFast Regular TachometerFast"
"Regular_TachometerFastest","Regular","fa:Regular","TachometerFastest","[fa:Regular_TachometerFastest]","fa:Regular_TachometerFastest:#2D8CFF","Regular TachometerFastest Regular TachometerFastest"
"Regular_TachometerSlow","Regular","fa:Regular","TachometerSlow","[fa:Regular_TachometerSlow]","fa:Regular_TachometerSlow:#2D8CFF","Regular TachometerSlow Regular TachometerSlow"
"Regular_TachometerSlowest","Regular","fa:Regular","TachometerSlowest","[fa:Regular_TachometerSlowest]","fa:Regular_TachometerSlowest:#2D8CFF","Regular TachometerSlowest Regular TachometerSlowest"
"Regular_Taco","Regular","fa:Regular","Taco","[fa:Regular_Taco]","fa:Regular_Taco:#2D8CFF","Regular Taco Regular Taco"
"Regular_Tag","Regular","fa:Regular","Tag","[fa:Regular_Tag]","fa:Regular_Tag:#2D8CFF","Regular Tag Regular Tag"
"Regular_Tags","Regular","fa:Regular","Tags","[fa:Regular_Tags]","fa:Regular_Tags:#2D8CFF","Regular Tags Regular Tags"
"Regular_Tally","Regular","fa:Regular","Tally","[fa:Regular_Tally]","fa:Regular_Tally:#2D8CFF","Regular Tally Regular Tally"
"Regular_Tanakh","Regular","fa:Regular","Tanakh","[fa:Regular_Tanakh]","fa:Regular_Tanakh:#2D8CFF","Regular Tanakh Regular Tanakh"
"Regular_Tape","Regular","fa:Regular","Tape","[fa:Regular_Tape]","fa:Regular_Tape:#2D8CFF","Regular Tape Regular Tape"
"Regular_Tasks","Regular","fa:Regular","Tasks","[fa:Regular_Tasks]","fa:Regular_Tasks:#2D8CFF","Regular Tasks Regular Tasks"
"Regular_TasksAlt","Regular","fa:Regular","TasksAlt","[fa:Regular_TasksAlt]","fa:Regular_TasksAlt:#2D8CFF","Regular TasksAlt Regular TasksAlt"
"Regular_Taxi","Regular","fa:Regular","Taxi","[fa:Regular_Taxi]","fa:Regular_Taxi:#2D8CFF","Regular Taxi Regular Taxi"
"Regular_Teeth","Regular","fa:Regular","Teeth","[fa:Regular_Teeth]","fa:Regular_Teeth:#2D8CFF","Regular Teeth Regular Teeth"
"Regular_TeethOpen","Regular","fa:Regular","TeethOpen","[fa:Regular_TeethOpen]","fa:Regular_TeethOpen:#2D8CFF","Regular TeethOpen Regular TeethOpen"
"Regular_Telescope","Regular","fa:Regular","Telescope","[fa:Regular_Telescope]","fa:Regular_Telescope:#2D8CFF","Regular Telescope Regular Telescope"
"Regular_TemperatureDown","Regular","fa:Regular","TemperatureDown","[fa:Regular_TemperatureDown]","fa:Regular_TemperatureDown:#2D8CFF","Regular TemperatureDown Regular TemperatureDown"
"Regular_TemperatureFrigid","Regular","fa:Regular","TemperatureFrigid","[fa:Regular_TemperatureFrigid]","fa:Regular_TemperatureFrigid:#2D8CFF","Regular TemperatureFrigid Regular TemperatureFrigid"
"Regular_TemperatureHigh","Regular","fa:Regular","TemperatureHigh","[fa:Regular_TemperatureHigh]","fa:Regular_TemperatureHigh:#2D8CFF","Regular TemperatureHigh Regular TemperatureHigh"
"Regular_TemperatureHot","Regular","fa:Regular","TemperatureHot","[fa:Regular_TemperatureHot]","fa:Regular_TemperatureHot:#2D8CFF","Regular TemperatureHot Regular TemperatureHot"
"Regular_TemperatureLow","Regular","fa:Regular","TemperatureLow","[fa:Regular_TemperatureLow]","fa:Regular_TemperatureLow:#2D8CFF","Regular TemperatureLow Regular TemperatureLow"
"Regular_TemperatureUp","Regular","fa:Regular","TemperatureUp","[fa:Regular_TemperatureUp]","fa:Regular_TemperatureUp:#2D8CFF","Regular TemperatureUp Regular TemperatureUp"
"Regular_Tenge","Regular","fa:Regular","Tenge","[fa:Regular_Tenge]","fa:Regular_Tenge:#2D8CFF","Regular Tenge Regular Tenge"
"Regular_TennisBall","Regular","fa:Regular","TennisBall","[fa:Regular_TennisBall]","fa:Regular_TennisBall:#2D8CFF","Regular TennisBall Regular TennisBall"
"Regular_Terminal","Regular","fa:Regular","Terminal","[fa:Regular_Terminal]","fa:Regular_Terminal:#2D8CFF","Regular Terminal Regular Terminal"
"Regular_Text","Regular","fa:Regular","Text","[fa:Regular_Text]","fa:Regular_Text:#2D8CFF","Regular Text Regular Text"
"Regular_TextHeight","Regular","fa:Regular","TextHeight","[fa:Regular_TextHeight]","fa:Regular_TextHeight:#2D8CFF","Regular TextHeight Regular TextHeight"
"Regular_TextSize","Regular","fa:Regular","TextSize","[fa:Regular_TextSize]","fa:Regular_TextSize:#2D8CFF","Regular TextSize Regular TextSize"
"Regular_TextWidth","Regular","fa:Regular","TextWidth","[fa:Regular_TextWidth]","fa:Regular_TextWidth:#2D8CFF","Regular TextWidth Regular TextWidth"
"Regular_Th","Regular","fa:Regular","Th","[fa:Regular_Th]","fa:Regular_Th:#2D8CFF","Regular Th Regular Th"
"Regular_ThLarge","Regular","fa:Regular","ThLarge","[fa:Regular_ThLarge]","fa:Regular_ThLarge:#2D8CFF","Regular ThLarge Regular ThLarge"
"Regular_ThList","Regular","fa:Regular","ThList","[fa:Regular_ThList]","fa:Regular_ThList:#2D8CFF","Regular ThList Regular ThList"
"Regular_TheaterMasks","Regular","fa:Regular","TheaterMasks","[fa:Regular_TheaterMasks]","fa:Regular_TheaterMasks:#2D8CFF","Regular TheaterMasks Regular TheaterMasks"
"Regular_Thermometer","Regular","fa:Regular","Thermometer","[fa:Regular_Thermometer]","fa:Regular_Thermometer:#2D8CFF","Regular Thermometer Regular Thermometer"
"Regular_ThermometerEmpty","Regular","fa:Regular","ThermometerEmpty","[fa:Regular_ThermometerEmpty]","fa:Regular_ThermometerEmpty:#2D8CFF","Regular ThermometerEmpty Regular ThermometerEmpty"
"Regular_ThermometerFull","Regular","fa:Regular","ThermometerFull","[fa:Regular_ThermometerFull]","fa:Regular_ThermometerFull:#2D8CFF","Regular ThermometerFull Regular ThermometerFull"
"Regular_ThermometerHalf","Regular","fa:Regular","ThermometerHalf","[fa:Regular_ThermometerHalf]","fa:Regular_ThermometerHalf:#2D8CFF","Regular ThermometerHalf Regular ThermometerHalf"
"Regular_ThermometerQuarter","Regular","fa:Regular","ThermometerQuarter","[fa:Regular_ThermometerQuarter]","fa:Regular_ThermometerQuarter:#2D8CFF","Regular ThermometerQuarter Regular ThermometerQuarter"
"Regular_ThermometerThreeQuarters","Regular","fa:Regular","ThermometerThreeQuarters","[fa:Regular_ThermometerThreeQuarters]","fa:Regular_ThermometerThreeQuarters:#2D8CFF","Regular ThermometerThreeQuarters Regular ThermometerThreeQuarters"
"Regular_Theta","Regular","fa:Regular","Theta","[fa:Regular_Theta]","fa:Regular_Theta:#2D8CFF","Regular Theta Regular Theta"
"Regular_ThumbsDown","Regular","fa:Regular","ThumbsDown","[fa:Regular_ThumbsDown]","fa:Regular_ThumbsDown:#2D8CFF","Regular ThumbsDown Regular ThumbsDown"
"Regular_ThumbsUp","Regular","fa:Regular","ThumbsUp","[fa:Regular_ThumbsUp]","fa:Regular_ThumbsUp:#2D8CFF","Regular ThumbsUp Regular ThumbsUp"
"Regular_Thumbtack","Regular","fa:Regular","Thumbtack","[fa:Regular_Thumbtack]","fa:Regular_Thumbtack:#2D8CFF","Regular Thumbtack Regular Thumbtack"
"Regular_Thunderstorm","Regular","fa:Regular","Thunderstorm","[fa:Regular_Thunderstorm]","fa:Regular_Thunderstorm:#2D8CFF","Regular Thunderstorm Regular Thunderstorm"
"Regular_ThunderstormMoon","Regular","fa:Regular","ThunderstormMoon","[fa:Regular_ThunderstormMoon]","fa:Regular_ThunderstormMoon:#2D8CFF","Regular ThunderstormMoon Regular ThunderstormMoon"
"Regular_ThunderstormSun","Regular","fa:Regular","ThunderstormSun","[fa:Regular_ThunderstormSun]","fa:Regular_ThunderstormSun:#2D8CFF","Regular ThunderstormSun Regular ThunderstormSun"
"Regular_Ticket","Regular","fa:Regular","Ticket","[fa:Regular_Ticket]","fa:Regular_Ticket:#2D8CFF","Regular Ticket Regular Ticket"
"Regular_TicketAlt","Regular","fa:Regular","TicketAlt","[fa:Regular_TicketAlt]","fa:Regular_TicketAlt:#2D8CFF","Regular TicketAlt Regular TicketAlt"
"Regular_Tilde","Regular","fa:Regular","Tilde","[fa:Regular_Tilde]","fa:Regular_Tilde:#2D8CFF","Regular Tilde Regular Tilde"
"Regular_Times","Regular","fa:Regular","Times","[fa:Regular_Times]","fa:Regular_Times:#2D8CFF","Regular Times Regular Times"
"Regular_TimesCircle","Regular","fa:Regular","TimesCircle","[fa:Regular_TimesCircle]","fa:Regular_TimesCircle:#2D8CFF","Regular TimesCircle Regular TimesCircle"
"Regular_TimesHexagon","Regular","fa:Regular","TimesHexagon","[fa:Regular_TimesHexagon]","fa:Regular_TimesHexagon:#2D8CFF","Regular TimesHexagon Regular TimesHexagon"
"Regular_TimesOctagon","Regular","fa:Regular","TimesOctagon","[fa:Regular_TimesOctagon]","fa:Regular_TimesOctagon:#2D8CFF","Regular TimesOctagon Regular TimesOctagon"
"Regular_TimesSquare","Regular","fa:Regular","TimesSquare","[fa:Regular_TimesSquare]","fa:Regular_TimesSquare:#2D8CFF","Regular TimesSquare Regular TimesSquare"
"Regular_Tint","Regular","fa:Regular","Tint","[fa:Regular_Tint]","fa:Regular_Tint:#2D8CFF","Regular Tint Regular Tint"
"Regular_TintSlash","Regular","fa:Regular","TintSlash","[fa:Regular_TintSlash]","fa:Regular_TintSlash:#2D8CFF","Regular TintSlash Regular TintSlash"
"Regular_Tire","Regular","fa:Regular","Tire","[fa:Regular_Tire]","fa:Regular_Tire:#2D8CFF","Regular Tire Regular Tire"
"Regular_TireFlat","Regular","fa:Regular","TireFlat","[fa:Regular_TireFlat]","fa:Regular_TireFlat:#2D8CFF","Regular TireFlat Regular TireFlat"
"Regular_TirePressureWarning","Regular","fa:Regular","TirePressureWarning","[fa:Regular_TirePressureWarning]","fa:Regular_TirePressureWarning:#2D8CFF","Regular TirePressureWarning Regular TirePressureWarning"
"Regular_TireRugged","Regular","fa:Regular","TireRugged","[fa:Regular_TireRugged]","fa:Regular_TireRugged:#2D8CFF","Regular TireRugged Regular TireRugged"
"Regular_Tired","Regular","fa:Regular","Tired","[fa:Regular_Tired]","fa:Regular_Tired:#2D8CFF","Regular Tired Regular Tired"
"Regular_ToggleOff","Regular","fa:Regular","ToggleOff","[fa:Regular_ToggleOff]","fa:Regular_ToggleOff:#2D8CFF","Regular ToggleOff Regular ToggleOff"
"Regular_ToggleOn","Regular","fa:Regular","ToggleOn","[fa:Regular_ToggleOn]","fa:Regular_ToggleOn:#2D8CFF","Regular ToggleOn Regular ToggleOn"
"Regular_Toilet","Regular","fa:Regular","Toilet","[fa:Regular_Toilet]","fa:Regular_Toilet:#2D8CFF","Regular Toilet Regular Toilet"
"Regular_ToiletPaper","Regular","fa:Regular","ToiletPaper","[fa:Regular_ToiletPaper]","fa:Regular_ToiletPaper:#2D8CFF","Regular ToiletPaper Regular ToiletPaper"
"Regular_ToiletPaperAlt","Regular","fa:Regular","ToiletPaperAlt","[fa:Regular_ToiletPaperAlt]","fa:Regular_ToiletPaperAlt:#2D8CFF","Regular ToiletPaperAlt Regular ToiletPaperAlt"
"Regular_ToiletPaperSlash","Regular","fa:Regular","ToiletPaperSlash","[fa:Regular_ToiletPaperSlash]","fa:Regular_ToiletPaperSlash:#2D8CFF","Regular ToiletPaperSlash Regular ToiletPaperSlash"
"Regular_Tombstone","Regular","fa:Regular","Tombstone","[fa:Regular_Tombstone]","fa:Regular_Tombstone:#2D8CFF","Regular Tombstone Regular Tombstone"
"Regular_TombstoneAlt","Regular","fa:Regular","TombstoneAlt","[fa:Regular_TombstoneAlt]","fa:Regular_TombstoneAlt:#2D8CFF","Regular TombstoneAlt Regular TombstoneAlt"
"Regular_Toolbox","Regular","fa:Regular","Toolbox","[fa:Regular_Toolbox]","fa:Regular_Toolbox:#2D8CFF","Regular Toolbox Regular Toolbox"
"Regular_Tools","Regular","fa:Regular","Tools","[fa:Regular_Tools]","fa:Regular_Tools:#2D8CFF","Regular Tools Regular Tools"
"Regular_Tooth","Regular","fa:Regular","Tooth","[fa:Regular_Tooth]","fa:Regular_Tooth:#2D8CFF","Regular Tooth Regular Tooth"
"Regular_Toothbrush","Regular","fa:Regular","Toothbrush","[fa:Regular_Toothbrush]","fa:Regular_Toothbrush:#2D8CFF","Regular Toothbrush Regular Toothbrush"
"Regular_Torah","Regular","fa:Regular","Torah","[fa:Regular_Torah]","fa:Regular_Torah:#2D8CFF","Regular Torah Regular Torah"
"Regular_ToriiGate","Regular","fa:Regular","ToriiGate","[fa:Regular_ToriiGate]","fa:Regular_ToriiGate:#2D8CFF","Regular ToriiGate Regular ToriiGate"
"Regular_Tornado","Regular","fa:Regular","Tornado","[fa:Regular_Tornado]","fa:Regular_Tornado:#2D8CFF","Regular Tornado Regular Tornado"
"Regular_Tractor","Regular","fa:Regular","Tractor","[fa:Regular_Tractor]","fa:Regular_Tractor:#2D8CFF","Regular Tractor Regular Tractor"
"Regular_Trademark","Regular","fa:Regular","Trademark","[fa:Regular_Trademark]","fa:Regular_Trademark:#2D8CFF","Regular Trademark Regular Trademark"
"Regular_TrafficCone","Regular","fa:Regular","TrafficCone","[fa:Regular_TrafficCone]","fa:Regular_TrafficCone:#2D8CFF","Regular TrafficCone Regular TrafficCone"
"Regular_TrafficLight","Regular","fa:Regular","TrafficLight","[fa:Regular_TrafficLight]","fa:Regular_TrafficLight:#2D8CFF","Regular TrafficLight Regular TrafficLight"
"Regular_TrafficLightGo","Regular","fa:Regular","TrafficLightGo","[fa:Regular_TrafficLightGo]","fa:Regular_TrafficLightGo:#2D8CFF","Regular TrafficLightGo Regular TrafficLightGo"
"Regular_TrafficLightSlow","Regular","fa:Regular","TrafficLightSlow","[fa:Regular_TrafficLightSlow]","fa:Regular_TrafficLightSlow:#2D8CFF","Regular TrafficLightSlow Regular TrafficLightSlow"
"Regular_TrafficLightStop","Regular","fa:Regular","TrafficLightStop","[fa:Regular_TrafficLightStop]","fa:Regular_TrafficLightStop:#2D8CFF","Regular TrafficLightStop Regular TrafficLightStop"
"Regular_Trailer","Regular","fa:Regular","Trailer","[fa:Regular_Trailer]","fa:Regular_Trailer:#2D8CFF","Regular Trailer Regular Trailer"
"Regular_Train","Regular","fa:Regular","Train","[fa:Regular_Train]","fa:Regular_Train:#2D8CFF","Regular Train Regular Train"
"Regular_Tram","Regular","fa:Regular","Tram","[fa:Regular_Tram]","fa:Regular_Tram:#2D8CFF","Regular Tram Regular Tram"
"Regular_Transgender","Regular","fa:Regular","Transgender","[fa:Regular_Transgender]","fa:Regular_Transgender:#2D8CFF","Regular Transgender Regular Transgender"
"Regular_TransgenderAlt","Regular","fa:Regular","TransgenderAlt","[fa:Regular_TransgenderAlt]","fa:Regular_TransgenderAlt:#2D8CFF","Regular TransgenderAlt Regular TransgenderAlt"
"Regular_Transporter","Regular","fa:Regular","Transporter","[fa:Regular_Transporter]","fa:Regular_Transporter:#2D8CFF","Regular Transporter Regular Transporter"
"Regular_Transporter1","Regular","fa:Regular","Transporter1","[fa:Regular_Transporter1]","fa:Regular_Transporter1:#2D8CFF","Regular Transporter1 Regular Transporter1"
"Regular_Transporter2","Regular","fa:Regular","Transporter2","[fa:Regular_Transporter2]","fa:Regular_Transporter2:#2D8CFF","Regular Transporter2 Regular Transporter2"
"Regular_Transporter3","Regular","fa:Regular","Transporter3","[fa:Regular_Transporter3]","fa:Regular_Transporter3:#2D8CFF","Regular Transporter3 Regular Transporter3"
"Regular_TransporterEmpty","Regular","fa:Regular","TransporterEmpty","[fa:Regular_TransporterEmpty]","fa:Regular_TransporterEmpty:#2D8CFF","Regular TransporterEmpty Regular TransporterEmpty"
"Regular_Trash","Regular","fa:Regular","Trash","[fa:Regular_Trash]","fa:Regular_Trash:#2D8CFF","Regular Trash Regular Trash"
"Regular_TrashAlt","Regular","fa:Regular","TrashAlt","[fa:Regular_TrashAlt]","fa:Regular_TrashAlt:#2D8CFF","Regular TrashAlt Regular TrashAlt"
"Regular_TrashRestore","Regular","fa:Regular","TrashRestore","[fa:Regular_TrashRestore]","fa:Regular_TrashRestore:#2D8CFF","Regular TrashRestore Regular TrashRestore"
"Regular_TrashRestoreAlt","Regular","fa:Regular","TrashRestoreAlt","[fa:Regular_TrashRestoreAlt]","fa:Regular_TrashRestoreAlt:#2D8CFF","Regular TrashRestoreAlt Regular TrashRestoreAlt"
"Regular_TrashUndo","Regular","fa:Regular","TrashUndo","[fa:Regular_TrashUndo]","fa:Regular_TrashUndo:#2D8CFF","Regular TrashUndo Regular TrashUndo"
"Regular_TrashUndoAlt","Regular","fa:Regular","TrashUndoAlt","[fa:Regular_TrashUndoAlt]","fa:Regular_TrashUndoAlt:#2D8CFF","Regular TrashUndoAlt Regular TrashUndoAlt"
"Regular_TreasureChest","Regular","fa:Regular","TreasureChest","[fa:Regular_TreasureChest]","fa:Regular_TreasureChest:#2D8CFF","Regular TreasureChest Regular TreasureChest"
"Regular_Tree","Regular","fa:Regular","Tree","[fa:Regular_Tree]","fa:Regular_Tree:#2D8CFF","Regular Tree Regular Tree"
"Regular_TreeAlt","Regular","fa:Regular","TreeAlt","[fa:Regular_TreeAlt]","fa:Regular_TreeAlt:#2D8CFF","Regular TreeAlt Regular TreeAlt"
"Regular_TreeChristmas","Regular","fa:Regular","TreeChristmas","[fa:Regular_TreeChristmas]","fa:Regular_TreeChristmas:#2D8CFF","Regular TreeChristmas Regular TreeChristmas"
"Regular_TreeDecorated","Regular","fa:Regular","TreeDecorated","[fa:Regular_TreeDecorated]","fa:Regular_TreeDecorated:#2D8CFF","Regular TreeDecorated Regular TreeDecorated"
"Regular_TreeLarge","Regular","fa:Regular","TreeLarge","[fa:Regular_TreeLarge]","fa:Regular_TreeLarge:#2D8CFF","Regular TreeLarge Regular TreeLarge"
"Regular_TreePalm","Regular","fa:Regular","TreePalm","[fa:Regular_TreePalm]","fa:Regular_TreePalm:#2D8CFF","Regular TreePalm Regular TreePalm"
"Regular_Trees","Regular","fa:Regular","Trees","[fa:Regular_Trees]","fa:Regular_Trees:#2D8CFF","Regular Trees Regular Trees"
"Regular_Triangle","Regular","fa:Regular","Triangle","[fa:Regular_Triangle]","fa:Regular_Triangle:#2D8CFF","Regular Triangle Regular Triangle"
"Regular_TriangleMusic","Regular","fa:Regular","TriangleMusic","[fa:Regular_TriangleMusic]","fa:Regular_TriangleMusic:#2D8CFF","Regular TriangleMusic Regular TriangleMusic"
"Regular_Trophy","Regular","fa:Regular","Trophy","[fa:Regular_Trophy]","fa:Regular_Trophy:#2D8CFF","Regular Trophy Regular Trophy"
"Regular_TrophyAlt","Regular","fa:Regular","TrophyAlt","[fa:Regular_TrophyAlt]","fa:Regular_TrophyAlt:#2D8CFF","Regular TrophyAlt Regular TrophyAlt"
"Regular_Truck","Regular","fa:Regular","Truck","[fa:Regular_Truck]","fa:Regular_Truck:#2D8CFF","Regular Truck Regular Truck"
"Regular_TruckContainer","Regular","fa:Regular","TruckContainer","[fa:Regular_TruckContainer]","fa:Regular_TruckContainer:#2D8CFF","Regular TruckContainer Regular TruckContainer"
"Regular_TruckCouch","Regular","fa:Regular","TruckCouch","[fa:Regular_TruckCouch]","fa:Regular_TruckCouch:#2D8CFF","Regular TruckCouch Regular TruckCouch"
"Regular_TruckLoading","Regular","fa:Regular","TruckLoading","[fa:Regular_TruckLoading]","fa:Regular_TruckLoading:#2D8CFF","Regular TruckLoading Regular TruckLoading"
"Regular_TruckMonster","Regular","fa:Regular","TruckMonster","[fa:Regular_TruckMonster]","fa:Regular_TruckMonster:#2D8CFF","Regular TruckMonster Regular TruckMonster"
"Regular_TruckMoving","Regular","fa:Regular","TruckMoving","[fa:Regular_TruckMoving]","fa:Regular_TruckMoving:#2D8CFF","Regular TruckMoving Regular TruckMoving"
"Regular_TruckPickup","Regular","fa:Regular","TruckPickup","[fa:Regular_TruckPickup]","fa:Regular_TruckPickup:#2D8CFF","Regular TruckPickup Regular TruckPickup"
"Regular_TruckPlow","Regular","fa:Regular","TruckPlow","[fa:Regular_TruckPlow]","fa:Regular_TruckPlow:#2D8CFF","Regular TruckPlow Regular TruckPlow"
"Regular_TruckRamp","Regular","fa:Regular","TruckRamp","[fa:Regular_TruckRamp]","fa:Regular_TruckRamp:#2D8CFF","Regular TruckRamp Regular TruckRamp"
"Regular_Trumpet","Regular","fa:Regular","Trumpet","[fa:Regular_Trumpet]","fa:Regular_Trumpet:#2D8CFF","Regular Trumpet Regular Trumpet"
"Regular_Tshirt","Regular","fa:Regular","Tshirt","[fa:Regular_Tshirt]","fa:Regular_Tshirt:#2D8CFF","Regular Tshirt Regular Tshirt"
"Regular_Tty","Regular","fa:Regular","Tty","[fa:Regular_Tty]","fa:Regular_Tty:#2D8CFF","Regular Tty Regular Tty"
"Regular_Turkey","Regular","fa:Regular","Turkey","[fa:Regular_Turkey]","fa:Regular_Turkey:#2D8CFF","Regular Turkey Regular Turkey"
"Regular_Turntable","Regular","fa:Regular","Turntable","[fa:Regular_Turntable]","fa:Regular_Turntable:#2D8CFF","Regular Turntable Regular Turntable"
"Regular_Turtle","Regular","fa:Regular","Turtle","[fa:Regular_Turtle]","fa:Regular_Turtle:#2D8CFF","Regular Turtle Regular Turtle"
"Regular_Tv","Regular","fa:Regular","Tv","[fa:Regular_Tv]","fa:Regular_Tv:#2D8CFF","Regular Tv Regular Tv"
"Regular_TvAlt","Regular","fa:Regular","TvAlt","[fa:Regular_TvAlt]","fa:Regular_TvAlt:#2D8CFF","Regular TvAlt Regular TvAlt"
"Regular_TvMusic","Regular","fa:Regular","TvMusic","[fa:Regular_TvMusic]","fa:Regular_TvMusic:#2D8CFF","Regular TvMusic Regular TvMusic"
"Regular_TvRetro","Regular","fa:Regular","TvRetro","[fa:Regular_TvRetro]","fa:Regular_TvRetro:#2D8CFF","Regular TvRetro Regular TvRetro"
"Regular_Typewriter","Regular","fa:Regular","Typewriter","[fa:Regular_Typewriter]","fa:Regular_Typewriter:#2D8CFF","Regular Typewriter Regular Typewriter"
"Regular_Ufo","Regular","fa:Regular","Ufo","[fa:Regular_Ufo]","fa:Regular_Ufo:#2D8CFF","Regular Ufo Regular Ufo"
"Regular_UfoBeam","Regular","fa:Regular","UfoBeam","[fa:Regular_UfoBeam]","fa:Regular_UfoBeam:#2D8CFF","Regular UfoBeam Regular UfoBeam"
"Regular_Umbrella","Regular","fa:Regular","Umbrella","[fa:Regular_Umbrella]","fa:Regular_Umbrella:#2D8CFF","Regular Umbrella Regular Umbrella"
"Regular_UmbrellaBeach","Regular","fa:Regular","UmbrellaBeach","[fa:Regular_UmbrellaBeach]","fa:Regular_UmbrellaBeach:#2D8CFF","Regular UmbrellaBeach Regular UmbrellaBeach"
"Regular_Underline","Regular","fa:Regular","Underline","[fa:Regular_Underline]","fa:Regular_Underline:#2D8CFF","Regular Underline Regular Underline"
"Regular_Undo","Regular","fa:Regular","Undo","[fa:Regular_Undo]","fa:Regular_Undo:#2D8CFF","Regular Undo Regular Undo"
"Regular_UndoAlt","Regular","fa:Regular","UndoAlt","[fa:Regular_UndoAlt]","fa:Regular_UndoAlt:#2D8CFF","Regular UndoAlt Regular UndoAlt"
"Regular_Unicorn","Regular","fa:Regular","Unicorn","[fa:Regular_Unicorn]","fa:Regular_Unicorn:#2D8CFF","Regular Unicorn Regular Unicorn"
"Regular_Union","Regular","fa:Regular","Union","[fa:Regular_Union]","fa:Regular_Union:#2D8CFF","Regular Union Regular Union"
"Regular_UniversalAccess","Regular","fa:Regular","UniversalAccess","[fa:Regular_UniversalAccess]","fa:Regular_UniversalAccess:#2D8CFF","Regular UniversalAccess Regular UniversalAccess"
"Regular_University","Regular","fa:Regular","University","[fa:Regular_University]","fa:Regular_University:#2D8CFF","Regular University Regular University"
"Regular_Unlink","Regular","fa:Regular","Unlink","[fa:Regular_Unlink]","fa:Regular_Unlink:#2D8CFF","Regular Unlink Regular Unlink"
"Regular_Unlock","Regular","fa:Regular","Unlock","[fa:Regular_Unlock]","fa:Regular_Unlock:#2D8CFF","Regular Unlock Regular Unlock"
"Regular_UnlockAlt","Regular","fa:Regular","UnlockAlt","[fa:Regular_UnlockAlt]","fa:Regular_UnlockAlt:#2D8CFF","Regular UnlockAlt Regular UnlockAlt"
"Regular_Upload","Regular","fa:Regular","Upload","[fa:Regular_Upload]","fa:Regular_Upload:#2D8CFF","Regular Upload Regular Upload"
"Regular_UsbDrive","Regular","fa:Regular","UsbDrive","[fa:Regular_UsbDrive]","fa:Regular_UsbDrive:#2D8CFF","Regular UsbDrive Regular UsbDrive"
"Regular_UsdCircle","Regular","fa:Regular","UsdCircle","[fa:Regular_UsdCircle]","fa:Regular_UsdCircle:#2D8CFF","Regular UsdCircle Regular UsdCircle"
"Regular_UsdSquare","Regular","fa:Regular","UsdSquare","[fa:Regular_UsdSquare]","fa:Regular_UsdSquare:#2D8CFF","Regular UsdSquare Regular UsdSquare"
"Regular_User","Regular","fa:Regular","User","[fa:Regular_User]","fa:Regular_User:#2D8CFF","Regular User Regular User"
"Regular_UserAlien","Regular","fa:Regular","UserAlien","[fa:Regular_UserAlien]","fa:Regular_UserAlien:#2D8CFF","Regular UserAlien Regular UserAlien"
"Regular_UserAlt","Regular","fa:Regular","UserAlt","[fa:Regular_UserAlt]","fa:Regular_UserAlt:#2D8CFF","Regular UserAlt Regular UserAlt"
"Regular_UserAltSlash","Regular","fa:Regular","UserAltSlash","[fa:Regular_UserAltSlash]","fa:Regular_UserAltSlash:#2D8CFF","Regular UserAltSlash Regular UserAltSlash"
"Regular_UserAstronaut","Regular","fa:Regular","UserAstronaut","[fa:Regular_UserAstronaut]","fa:Regular_UserAstronaut:#2D8CFF","Regular UserAstronaut Regular UserAstronaut"
"Regular_UserChart","Regular","fa:Regular","UserChart","[fa:Regular_UserChart]","fa:Regular_UserChart:#2D8CFF","Regular UserChart Regular UserChart"
"Regular_UserCheck","Regular","fa:Regular","UserCheck","[fa:Regular_UserCheck]","fa:Regular_UserCheck:#2D8CFF","Regular UserCheck Regular UserCheck"
"Regular_UserCircle","Regular","fa:Regular","UserCircle","[fa:Regular_UserCircle]","fa:Regular_UserCircle:#2D8CFF","Regular UserCircle Regular UserCircle"
"Regular_UserClock","Regular","fa:Regular","UserClock","[fa:Regular_UserClock]","fa:Regular_UserClock:#2D8CFF","Regular UserClock Regular UserClock"
"Regular_UserCog","Regular","fa:Regular","UserCog","[fa:Regular_UserCog]","fa:Regular_UserCog:#2D8CFF","Regular UserCog Regular UserCog"
"Regular_UserCowboy","Regular","fa:Regular","UserCowboy","[fa:Regular_UserCowboy]","fa:Regular_UserCowboy:#2D8CFF","Regular UserCowboy Regular UserCowboy"
"Regular_UserCrown","Regular","fa:Regular","UserCrown","[fa:Regular_UserCrown]","fa:Regular_UserCrown:#2D8CFF","Regular UserCrown Regular UserCrown"
"Regular_UserEdit","Regular","fa:Regular","UserEdit","[fa:Regular_UserEdit]","fa:Regular_UserEdit:#2D8CFF","Regular UserEdit Regular UserEdit"
"Regular_UserFriends","Regular","fa:Regular","UserFriends","[fa:Regular_UserFriends]","fa:Regular_UserFriends:#2D8CFF","Regular UserFriends Regular UserFriends"
"Regular_UserGraduate","Regular","fa:Regular","UserGraduate","[fa:Regular_UserGraduate]","fa:Regular_UserGraduate:#2D8CFF","Regular UserGraduate Regular UserGraduate"
"Regular_UserHardHat","Regular","fa:Regular","UserHardHat","[fa:Regular_UserHardHat]","fa:Regular_UserHardHat:#2D8CFF","Regular UserHardHat Regular UserHardHat"
"Regular_UserHeadset","Regular","fa:Regular","UserHeadset","[fa:Regular_UserHeadset]","fa:Regular_UserHeadset:#2D8CFF","Regular UserHeadset Regular UserHeadset"
"Regular_UserInjured","Regular","fa:Regular","UserInjured","[fa:Regular_UserInjured]","fa:Regular_UserInjured:#2D8CFF","Regular UserInjured Regular UserInjured"
"Regular_UserLock","Regular","fa:Regular","UserLock","[fa:Regular_UserLock]","fa:Regular_UserLock:#2D8CFF","Regular UserLock Regular UserLock"
"Regular_UserMd","Regular","fa:Regular","UserMd","[fa:Regular_UserMd]","fa:Regular_UserMd:#2D8CFF","Regular UserMd Regular UserMd"
"Regular_UserMdChat","Regular","fa:Regular","UserMdChat","[fa:Regular_UserMdChat]","fa:Regular_UserMdChat:#2D8CFF","Regular UserMdChat Regular UserMdChat"
"Regular_UserMinus","Regular","fa:Regular","UserMinus","[fa:Regular_UserMinus]","fa:Regular_UserMinus:#2D8CFF","Regular UserMinus Regular UserMinus"
"Regular_UserMusic","Regular","fa:Regular","UserMusic","[fa:Regular_UserMusic]","fa:Regular_UserMusic:#2D8CFF","Regular UserMusic Regular UserMusic"
"Regular_UserNinja","Regular","fa:Regular","UserNinja","[fa:Regular_UserNinja]","fa:Regular_UserNinja:#2D8CFF","Regular UserNinja Regular UserNinja"
"Regular_UserNurse","Regular","fa:Regular","UserNurse","[fa:Regular_UserNurse]","fa:Regular_UserNurse:#2D8CFF","Regular UserNurse Regular UserNurse"
"Regular_UserPlus","Regular","fa:Regular","UserPlus","[fa:Regular_UserPlus]","fa:Regular_UserPlus:#2D8CFF","Regular UserPlus Regular UserPlus"
"Regular_UserRobot","Regular","fa:Regular","UserRobot","[fa:Regular_UserRobot]","fa:Regular_UserRobot:#2D8CFF","Regular UserRobot Regular UserRobot"
"Regular_UserSecret","Regular","fa:Regular","UserSecret","[fa:Regular_UserSecret]","fa:Regular_UserSecret:#2D8CFF","Regular UserSecret Regular UserSecret"
"Regular_UserShield","Regular","fa:Regular","UserShield","[fa:Regular_UserShield]","fa:Regular_UserShield:#2D8CFF","Regular UserShield Regular UserShield"
"Regular_UserSlash","Regular","fa:Regular","UserSlash","[fa:Regular_UserSlash]","fa:Regular_UserSlash:#2D8CFF","Regular UserSlash Regular UserSlash"
"Regular_UserTag","Regular","fa:Regular","UserTag","[fa:Regular_UserTag]","fa:Regular_UserTag:#2D8CFF","Regular UserTag Regular UserTag"
"Regular_UserTie","Regular","fa:Regular","UserTie","[fa:Regular_UserTie]","fa:Regular_UserTie:#2D8CFF","Regular UserTie Regular UserTie"
"Regular_UserTimes","Regular","fa:Regular","UserTimes","[fa:Regular_UserTimes]","fa:Regular_UserTimes:#2D8CFF","Regular UserTimes Regular UserTimes"
"Regular_UserUnlock","Regular","fa:Regular","UserUnlock","[fa:Regular_UserUnlock]","fa:Regular_UserUnlock:#2D8CFF","Regular UserUnlock Regular UserUnlock"
"Regular_UserVisor","Regular","fa:Regular","UserVisor","[fa:Regular_UserVisor]","fa:Regular_UserVisor:#2D8CFF","Regular UserVisor Regular UserVisor"
"Regular_Users","Regular","fa:Regular","Users","[fa:Regular_Users]","fa:Regular_Users:#2D8CFF","Regular Users Regular Users"
"Regular_UsersClass","Regular","fa:Regular","UsersClass","[fa:Regular_UsersClass]","fa:Regular_UsersClass:#2D8CFF","Regular UsersClass Regular UsersClass"
"Regular_UsersCog","Regular","fa:Regular","UsersCog","[fa:Regular_UsersCog]","fa:Regular_UsersCog:#2D8CFF","Regular UsersCog Regular UsersCog"
"Regular_UsersCrown","Regular","fa:Regular","UsersCrown","[fa:Regular_UsersCrown]","fa:Regular_UsersCrown:#2D8CFF","Regular UsersCrown Regular UsersCrown"
"Regular_UsersMedical","Regular","fa:Regular","UsersMedical","[fa:Regular_UsersMedical]","fa:Regular_UsersMedical:#2D8CFF","Regular UsersMedical Regular UsersMedical"
"Regular_UsersSlash","Regular","fa:Regular","UsersSlash","[fa:Regular_UsersSlash]","fa:Regular_UsersSlash:#2D8CFF","Regular UsersSlash Regular UsersSlash"
"Regular_UtensilFork","Regular","fa:Regular","UtensilFork","[fa:Regular_UtensilFork]","fa:Regular_UtensilFork:#2D8CFF","Regular UtensilFork Regular UtensilFork"
"Regular_UtensilKnife","Regular","fa:Regular","UtensilKnife","[fa:Regular_UtensilKnife]","fa:Regular_UtensilKnife:#2D8CFF","Regular UtensilKnife Regular UtensilKnife"
"Regular_UtensilSpoon","Regular","fa:Regular","UtensilSpoon","[fa:Regular_UtensilSpoon]","fa:Regular_UtensilSpoon:#2D8CFF","Regular UtensilSpoon Regular UtensilSpoon"
"Regular_Utensils","Regular","fa:Regular","Utensils","[fa:Regular_Utensils]","fa:Regular_Utensils:#2D8CFF","Regular Utensils Regular Utensils"
"Regular_UtensilsAlt","Regular","fa:Regular","UtensilsAlt","[fa:Regular_UtensilsAlt]","fa:Regular_UtensilsAlt:#2D8CFF","Regular UtensilsAlt Regular UtensilsAlt"
"Regular_Vacuum","Regular","fa:Regular","Vacuum","[fa:Regular_Vacuum]","fa:Regular_Vacuum:#2D8CFF","Regular Vacuum Regular Vacuum"
"Regular_VacuumRobot","Regular","fa:Regular","VacuumRobot","[fa:Regular_VacuumRobot]","fa:Regular_VacuumRobot:#2D8CFF","Regular VacuumRobot Regular VacuumRobot"
"Regular_ValueAbsolute","Regular","fa:Regular","ValueAbsolute","[fa:Regular_ValueAbsolute]","fa:Regular_ValueAbsolute:#2D8CFF","Regular ValueAbsolute Regular ValueAbsolute"
"Regular_VectorSquare","Regular","fa:Regular","VectorSquare","[fa:Regular_VectorSquare]","fa:Regular_VectorSquare:#2D8CFF","Regular VectorSquare Regular VectorSquare"
"Regular_Venus","Regular","fa:Regular","Venus","[fa:Regular_Venus]","fa:Regular_Venus:#2D8CFF","Regular Venus Regular Venus"
"Regular_VenusDouble","Regular","fa:Regular","VenusDouble","[fa:Regular_VenusDouble]","fa:Regular_VenusDouble:#2D8CFF","Regular VenusDouble Regular VenusDouble"
"Regular_VenusMars","Regular","fa:Regular","VenusMars","[fa:Regular_VenusMars]","fa:Regular_VenusMars:#2D8CFF","Regular VenusMars Regular VenusMars"
"Regular_Vhs","Regular","fa:Regular","Vhs","[fa:Regular_Vhs]","fa:Regular_Vhs:#2D8CFF","Regular Vhs Regular Vhs"
"Regular_Vial","Regular","fa:Regular","Vial","[fa:Regular_Vial]","fa:Regular_Vial:#2D8CFF","Regular Vial Regular Vial"
"Regular_Vials","Regular","fa:Regular","Vials","[fa:Regular_Vials]","fa:Regular_Vials:#2D8CFF","Regular Vials Regular Vials"
"Regular_Video","Regular","fa:Regular","Video","[fa:Regular_Video]","fa:Regular_Video:#2D8CFF","Regular Video Regular Video"
"Regular_VideoPlus","Regular","fa:Regular","VideoPlus","[fa:Regular_VideoPlus]","fa:Regular_VideoPlus:#2D8CFF","Regular VideoPlus Regular VideoPlus"
"Regular_VideoSlash","Regular","fa:Regular","VideoSlash","[fa:Regular_VideoSlash]","fa:Regular_VideoSlash:#2D8CFF","Regular VideoSlash Regular VideoSlash"
"Regular_Vihara","Regular","fa:Regular","Vihara","[fa:Regular_Vihara]","fa:Regular_Vihara:#2D8CFF","Regular Vihara Regular Vihara"
"Regular_Violin","Regular","fa:Regular","Violin","[fa:Regular_Violin]","fa:Regular_Violin:#2D8CFF","Regular Violin Regular Violin"
"Regular_Virus","Regular","fa:Regular","Virus","[fa:Regular_Virus]","fa:Regular_Virus:#2D8CFF","Regular Virus Regular Virus"
"Regular_VirusSlash","Regular","fa:Regular","VirusSlash","[fa:Regular_VirusSlash]","fa:Regular_VirusSlash:#2D8CFF","Regular VirusSlash Regular VirusSlash"
"Regular_Viruses","Regular","fa:Regular","Viruses","[fa:Regular_Viruses]","fa:Regular_Viruses:#2D8CFF","Regular Viruses Regular Viruses"
"Regular_Voicemail","Regular","fa:Regular","Voicemail","[fa:Regular_Voicemail]","fa:Regular_Voicemail:#2D8CFF","Regular Voicemail Regular Voicemail"
"Regular_Volcano","Regular","fa:Regular","Volcano","[fa:Regular_Volcano]","fa:Regular_Volcano:#2D8CFF","Regular Volcano Regular Volcano"
"Regular_VolleyballBall","Regular","fa:Regular","VolleyballBall","[fa:Regular_VolleyballBall]","fa:Regular_VolleyballBall:#2D8CFF","Regular VolleyballBall Regular VolleyballBall"
"Regular_Volume","Regular","fa:Regular","Volume","[fa:Regular_Volume]","fa:Regular_Volume:#2D8CFF","Regular Volume Regular Volume"
"Regular_VolumeDown","Regular","fa:Regular","VolumeDown","[fa:Regular_VolumeDown]","fa:Regular_VolumeDown:#2D8CFF","Regular VolumeDown Regular VolumeDown"
"Regular_VolumeMute","Regular","fa:Regular","VolumeMute","[fa:Regular_VolumeMute]","fa:Regular_VolumeMute:#2D8CFF","Regular VolumeMute Regular VolumeMute"
"Regular_VolumeOff","Regular","fa:Regular","VolumeOff","[fa:Regular_VolumeOff]","fa:Regular_VolumeOff:#2D8CFF","Regular VolumeOff Regular VolumeOff"
"Regular_VolumeSlash","Regular","fa:Regular","VolumeSlash","[fa:Regular_VolumeSlash]","fa:Regular_VolumeSlash:#2D8CFF","Regular VolumeSlash Regular VolumeSlash"
"Regular_VolumeUp","Regular","fa:Regular","VolumeUp","[fa:Regular_VolumeUp]","fa:Regular_VolumeUp:#2D8CFF","Regular VolumeUp Regular VolumeUp"
"Regular_VoteNay","Regular","fa:Regular","VoteNay","[fa:Regular_VoteNay]","fa:Regular_VoteNay:#2D8CFF","Regular VoteNay Regular VoteNay"
"Regular_VoteYea","Regular","fa:Regular","VoteYea","[fa:Regular_VoteYea]","fa:Regular_VoteYea:#2D8CFF","Regular VoteYea Regular VoteYea"
"Regular_VrCardboard","Regular","fa:Regular","VrCardboard","[fa:Regular_VrCardboard]","fa:Regular_VrCardboard:#2D8CFF","Regular VrCardboard Regular VrCardboard"
"Regular_WagonCovered","Regular","fa:Regular","WagonCovered","[fa:Regular_WagonCovered]","fa:Regular_WagonCovered:#2D8CFF","Regular WagonCovered Regular WagonCovered"
"Regular_Walker","Regular","fa:Regular","Walker","[fa:Regular_Walker]","fa:Regular_Walker:#2D8CFF","Regular Walker Regular Walker"
"Regular_WalkieTalkie","Regular","fa:Regular","WalkieTalkie","[fa:Regular_WalkieTalkie]","fa:Regular_WalkieTalkie:#2D8CFF","Regular WalkieTalkie Regular WalkieTalkie"
"Regular_Walking","Regular","fa:Regular","Walking","[fa:Regular_Walking]","fa:Regular_Walking:#2D8CFF","Regular Walking Regular Walking"
"Regular_Wallet","Regular","fa:Regular","Wallet","[fa:Regular_Wallet]","fa:Regular_Wallet:#2D8CFF","Regular Wallet Regular Wallet"
"Regular_Wand","Regular","fa:Regular","Wand","[fa:Regular_Wand]","fa:Regular_Wand:#2D8CFF","Regular Wand Regular Wand"
"Regular_WandMagic","Regular","fa:Regular","WandMagic","[fa:Regular_WandMagic]","fa:Regular_WandMagic:#2D8CFF","Regular WandMagic Regular WandMagic"
"Regular_Warehouse","Regular","fa:Regular","Warehouse","[fa:Regular_Warehouse]","fa:Regular_Warehouse:#2D8CFF","Regular Warehouse Regular Warehouse"
"Regular_WarehouseAlt","Regular","fa:Regular","WarehouseAlt","[fa:Regular_WarehouseAlt]","fa:Regular_WarehouseAlt:#2D8CFF","Regular WarehouseAlt Regular WarehouseAlt"
"Regular_Washer","Regular","fa:Regular","Washer","[fa:Regular_Washer]","fa:Regular_Washer:#2D8CFF","Regular Washer Regular Washer"
"Regular_Watch","Regular","fa:Regular","Watch","[fa:Regular_Watch]","fa:Regular_Watch:#2D8CFF","Regular Watch Regular Watch"
"Regular_WatchCalculator","Regular","fa:Regular","WatchCalculator","[fa:Regular_WatchCalculator]","fa:Regular_WatchCalculator:#2D8CFF","Regular WatchCalculator Regular WatchCalculator"
"Regular_WatchFitness","Regular","fa:Regular","WatchFitness","[fa:Regular_WatchFitness]","fa:Regular_WatchFitness:#2D8CFF","Regular WatchFitness Regular WatchFitness"
"Regular_Water","Regular","fa:Regular","Water","[fa:Regular_Water]","fa:Regular_Water:#2D8CFF","Regular Water Regular Water"
"Regular_WaterLower","Regular","fa:Regular","WaterLower","[fa:Regular_WaterLower]","fa:Regular_WaterLower:#2D8CFF","Regular WaterLower Regular WaterLower"
"Regular_WaterRise","Regular","fa:Regular","WaterRise","[fa:Regular_WaterRise]","fa:Regular_WaterRise:#2D8CFF","Regular WaterRise Regular WaterRise"
"Regular_WaveSine","Regular","fa:Regular","WaveSine","[fa:Regular_WaveSine]","fa:Regular_WaveSine:#2D8CFF","Regular WaveSine Regular WaveSine"
"Regular_WaveSquare","Regular","fa:Regular","WaveSquare","[fa:Regular_WaveSquare]","fa:Regular_WaveSquare:#2D8CFF","Regular WaveSquare Regular WaveSquare"
"Regular_WaveTriangle","Regular","fa:Regular","WaveTriangle","[fa:Regular_WaveTriangle]","fa:Regular_WaveTriangle:#2D8CFF","Regular WaveTriangle Regular WaveTriangle"
"Regular_Waveform","Regular","fa:Regular","Waveform","[fa:Regular_Waveform]","fa:Regular_Waveform:#2D8CFF","Regular Waveform Regular Waveform"
"Regular_WaveformPath","Regular","fa:Regular","WaveformPath","[fa:Regular_WaveformPath]","fa:Regular_WaveformPath:#2D8CFF","Regular WaveformPath Regular WaveformPath"
"Regular_Webcam","Regular","fa:Regular","Webcam","[fa:Regular_Webcam]","fa:Regular_Webcam:#2D8CFF","Regular Webcam Regular Webcam"
"Regular_WebcamSlash","Regular","fa:Regular","WebcamSlash","[fa:Regular_WebcamSlash]","fa:Regular_WebcamSlash:#2D8CFF","Regular WebcamSlash Regular WebcamSlash"
"Regular_Weight","Regular","fa:Regular","Weight","[fa:Regular_Weight]","fa:Regular_Weight:#2D8CFF","Regular Weight Regular Weight"
"Regular_WeightHanging","Regular","fa:Regular","WeightHanging","[fa:Regular_WeightHanging]","fa:Regular_WeightHanging:#2D8CFF","Regular WeightHanging Regular WeightHanging"
"Regular_Whale","Regular","fa:Regular","Whale","[fa:Regular_Whale]","fa:Regular_Whale:#2D8CFF","Regular Whale Regular Whale"
"Regular_Wheat","Regular","fa:Regular","Wheat","[fa:Regular_Wheat]","fa:Regular_Wheat:#2D8CFF","Regular Wheat Regular Wheat"
"Regular_Wheelchair","Regular","fa:Regular","Wheelchair","[fa:Regular_Wheelchair]","fa:Regular_Wheelchair:#2D8CFF","Regular Wheelchair Regular Wheelchair"
"Regular_Whistle","Regular","fa:Regular","Whistle","[fa:Regular_Whistle]","fa:Regular_Whistle:#2D8CFF","Regular Whistle Regular Whistle"
"Regular_Wifi","Regular","fa:Regular","Wifi","[fa:Regular_Wifi]","fa:Regular_Wifi:#2D8CFF","Regular Wifi Regular Wifi"
"Regular_Wifi1","Regular","fa:Regular","Wifi1","[fa:Regular_Wifi1]","fa:Regular_Wifi1:#2D8CFF","Regular Wifi1 Regular Wifi1"
"Regular_Wifi2","Regular","fa:Regular","Wifi2","[fa:Regular_Wifi2]","fa:Regular_Wifi2:#2D8CFF","Regular Wifi2 Regular Wifi2"
"Regular_WifiSlash","Regular","fa:Regular","WifiSlash","[fa:Regular_WifiSlash]","fa:Regular_WifiSlash:#2D8CFF","Regular WifiSlash Regular WifiSlash"
"Regular_Wind","Regular","fa:Regular","Wind","[fa:Regular_Wind]","fa:Regular_Wind:#2D8CFF","Regular Wind Regular Wind"
"Regular_WindTurbine","Regular","fa:Regular","WindTurbine","[fa:Regular_WindTurbine]","fa:Regular_WindTurbine:#2D8CFF","Regular WindTurbine Regular WindTurbine"
"Regular_WindWarning","Regular","fa:Regular","WindWarning","[fa:Regular_WindWarning]","fa:Regular_WindWarning:#2D8CFF","Regular WindWarning Regular WindWarning"
"Regular_Window","Regular","fa:Regular","Window","[fa:Regular_Window]","fa:Regular_Window:#2D8CFF","Regular Window Regular Window"
"Regular_WindowAlt","Regular","fa:Regular","WindowAlt","[fa:Regular_WindowAlt]","fa:Regular_WindowAlt:#2D8CFF","Regular WindowAlt Regular WindowAlt"
"Regular_WindowClose","Regular","fa:Regular","WindowClose","[fa:Regular_WindowClose]","fa:Regular_WindowClose:#2D8CFF","Regular WindowClose Regular WindowClose"
"Regular_WindowFrame","Regular","fa:Regular","WindowFrame","[fa:Regular_WindowFrame]","fa:Regular_WindowFrame:#2D8CFF","Regular WindowFrame Regular WindowFrame"
"Regular_WindowFrameOpen","Regular","fa:Regular","WindowFrameOpen","[fa:Regular_WindowFrameOpen]","fa:Regular_WindowFrameOpen:#2D8CFF","Regular WindowFrameOpen Regular WindowFrameOpen"
"Regular_WindowMaximize","Regular","fa:Regular","WindowMaximize","[fa:Regular_WindowMaximize]","fa:Regular_WindowMaximize:#2D8CFF","Regular WindowMaximize Regular WindowMaximize"
"Regular_WindowMinimize","Regular","fa:Regular","WindowMinimize","[fa:Regular_WindowMinimize]","fa:Regular_WindowMinimize:#2D8CFF","Regular WindowMinimize Regular WindowMinimize"
"Regular_WindowRestore","Regular","fa:Regular","WindowRestore","[fa:Regular_WindowRestore]","fa:Regular_WindowRestore:#2D8CFF","Regular WindowRestore Regular WindowRestore"
"Regular_Windsock","Regular","fa:Regular","Windsock","[fa:Regular_Windsock]","fa:Regular_Windsock:#2D8CFF","Regular Windsock Regular Windsock"
"Regular_WineBottle","Regular","fa:Regular","WineBottle","[fa:Regular_WineBottle]","fa:Regular_WineBottle:#2D8CFF","Regular WineBottle Regular WineBottle"
"Regular_WineGlass","Regular","fa:Regular","WineGlass","[fa:Regular_WineGlass]","fa:Regular_WineGlass:#2D8CFF","Regular WineGlass Regular WineGlass"
"Regular_WineGlassAlt","Regular","fa:Regular","WineGlassAlt","[fa:Regular_WineGlassAlt]","fa:Regular_WineGlassAlt:#2D8CFF","Regular WineGlassAlt Regular WineGlassAlt"
"Regular_WonSign","Regular","fa:Regular","WonSign","[fa:Regular_WonSign]","fa:Regular_WonSign:#2D8CFF","Regular WonSign Regular WonSign"
"Regular_Wreath","Regular","fa:Regular","Wreath","[fa:Regular_Wreath]","fa:Regular_Wreath:#2D8CFF","Regular Wreath Regular Wreath"
"Regular_Wrench","Regular","fa:Regular","Wrench","[fa:Regular_Wrench]","fa:Regular_Wrench:#2D8CFF","Regular Wrench Regular Wrench"
"Regular_XRay","Regular","fa:Regular","XRay","[fa:Regular_XRay]","fa:Regular_XRay:#2D8CFF","Regular XRay Regular XRay"
"Regular_YenSign","Regular","fa:Regular","YenSign","[fa:Regular_YenSign]","fa:Regular_YenSign:#2D8CFF","Regular YenSign Regular YenSign"
"Regular_YinYang","Regular","fa:Regular","YinYang","[fa:Regular_YinYang]","fa:Regular_YinYang:#2D8CFF","Regular YinYang Regular YinYang"
"Light_Abacus","Light","fa:Light","Abacus","[fa:Light_Abacus]","fa:Light_Abacus:#2D8CFF","Light Abacus Light Abacus"
"Light_Acorn","Light","fa:Light","Acorn","[fa:Light_Acorn]","fa:Light_Acorn:#2D8CFF","Light Acorn Light Acorn"
"Light_Ad","Light","fa:Light","Ad","[fa:Light_Ad]","fa:Light_Ad:#2D8CFF","Light Ad Light Ad"
"Light_AddressBook","Light","fa:Light","AddressBook","[fa:Light_AddressBook]","fa:Light_AddressBook:#2D8CFF","Light AddressBook Light AddressBook"
"Light_AddressCard","Light","fa:Light","AddressCard","[fa:Light_AddressCard]","fa:Light_AddressCard:#2D8CFF","Light AddressCard Light AddressCard"
"Light_Adjust","Light","fa:Light","Adjust","[fa:Light_Adjust]","fa:Light_Adjust:#2D8CFF","Light Adjust Light Adjust"
"Light_AirConditioner","Light","fa:Light","AirConditioner","[fa:Light_AirConditioner]","fa:Light_AirConditioner:#2D8CFF","Light AirConditioner Light AirConditioner"
"Light_AirFreshener","Light","fa:Light","AirFreshener","[fa:Light_AirFreshener]","fa:Light_AirFreshener:#2D8CFF","Light AirFreshener Light AirFreshener"
"Light_AlarmClock","Light","fa:Light","AlarmClock","[fa:Light_AlarmClock]","fa:Light_AlarmClock:#2D8CFF","Light AlarmClock Light AlarmClock"
"Light_AlarmExclamation","Light","fa:Light","AlarmExclamation","[fa:Light_AlarmExclamation]","fa:Light_AlarmExclamation:#2D8CFF","Light AlarmExclamation Light AlarmExclamation"
"Light_AlarmPlus","Light","fa:Light","AlarmPlus","[fa:Light_AlarmPlus]","fa:Light_AlarmPlus:#2D8CFF","Light AlarmPlus Light AlarmPlus"
"Light_AlarmSnooze","Light","fa:Light","AlarmSnooze","[fa:Light_AlarmSnooze]","fa:Light_AlarmSnooze:#2D8CFF","Light AlarmSnooze Light AlarmSnooze"
"Light_Album","Light","fa:Light","Album","[fa:Light_Album]","fa:Light_Album:#2D8CFF","Light Album Light Album"
"Light_AlbumCollection","Light","fa:Light","AlbumCollection","[fa:Light_AlbumCollection]","fa:Light_AlbumCollection:#2D8CFF","Light AlbumCollection Light AlbumCollection"
"Light_Alicorn","Light","fa:Light","Alicorn","[fa:Light_Alicorn]","fa:Light_Alicorn:#2D8CFF","Light Alicorn Light Alicorn"
"Light_Alien","Light","fa:Light","Alien","[fa:Light_Alien]","fa:Light_Alien:#2D8CFF","Light Alien Light Alien"
"Light_AlienMonster","Light","fa:Light","AlienMonster","[fa:Light_AlienMonster]","fa:Light_AlienMonster:#2D8CFF","Light AlienMonster Light AlienMonster"
"Light_AlignCenter","Light","fa:Light","AlignCenter","[fa:Light_AlignCenter]","fa:Light_AlignCenter:#2D8CFF","Light AlignCenter Light AlignCenter"
"Light_AlignJustify","Light","fa:Light","AlignJustify","[fa:Light_AlignJustify]","fa:Light_AlignJustify:#2D8CFF","Light AlignJustify Light AlignJustify"
"Light_AlignLeft","Light","fa:Light","AlignLeft","[fa:Light_AlignLeft]","fa:Light_AlignLeft:#2D8CFF","Light AlignLeft Light AlignLeft"
"Light_AlignRight","Light","fa:Light","AlignRight","[fa:Light_AlignRight]","fa:Light_AlignRight:#2D8CFF","Light AlignRight Light AlignRight"
"Light_AlignSlash","Light","fa:Light","AlignSlash","[fa:Light_AlignSlash]","fa:Light_AlignSlash:#2D8CFF","Light AlignSlash Light AlignSlash"
"Light_Allergies","Light","fa:Light","Allergies","[fa:Light_Allergies]","fa:Light_Allergies:#2D8CFF","Light Allergies Light Allergies"
"Light_Ambulance","Light","fa:Light","Ambulance","[fa:Light_Ambulance]","fa:Light_Ambulance:#2D8CFF","Light Ambulance Light Ambulance"
"Light_AmericanSignLanguageInterpreting","Light","fa:Light","AmericanSignLanguageInterpreting","[fa:Light_AmericanSignLanguageInterpreting]","fa:Light_AmericanSignLanguageInterpreting:#2D8CFF","Light AmericanSignLanguageInterpreting Light AmericanSignLanguageInterpreting"
"Light_AmpGuitar","Light","fa:Light","AmpGuitar","[fa:Light_AmpGuitar]","fa:Light_AmpGuitar:#2D8CFF","Light AmpGuitar Light AmpGuitar"
"Light_Analytics","Light","fa:Light","Analytics","[fa:Light_Analytics]","fa:Light_Analytics:#2D8CFF","Light Analytics Light Analytics"
"Light_Anchor","Light","fa:Light","Anchor","[fa:Light_Anchor]","fa:Light_Anchor:#2D8CFF","Light Anchor Light Anchor"
"Light_Angel","Light","fa:Light","Angel","[fa:Light_Angel]","fa:Light_Angel:#2D8CFF","Light Angel Light Angel"
"Light_AngleDoubleDown","Light","fa:Light","AngleDoubleDown","[fa:Light_AngleDoubleDown]","fa:Light_AngleDoubleDown:#2D8CFF","Light AngleDoubleDown Light AngleDoubleDown"
"Light_AngleDoubleLeft","Light","fa:Light","AngleDoubleLeft","[fa:Light_AngleDoubleLeft]","fa:Light_AngleDoubleLeft:#2D8CFF","Light AngleDoubleLeft Light AngleDoubleLeft"
"Light_AngleDoubleRight","Light","fa:Light","AngleDoubleRight","[fa:Light_AngleDoubleRight]","fa:Light_AngleDoubleRight:#2D8CFF","Light AngleDoubleRight Light AngleDoubleRight"
"Light_AngleDoubleUp","Light","fa:Light","AngleDoubleUp","[fa:Light_AngleDoubleUp]","fa:Light_AngleDoubleUp:#2D8CFF","Light AngleDoubleUp Light AngleDoubleUp"
"Light_AngleDown","Light","fa:Light","AngleDown","[fa:Light_AngleDown]","fa:Light_AngleDown:#2D8CFF","Light AngleDown Light AngleDown"
"Light_AngleLeft","Light","fa:Light","AngleLeft","[fa:Light_AngleLeft]","fa:Light_AngleLeft:#2D8CFF","Light AngleLeft Light AngleLeft"
"Light_AngleRight","Light","fa:Light","AngleRight","[fa:Light_AngleRight]","fa:Light_AngleRight:#2D8CFF","Light AngleRight Light AngleRight"
"Light_AngleUp","Light","fa:Light","AngleUp","[fa:Light_AngleUp]","fa:Light_AngleUp:#2D8CFF","Light AngleUp Light AngleUp"
"Light_Angry","Light","fa:Light","Angry","[fa:Light_Angry]","fa:Light_Angry:#2D8CFF","Light Angry Light Angry"
"Light_Ankh","Light","fa:Light","Ankh","[fa:Light_Ankh]","fa:Light_Ankh:#2D8CFF","Light Ankh Light Ankh"
"Light_AppleAlt","Light","fa:Light","AppleAlt","[fa:Light_AppleAlt]","fa:Light_AppleAlt:#2D8CFF","Light AppleAlt Light AppleAlt"
"Light_AppleCrate","Light","fa:Light","AppleCrate","[fa:Light_AppleCrate]","fa:Light_AppleCrate:#2D8CFF","Light AppleCrate Light AppleCrate"
"Light_Archive","Light","fa:Light","Archive","[fa:Light_Archive]","fa:Light_Archive:#2D8CFF","Light Archive Light Archive"
"Light_Archway","Light","fa:Light","Archway","[fa:Light_Archway]","fa:Light_Archway:#2D8CFF","Light Archway Light Archway"
"Light_ArrowAltCircleDown","Light","fa:Light","ArrowAltCircleDown","[fa:Light_ArrowAltCircleDown]","fa:Light_ArrowAltCircleDown:#2D8CFF","Light ArrowAltCircleDown Light ArrowAltCircleDown"
"Light_ArrowAltCircleLeft","Light","fa:Light","ArrowAltCircleLeft","[fa:Light_ArrowAltCircleLeft]","fa:Light_ArrowAltCircleLeft:#2D8CFF","Light ArrowAltCircleLeft Light ArrowAltCircleLeft"
"Light_ArrowAltCircleRight","Light","fa:Light","ArrowAltCircleRight","[fa:Light_ArrowAltCircleRight]","fa:Light_ArrowAltCircleRight:#2D8CFF","Light ArrowAltCircleRight Light ArrowAltCircleRight"
"Light_ArrowAltCircleUp","Light","fa:Light","ArrowAltCircleUp","[fa:Light_ArrowAltCircleUp]","fa:Light_ArrowAltCircleUp:#2D8CFF","Light ArrowAltCircleUp Light ArrowAltCircleUp"
"Light_ArrowAltDown","Light","fa:Light","ArrowAltDown","[fa:Light_ArrowAltDown]","fa:Light_ArrowAltDown:#2D8CFF","Light ArrowAltDown Light ArrowAltDown"
"Light_ArrowAltFromBottom","Light","fa:Light","ArrowAltFromBottom","[fa:Light_ArrowAltFromBottom]","fa:Light_ArrowAltFromBottom:#2D8CFF","Light ArrowAltFromBottom Light ArrowAltFromBottom"
"Light_ArrowAltFromLeft","Light","fa:Light","ArrowAltFromLeft","[fa:Light_ArrowAltFromLeft]","fa:Light_ArrowAltFromLeft:#2D8CFF","Light ArrowAltFromLeft Light ArrowAltFromLeft"
"Light_ArrowAltFromRight","Light","fa:Light","ArrowAltFromRight","[fa:Light_ArrowAltFromRight]","fa:Light_ArrowAltFromRight:#2D8CFF","Light ArrowAltFromRight Light ArrowAltFromRight"
"Light_ArrowAltFromTop","Light","fa:Light","ArrowAltFromTop","[fa:Light_ArrowAltFromTop]","fa:Light_ArrowAltFromTop:#2D8CFF","Light ArrowAltFromTop Light ArrowAltFromTop"
"Light_ArrowAltLeft","Light","fa:Light","ArrowAltLeft","[fa:Light_ArrowAltLeft]","fa:Light_ArrowAltLeft:#2D8CFF","Light ArrowAltLeft Light ArrowAltLeft"
"Light_ArrowAltRight","Light","fa:Light","ArrowAltRight","[fa:Light_ArrowAltRight]","fa:Light_ArrowAltRight:#2D8CFF","Light ArrowAltRight Light ArrowAltRight"
"Light_ArrowAltSquareDown","Light","fa:Light","ArrowAltSquareDown","[fa:Light_ArrowAltSquareDown]","fa:Light_ArrowAltSquareDown:#2D8CFF","Light ArrowAltSquareDown Light ArrowAltSquareDown"
"Light_ArrowAltSquareLeft","Light","fa:Light","ArrowAltSquareLeft","[fa:Light_ArrowAltSquareLeft]","fa:Light_ArrowAltSquareLeft:#2D8CFF","Light ArrowAltSquareLeft Light ArrowAltSquareLeft"
"Light_ArrowAltSquareRight","Light","fa:Light","ArrowAltSquareRight","[fa:Light_ArrowAltSquareRight]","fa:Light_ArrowAltSquareRight:#2D8CFF","Light ArrowAltSquareRight Light ArrowAltSquareRight"
"Light_ArrowAltSquareUp","Light","fa:Light","ArrowAltSquareUp","[fa:Light_ArrowAltSquareUp]","fa:Light_ArrowAltSquareUp:#2D8CFF","Light ArrowAltSquareUp Light ArrowAltSquareUp"
"Light_ArrowAltToBottom","Light","fa:Light","ArrowAltToBottom","[fa:Light_ArrowAltToBottom]","fa:Light_ArrowAltToBottom:#2D8CFF","Light ArrowAltToBottom Light ArrowAltToBottom"
"Light_ArrowAltToLeft","Light","fa:Light","ArrowAltToLeft","[fa:Light_ArrowAltToLeft]","fa:Light_ArrowAltToLeft:#2D8CFF","Light ArrowAltToLeft Light ArrowAltToLeft"
"Light_ArrowAltToRight","Light","fa:Light","ArrowAltToRight","[fa:Light_ArrowAltToRight]","fa:Light_ArrowAltToRight:#2D8CFF","Light ArrowAltToRight Light ArrowAltToRight"
"Light_ArrowAltToTop","Light","fa:Light","ArrowAltToTop","[fa:Light_ArrowAltToTop]","fa:Light_ArrowAltToTop:#2D8CFF","Light ArrowAltToTop Light ArrowAltToTop"
"Light_ArrowAltUp","Light","fa:Light","ArrowAltUp","[fa:Light_ArrowAltUp]","fa:Light_ArrowAltUp:#2D8CFF","Light ArrowAltUp Light ArrowAltUp"
"Light_ArrowCircleDown","Light","fa:Light","ArrowCircleDown","[fa:Light_ArrowCircleDown]","fa:Light_ArrowCircleDown:#2D8CFF","Light ArrowCircleDown Light ArrowCircleDown"
"Light_ArrowCircleLeft","Light","fa:Light","ArrowCircleLeft","[fa:Light_ArrowCircleLeft]","fa:Light_ArrowCircleLeft:#2D8CFF","Light ArrowCircleLeft Light ArrowCircleLeft"
"Light_ArrowCircleRight","Light","fa:Light","ArrowCircleRight","[fa:Light_ArrowCircleRight]","fa:Light_ArrowCircleRight:#2D8CFF","Light ArrowCircleRight Light ArrowCircleRight"
"Light_ArrowCircleUp","Light","fa:Light","ArrowCircleUp","[fa:Light_ArrowCircleUp]","fa:Light_ArrowCircleUp:#2D8CFF","Light ArrowCircleUp Light ArrowCircleUp"
"Light_ArrowDown","Light","fa:Light","ArrowDown","[fa:Light_ArrowDown]","fa:Light_ArrowDown:#2D8CFF","Light ArrowDown Light ArrowDown"
"Light_ArrowFromBottom","Light","fa:Light","ArrowFromBottom","[fa:Light_ArrowFromBottom]","fa:Light_ArrowFromBottom:#2D8CFF","Light ArrowFromBottom Light ArrowFromBottom"
"Light_ArrowFromLeft","Light","fa:Light","ArrowFromLeft","[fa:Light_ArrowFromLeft]","fa:Light_ArrowFromLeft:#2D8CFF","Light ArrowFromLeft Light ArrowFromLeft"
"Light_ArrowFromRight","Light","fa:Light","ArrowFromRight","[fa:Light_ArrowFromRight]","fa:Light_ArrowFromRight:#2D8CFF","Light ArrowFromRight Light ArrowFromRight"
"Light_ArrowFromTop","Light","fa:Light","ArrowFromTop","[fa:Light_ArrowFromTop]","fa:Light_ArrowFromTop:#2D8CFF","Light ArrowFromTop Light ArrowFromTop"
"Light_ArrowLeft","Light","fa:Light","ArrowLeft","[fa:Light_ArrowLeft]","fa:Light_ArrowLeft:#2D8CFF","Light ArrowLeft Light ArrowLeft"
"Light_ArrowRight","Light","fa:Light","ArrowRight","[fa:Light_ArrowRight]","fa:Light_ArrowRight:#2D8CFF","Light ArrowRight Light ArrowRight"
"Light_ArrowSquareDown","Light","fa:Light","ArrowSquareDown","[fa:Light_ArrowSquareDown]","fa:Light_ArrowSquareDown:#2D8CFF","Light ArrowSquareDown Light ArrowSquareDown"
"Light_ArrowSquareLeft","Light","fa:Light","ArrowSquareLeft","[fa:Light_ArrowSquareLeft]","fa:Light_ArrowSquareLeft:#2D8CFF","Light ArrowSquareLeft Light ArrowSquareLeft"
"Light_ArrowSquareRight","Light","fa:Light","ArrowSquareRight","[fa:Light_ArrowSquareRight]","fa:Light_ArrowSquareRight:#2D8CFF","Light ArrowSquareRight Light ArrowSquareRight"
"Light_ArrowSquareUp","Light","fa:Light","ArrowSquareUp","[fa:Light_ArrowSquareUp]","fa:Light_ArrowSquareUp:#2D8CFF","Light ArrowSquareUp Light ArrowSquareUp"
"Light_ArrowToBottom","Light","fa:Light","ArrowToBottom","[fa:Light_ArrowToBottom]","fa:Light_ArrowToBottom:#2D8CFF","Light ArrowToBottom Light ArrowToBottom"
"Light_ArrowToLeft","Light","fa:Light","ArrowToLeft","[fa:Light_ArrowToLeft]","fa:Light_ArrowToLeft:#2D8CFF","Light ArrowToLeft Light ArrowToLeft"
"Light_ArrowToRight","Light","fa:Light","ArrowToRight","[fa:Light_ArrowToRight]","fa:Light_ArrowToRight:#2D8CFF","Light ArrowToRight Light ArrowToRight"
"Light_ArrowToTop","Light","fa:Light","ArrowToTop","[fa:Light_ArrowToTop]","fa:Light_ArrowToTop:#2D8CFF","Light ArrowToTop Light ArrowToTop"
"Light_ArrowUp","Light","fa:Light","ArrowUp","[fa:Light_ArrowUp]","fa:Light_ArrowUp:#2D8CFF","Light ArrowUp Light ArrowUp"
"Light_Arrows","Light","fa:Light","Arrows","[fa:Light_Arrows]","fa:Light_Arrows:#2D8CFF","Light Arrows Light Arrows"
"Light_ArrowsAlt","Light","fa:Light","ArrowsAlt","[fa:Light_ArrowsAlt]","fa:Light_ArrowsAlt:#2D8CFF","Light ArrowsAlt Light ArrowsAlt"
"Light_ArrowsAltH","Light","fa:Light","ArrowsAltH","[fa:Light_ArrowsAltH]","fa:Light_ArrowsAltH:#2D8CFF","Light ArrowsAltH Light ArrowsAltH"
"Light_ArrowsAltV","Light","fa:Light","ArrowsAltV","[fa:Light_ArrowsAltV]","fa:Light_ArrowsAltV:#2D8CFF","Light ArrowsAltV Light ArrowsAltV"
"Light_ArrowsH","Light","fa:Light","ArrowsH","[fa:Light_ArrowsH]","fa:Light_ArrowsH:#2D8CFF","Light ArrowsH Light ArrowsH"
"Light_ArrowsV","Light","fa:Light","ArrowsV","[fa:Light_ArrowsV]","fa:Light_ArrowsV:#2D8CFF","Light ArrowsV Light ArrowsV"
"Light_AssistiveListeningSystems","Light","fa:Light","AssistiveListeningSystems","[fa:Light_AssistiveListeningSystems]","fa:Light_AssistiveListeningSystems:#2D8CFF","Light AssistiveListeningSystems Light AssistiveListeningSystems"
"Light_Asterisk","Light","fa:Light","Asterisk","[fa:Light_Asterisk]","fa:Light_Asterisk:#2D8CFF","Light Asterisk Light Asterisk"
"Light_At","Light","fa:Light","At","[fa:Light_At]","fa:Light_At:#2D8CFF","Light At Light At"
"Light_Atlas","Light","fa:Light","Atlas","[fa:Light_Atlas]","fa:Light_Atlas:#2D8CFF","Light Atlas Light Atlas"
"Light_Atom","Light","fa:Light","Atom","[fa:Light_Atom]","fa:Light_Atom:#2D8CFF","Light Atom Light Atom"
"Light_AtomAlt","Light","fa:Light","AtomAlt","[fa:Light_AtomAlt]","fa:Light_AtomAlt:#2D8CFF","Light AtomAlt Light AtomAlt"
"Light_AudioDescription","Light","fa:Light","AudioDescription","[fa:Light_AudioDescription]","fa:Light_AudioDescription:#2D8CFF","Light AudioDescription Light AudioDescription"
"Light_Award","Light","fa:Light","Award","[fa:Light_Award]","fa:Light_Award:#2D8CFF","Light Award Light Award"
"Light_Axe","Light","fa:Light","Axe","[fa:Light_Axe]","fa:Light_Axe:#2D8CFF","Light Axe Light Axe"
"Light_AxeBattle","Light","fa:Light","AxeBattle","[fa:Light_AxeBattle]","fa:Light_AxeBattle:#2D8CFF","Light AxeBattle Light AxeBattle"
"Light_Baby","Light","fa:Light","Baby","[fa:Light_Baby]","fa:Light_Baby:#2D8CFF","Light Baby Light Baby"
"Light_BabyCarriage","Light","fa:Light","BabyCarriage","[fa:Light_BabyCarriage]","fa:Light_BabyCarriage:#2D8CFF","Light BabyCarriage Light BabyCarriage"
"Light_Backpack","Light","fa:Light","Backpack","[fa:Light_Backpack]","fa:Light_Backpack:#2D8CFF","Light Backpack Light Backpack"
"Light_Backspace","Light","fa:Light","Backspace","[fa:Light_Backspace]","fa:Light_Backspace:#2D8CFF","Light Backspace Light Backspace"
"Light_Backward","Light","fa:Light","Backward","[fa:Light_Backward]","fa:Light_Backward:#2D8CFF","Light Backward Light Backward"
"Light_Bacon","Light","fa:Light","Bacon","[fa:Light_Bacon]","fa:Light_Bacon:#2D8CFF","Light Bacon Light Bacon"
"Light_Bacteria","Light","fa:Light","Bacteria","[fa:Light_Bacteria]","fa:Light_Bacteria:#2D8CFF","Light Bacteria Light Bacteria"
"Light_Bacterium","Light","fa:Light","Bacterium","[fa:Light_Bacterium]","fa:Light_Bacterium:#2D8CFF","Light Bacterium Light Bacterium"
"Light_Badge","Light","fa:Light","Badge","[fa:Light_Badge]","fa:Light_Badge:#2D8CFF","Light Badge Light Badge"
"Light_BadgeCheck","Light","fa:Light","BadgeCheck","[fa:Light_BadgeCheck]","fa:Light_BadgeCheck:#2D8CFF","Light BadgeCheck Light BadgeCheck"
"Light_BadgeDollar","Light","fa:Light","BadgeDollar","[fa:Light_BadgeDollar]","fa:Light_BadgeDollar:#2D8CFF","Light BadgeDollar Light BadgeDollar"
"Light_BadgePercent","Light","fa:Light","BadgePercent","[fa:Light_BadgePercent]","fa:Light_BadgePercent:#2D8CFF","Light BadgePercent Light BadgePercent"
"Light_BadgeSheriff","Light","fa:Light","BadgeSheriff","[fa:Light_BadgeSheriff]","fa:Light_BadgeSheriff:#2D8CFF","Light BadgeSheriff Light BadgeSheriff"
"Light_BadgerHoney","Light","fa:Light","BadgerHoney","[fa:Light_BadgerHoney]","fa:Light_BadgerHoney:#2D8CFF","Light BadgerHoney Light BadgerHoney"
"Light_BagsShopping","Light","fa:Light","BagsShopping","[fa:Light_BagsShopping]","fa:Light_BagsShopping:#2D8CFF","Light BagsShopping Light BagsShopping"
"Light_Bahai","Light","fa:Light","Bahai","[fa:Light_Bahai]","fa:Light_Bahai:#2D8CFF","Light Bahai Light Bahai"
"Light_BalanceScale","Light","fa:Light","BalanceScale","[fa:Light_BalanceScale]","fa:Light_BalanceScale:#2D8CFF","Light BalanceScale Light BalanceScale"
"Light_BalanceScaleLeft","Light","fa:Light","BalanceScaleLeft","[fa:Light_BalanceScaleLeft]","fa:Light_BalanceScaleLeft:#2D8CFF","Light BalanceScaleLeft Light BalanceScaleLeft"
"Light_BalanceScaleRight","Light","fa:Light","BalanceScaleRight","[fa:Light_BalanceScaleRight]","fa:Light_BalanceScaleRight:#2D8CFF","Light BalanceScaleRight Light BalanceScaleRight"
"Light_BallPile","Light","fa:Light","BallPile","[fa:Light_BallPile]","fa:Light_BallPile:#2D8CFF","Light BallPile Light BallPile"
"Light_Ballot","Light","fa:Light","Ballot","[fa:Light_Ballot]","fa:Light_Ballot:#2D8CFF","Light Ballot Light Ballot"
"Light_BallotCheck","Light","fa:Light","BallotCheck","[fa:Light_BallotCheck]","fa:Light_BallotCheck:#2D8CFF","Light BallotCheck Light BallotCheck"
"Light_Ban","Light","fa:Light","Ban","[fa:Light_Ban]","fa:Light_Ban:#2D8CFF","Light Ban Light Ban"
"Light_BandAid","Light","fa:Light","BandAid","[fa:Light_BandAid]","fa:Light_BandAid:#2D8CFF","Light BandAid Light BandAid"
"Light_Banjo","Light","fa:Light","Banjo","[fa:Light_Banjo]","fa:Light_Banjo:#2D8CFF","Light Banjo Light Banjo"
"Light_Barcode","Light","fa:Light","Barcode","[fa:Light_Barcode]","fa:Light_Barcode:#2D8CFF","Light Barcode Light Barcode"
"Light_BarcodeAlt","Light","fa:Light","BarcodeAlt","[fa:Light_BarcodeAlt]","fa:Light_BarcodeAlt:#2D8CFF","Light BarcodeAlt Light BarcodeAlt"
"Light_BarcodeRead","Light","fa:Light","BarcodeRead","[fa:Light_BarcodeRead]","fa:Light_BarcodeRead:#2D8CFF","Light BarcodeRead Light BarcodeRead"
"Light_BarcodeScan","Light","fa:Light","BarcodeScan","[fa:Light_BarcodeScan]","fa:Light_BarcodeScan:#2D8CFF","Light BarcodeScan Light BarcodeScan"
"Light_Bars","Light","fa:Light","Bars","[fa:Light_Bars]","fa:Light_Bars:#2D8CFF","Light Bars Light Bars"
"Light_Baseball","Light","fa:Light","Baseball","[fa:Light_Baseball]","fa:Light_Baseball:#2D8CFF","Light Baseball Light Baseball"
"Light_BaseballBall","Light","fa:Light","BaseballBall","[fa:Light_BaseballBall]","fa:Light_BaseballBall:#2D8CFF","Light BaseballBall Light BaseballBall"
"Light_BasketballBall","Light","fa:Light","BasketballBall","[fa:Light_BasketballBall]","fa:Light_BasketballBall:#2D8CFF","Light BasketballBall Light BasketballBall"
"Light_BasketballHoop","Light","fa:Light","BasketballHoop","[fa:Light_BasketballHoop]","fa:Light_BasketballHoop:#2D8CFF","Light BasketballHoop Light BasketballHoop"
"Light_Bat","Light","fa:Light","Bat","[fa:Light_Bat]","fa:Light_Bat:#2D8CFF","Light Bat Light Bat"
"Light_Bath","Light","fa:Light","Bath","[fa:Light_Bath]","fa:Light_Bath:#2D8CFF","Light Bath Light Bath"
"Light_BatteryBolt","Light","fa:Light","BatteryBolt","[fa:Light_BatteryBolt]","fa:Light_BatteryBolt:#2D8CFF","Light BatteryBolt Light BatteryBolt"
"Light_BatteryEmpty","Light","fa:Light","BatteryEmpty","[fa:Light_BatteryEmpty]","fa:Light_BatteryEmpty:#2D8CFF","Light BatteryEmpty Light BatteryEmpty"
"Light_BatteryFull","Light","fa:Light","BatteryFull","[fa:Light_BatteryFull]","fa:Light_BatteryFull:#2D8CFF","Light BatteryFull Light BatteryFull"
"Light_BatteryHalf","Light","fa:Light","BatteryHalf","[fa:Light_BatteryHalf]","fa:Light_BatteryHalf:#2D8CFF","Light BatteryHalf Light BatteryHalf"
"Light_BatteryQuarter","Light","fa:Light","BatteryQuarter","[fa:Light_BatteryQuarter]","fa:Light_BatteryQuarter:#2D8CFF","Light BatteryQuarter Light BatteryQuarter"
"Light_BatterySlash","Light","fa:Light","BatterySlash","[fa:Light_BatterySlash]","fa:Light_BatterySlash:#2D8CFF","Light BatterySlash Light BatterySlash"
"Light_BatteryThreeQuarters","Light","fa:Light","BatteryThreeQuarters","[fa:Light_BatteryThreeQuarters]","fa:Light_BatteryThreeQuarters:#2D8CFF","Light BatteryThreeQuarters Light BatteryThreeQuarters"
"Light_Bed","Light","fa:Light","Bed","[fa:Light_Bed]","fa:Light_Bed:#2D8CFF","Light Bed Light Bed"
"Light_BedAlt","Light","fa:Light","BedAlt","[fa:Light_BedAlt]","fa:Light_BedAlt:#2D8CFF","Light BedAlt Light BedAlt"
"Light_BedBunk","Light","fa:Light","BedBunk","[fa:Light_BedBunk]","fa:Light_BedBunk:#2D8CFF","Light BedBunk Light BedBunk"
"Light_BedEmpty","Light","fa:Light","BedEmpty","[fa:Light_BedEmpty]","fa:Light_BedEmpty:#2D8CFF","Light BedEmpty Light BedEmpty"
"Light_Beer","Light","fa:Light","Beer","[fa:Light_Beer]","fa:Light_Beer:#2D8CFF","Light Beer Light Beer"
"Light_Bell","Light","fa:Light","Bell","[fa:Light_Bell]","fa:Light_Bell:#2D8CFF","Light Bell Light Bell"
"Light_BellExclamation","Light","fa:Light","BellExclamation","[fa:Light_BellExclamation]","fa:Light_BellExclamation:#2D8CFF","Light BellExclamation Light BellExclamation"
"Light_BellOn","Light","fa:Light","BellOn","[fa:Light_BellOn]","fa:Light_BellOn:#2D8CFF","Light BellOn Light BellOn"
"Light_BellPlus","Light","fa:Light","BellPlus","[fa:Light_BellPlus]","fa:Light_BellPlus:#2D8CFF","Light BellPlus Light BellPlus"
"Light_BellSchool","Light","fa:Light","BellSchool","[fa:Light_BellSchool]","fa:Light_BellSchool:#2D8CFF","Light BellSchool Light BellSchool"
"Light_BellSchoolSlash","Light","fa:Light","BellSchoolSlash","[fa:Light_BellSchoolSlash]","fa:Light_BellSchoolSlash:#2D8CFF","Light BellSchoolSlash Light BellSchoolSlash"
"Light_BellSlash","Light","fa:Light","BellSlash","[fa:Light_BellSlash]","fa:Light_BellSlash:#2D8CFF","Light BellSlash Light BellSlash"
"Light_Bells","Light","fa:Light","Bells","[fa:Light_Bells]","fa:Light_Bells:#2D8CFF","Light Bells Light Bells"
"Light_Betamax","Light","fa:Light","Betamax","[fa:Light_Betamax]","fa:Light_Betamax:#2D8CFF","Light Betamax Light Betamax"
"Light_BezierCurve","Light","fa:Light","BezierCurve","[fa:Light_BezierCurve]","fa:Light_BezierCurve:#2D8CFF","Light BezierCurve Light BezierCurve"
"Light_Bible","Light","fa:Light","Bible","[fa:Light_Bible]","fa:Light_Bible:#2D8CFF","Light Bible Light Bible"
"Light_Bicycle","Light","fa:Light","Bicycle","[fa:Light_Bicycle]","fa:Light_Bicycle:#2D8CFF","Light Bicycle Light Bicycle"
"Light_Biking","Light","fa:Light","Biking","[fa:Light_Biking]","fa:Light_Biking:#2D8CFF","Light Biking Light Biking"
"Light_BikingMountain","Light","fa:Light","BikingMountain","[fa:Light_BikingMountain]","fa:Light_BikingMountain:#2D8CFF","Light BikingMountain Light BikingMountain"
"Light_Binoculars","Light","fa:Light","Binoculars","[fa:Light_Binoculars]","fa:Light_Binoculars:#2D8CFF","Light Binoculars Light Binoculars"
"Light_Biohazard","Light","fa:Light","Biohazard","[fa:Light_Biohazard]","fa:Light_Biohazard:#2D8CFF","Light Biohazard Light Biohazard"
"Light_BirthdayCake","Light","fa:Light","BirthdayCake","[fa:Light_BirthdayCake]","fa:Light_BirthdayCake:#2D8CFF","Light BirthdayCake Light BirthdayCake"
"Light_Blanket","Light","fa:Light","Blanket","[fa:Light_Blanket]","fa:Light_Blanket:#2D8CFF","Light Blanket Light Blanket"
"Light_Blender","Light","fa:Light","Blender","[fa:Light_Blender]","fa:Light_Blender:#2D8CFF","Light Blender Light Blender"
"Light_BlenderPhone","Light","fa:Light","BlenderPhone","[fa:Light_BlenderPhone]","fa:Light_BlenderPhone:#2D8CFF","Light BlenderPhone Light BlenderPhone"
"Light_Blind","Light","fa:Light","Blind","[fa:Light_Blind]","fa:Light_Blind:#2D8CFF","Light Blind Light Blind"
"Light_Blinds","Light","fa:Light","Blinds","[fa:Light_Blinds]","fa:Light_Blinds:#2D8CFF","Light Blinds Light Blinds"
"Light_BlindsOpen","Light","fa:Light","BlindsOpen","[fa:Light_BlindsOpen]","fa:Light_BlindsOpen:#2D8CFF","Light BlindsOpen Light BlindsOpen"
"Light_BlindsRaised","Light","fa:Light","BlindsRaised","[fa:Light_BlindsRaised]","fa:Light_BlindsRaised:#2D8CFF","Light BlindsRaised Light BlindsRaised"
"Light_Blog","Light","fa:Light","Blog","[fa:Light_Blog]","fa:Light_Blog:#2D8CFF","Light Blog Light Blog"
"Light_Bold","Light","fa:Light","Bold","[fa:Light_Bold]","fa:Light_Bold:#2D8CFF","Light Bold Light Bold"
"Light_Bolt","Light","fa:Light","Bolt","[fa:Light_Bolt]","fa:Light_Bolt:#2D8CFF","Light Bolt Light Bolt"
"Light_Bomb","Light","fa:Light","Bomb","[fa:Light_Bomb]","fa:Light_Bomb:#2D8CFF","Light Bomb Light Bomb"
"Light_Bone","Light","fa:Light","Bone","[fa:Light_Bone]","fa:Light_Bone:#2D8CFF","Light Bone Light Bone"
"Light_BoneBreak","Light","fa:Light","BoneBreak","[fa:Light_BoneBreak]","fa:Light_BoneBreak:#2D8CFF","Light BoneBreak Light BoneBreak"
"Light_Bong","Light","fa:Light","Bong","[fa:Light_Bong]","fa:Light_Bong:#2D8CFF","Light Bong Light Bong"
"Light_Book","Light","fa:Light","Book","[fa:Light_Book]","fa:Light_Book:#2D8CFF","Light Book Light Book"
"Light_BookAlt","Light","fa:Light","BookAlt","[fa:Light_BookAlt]","fa:Light_BookAlt:#2D8CFF","Light BookAlt Light BookAlt"
"Light_BookDead","Light","fa:Light","BookDead","[fa:Light_BookDead]","fa:Light_BookDead:#2D8CFF","Light BookDead Light BookDead"
"Light_BookHeart","Light","fa:Light","BookHeart","[fa:Light_BookHeart]","fa:Light_BookHeart:#2D8CFF","Light BookHeart Light BookHeart"
"Light_BookMedical","Light","fa:Light","BookMedical","[fa:Light_BookMedical]","fa:Light_BookMedical:#2D8CFF","Light BookMedical Light BookMedical"
"Light_BookOpen","Light","fa:Light","BookOpen","[fa:Light_BookOpen]","fa:Light_BookOpen:#2D8CFF","Light BookOpen Light BookOpen"
"Light_BookReader","Light","fa:Light","BookReader","[fa:Light_BookReader]","fa:Light_BookReader:#2D8CFF","Light BookReader Light BookReader"
"Light_BookSpells","Light","fa:Light","BookSpells","[fa:Light_BookSpells]","fa:Light_BookSpells:#2D8CFF","Light BookSpells Light BookSpells"
"Light_BookUser","Light","fa:Light","BookUser","[fa:Light_BookUser]","fa:Light_BookUser:#2D8CFF","Light BookUser Light BookUser"
"Light_Bookmark","Light","fa:Light","Bookmark","[fa:Light_Bookmark]","fa:Light_Bookmark:#2D8CFF","Light Bookmark Light Bookmark"
"Light_Books","Light","fa:Light","Books","[fa:Light_Books]","fa:Light_Books:#2D8CFF","Light Books Light Books"
"Light_BooksMedical","Light","fa:Light","BooksMedical","[fa:Light_BooksMedical]","fa:Light_BooksMedical:#2D8CFF","Light BooksMedical Light BooksMedical"
"Light_Boombox","Light","fa:Light","Boombox","[fa:Light_Boombox]","fa:Light_Boombox:#2D8CFF","Light Boombox Light Boombox"
"Light_Boot","Light","fa:Light","Boot","[fa:Light_Boot]","fa:Light_Boot:#2D8CFF","Light Boot Light Boot"
"Light_BoothCurtain","Light","fa:Light","BoothCurtain","[fa:Light_BoothCurtain]","fa:Light_BoothCurtain:#2D8CFF","Light BoothCurtain Light BoothCurtain"
"Light_BorderAll","Light","fa:Light","BorderAll","[fa:Light_BorderAll]","fa:Light_BorderAll:#2D8CFF","Light BorderAll Light BorderAll"
"Light_BorderBottom","Light","fa:Light","BorderBottom","[fa:Light_BorderBottom]","fa:Light_BorderBottom:#2D8CFF","Light BorderBottom Light BorderBottom"
"Light_BorderCenterH","Light","fa:Light","BorderCenterH","[fa:Light_BorderCenterH]","fa:Light_BorderCenterH:#2D8CFF","Light BorderCenterH Light BorderCenterH"
"Light_BorderCenterV","Light","fa:Light","BorderCenterV","[fa:Light_BorderCenterV]","fa:Light_BorderCenterV:#2D8CFF","Light BorderCenterV Light BorderCenterV"
"Light_BorderInner","Light","fa:Light","BorderInner","[fa:Light_BorderInner]","fa:Light_BorderInner:#2D8CFF","Light BorderInner Light BorderInner"
"Light_BorderLeft","Light","fa:Light","BorderLeft","[fa:Light_BorderLeft]","fa:Light_BorderLeft:#2D8CFF","Light BorderLeft Light BorderLeft"
"Light_BorderNone","Light","fa:Light","BorderNone","[fa:Light_BorderNone]","fa:Light_BorderNone:#2D8CFF","Light BorderNone Light BorderNone"
"Light_BorderOuter","Light","fa:Light","BorderOuter","[fa:Light_BorderOuter]","fa:Light_BorderOuter:#2D8CFF","Light BorderOuter Light BorderOuter"
"Light_BorderRight","Light","fa:Light","BorderRight","[fa:Light_BorderRight]","fa:Light_BorderRight:#2D8CFF","Light BorderRight Light BorderRight"
"Light_BorderStyle","Light","fa:Light","BorderStyle","[fa:Light_BorderStyle]","fa:Light_BorderStyle:#2D8CFF","Light BorderStyle Light BorderStyle"
"Light_BorderStyleAlt","Light","fa:Light","BorderStyleAlt","[fa:Light_BorderStyleAlt]","fa:Light_BorderStyleAlt:#2D8CFF","Light BorderStyleAlt Light BorderStyleAlt"
"Light_BorderTop","Light","fa:Light","BorderTop","[fa:Light_BorderTop]","fa:Light_BorderTop:#2D8CFF","Light BorderTop Light BorderTop"
"Light_BowArrow","Light","fa:Light","BowArrow","[fa:Light_BowArrow]","fa:Light_BowArrow:#2D8CFF","Light BowArrow Light BowArrow"
"Light_BowlingBall","Light","fa:Light","BowlingBall","[fa:Light_BowlingBall]","fa:Light_BowlingBall:#2D8CFF","Light BowlingBall Light BowlingBall"
"Light_BowlingPins","Light","fa:Light","BowlingPins","[fa:Light_BowlingPins]","fa:Light_BowlingPins:#2D8CFF","Light BowlingPins Light BowlingPins"
"Light_Box","Light","fa:Light","Box","[fa:Light_Box]","fa:Light_Box:#2D8CFF","Light Box Light Box"
"Light_BoxAlt","Light","fa:Light","BoxAlt","[fa:Light_BoxAlt]","fa:Light_BoxAlt:#2D8CFF","Light BoxAlt Light BoxAlt"
"Light_BoxBallot","Light","fa:Light","BoxBallot","[fa:Light_BoxBallot]","fa:Light_BoxBallot:#2D8CFF","Light BoxBallot Light BoxBallot"
"Light_BoxCheck","Light","fa:Light","BoxCheck","[fa:Light_BoxCheck]","fa:Light_BoxCheck:#2D8CFF","Light BoxCheck Light BoxCheck"
"Light_BoxFragile","Light","fa:Light","BoxFragile","[fa:Light_BoxFragile]","fa:Light_BoxFragile:#2D8CFF","Light BoxFragile Light BoxFragile"
"Light_BoxFull","Light","fa:Light","BoxFull","[fa:Light_BoxFull]","fa:Light_BoxFull:#2D8CFF","Light BoxFull Light BoxFull"
"Light_BoxHeart","Light","fa:Light","BoxHeart","[fa:Light_BoxHeart]","fa:Light_BoxHeart:#2D8CFF","Light BoxHeart Light BoxHeart"
"Light_BoxOpen","Light","fa:Light","BoxOpen","[fa:Light_BoxOpen]","fa:Light_BoxOpen:#2D8CFF","Light BoxOpen Light BoxOpen"
"Light_BoxTissue","Light","fa:Light","BoxTissue","[fa:Light_BoxTissue]","fa:Light_BoxTissue:#2D8CFF","Light BoxTissue Light BoxTissue"
"Light_BoxUp","Light","fa:Light","BoxUp","[fa:Light_BoxUp]","fa:Light_BoxUp:#2D8CFF","Light BoxUp Light BoxUp"
"Light_BoxUsd","Light","fa:Light","BoxUsd","[fa:Light_BoxUsd]","fa:Light_BoxUsd:#2D8CFF","Light BoxUsd Light BoxUsd"
"Light_Boxes","Light","fa:Light","Boxes","[fa:Light_Boxes]","fa:Light_Boxes:#2D8CFF","Light Boxes Light Boxes"
"Light_BoxesAlt","Light","fa:Light","BoxesAlt","[fa:Light_BoxesAlt]","fa:Light_BoxesAlt:#2D8CFF","Light BoxesAlt Light BoxesAlt"
"Light_BoxingGlove","Light","fa:Light","BoxingGlove","[fa:Light_BoxingGlove]","fa:Light_BoxingGlove:#2D8CFF","Light BoxingGlove Light BoxingGlove"
"Light_Brackets","Light","fa:Light","Brackets","[fa:Light_Brackets]","fa:Light_Brackets:#2D8CFF","Light Brackets Light Brackets"
"Light_BracketsCurly","Light","fa:Light","BracketsCurly","[fa:Light_BracketsCurly]","fa:Light_BracketsCurly:#2D8CFF","Light BracketsCurly Light BracketsCurly"
"Light_Braille","Light","fa:Light","Braille","[fa:Light_Braille]","fa:Light_Braille:#2D8CFF","Light Braille Light Braille"
"Light_Brain","Light","fa:Light","Brain","[fa:Light_Brain]","fa:Light_Brain:#2D8CFF","Light Brain Light Brain"
"Light_BreadLoaf","Light","fa:Light","BreadLoaf","[fa:Light_BreadLoaf]","fa:Light_BreadLoaf:#2D8CFF","Light BreadLoaf Light BreadLoaf"
"Light_BreadSlice","Light","fa:Light","BreadSlice","[fa:Light_BreadSlice]","fa:Light_BreadSlice:#2D8CFF","Light BreadSlice Light BreadSlice"
"Light_Briefcase","Light","fa:Light","Briefcase","[fa:Light_Briefcase]","fa:Light_Briefcase:#2D8CFF","Light Briefcase Light Briefcase"
"Light_BriefcaseMedical","Light","fa:Light","BriefcaseMedical","[fa:Light_BriefcaseMedical]","fa:Light_BriefcaseMedical:#2D8CFF","Light BriefcaseMedical Light BriefcaseMedical"
"Light_BringForward","Light","fa:Light","BringForward","[fa:Light_BringForward]","fa:Light_BringForward:#2D8CFF","Light BringForward Light BringForward"
"Light_BringFront","Light","fa:Light","BringFront","[fa:Light_BringFront]","fa:Light_BringFront:#2D8CFF","Light BringFront Light BringFront"
"Light_BroadcastTower","Light","fa:Light","BroadcastTower","[fa:Light_BroadcastTower]","fa:Light_BroadcastTower:#2D8CFF","Light BroadcastTower Light BroadcastTower"
"Light_Broom","Light","fa:Light","Broom","[fa:Light_Broom]","fa:Light_Broom:#2D8CFF","Light Broom Light Broom"
"Light_Browser","Light","fa:Light","Browser","[fa:Light_Browser]","fa:Light_Browser:#2D8CFF","Light Browser Light Browser"
"Light_Brush","Light","fa:Light","Brush","[fa:Light_Brush]","fa:Light_Brush:#2D8CFF","Light Brush Light Brush"
"Light_Bug","Light","fa:Light","Bug","[fa:Light_Bug]","fa:Light_Bug:#2D8CFF","Light Bug Light Bug"
"Light_Building","Light","fa:Light","Building","[fa:Light_Building]","fa:Light_Building:#2D8CFF","Light Building Light Building"
"Light_Bullhorn","Light","fa:Light","Bullhorn","[fa:Light_Bullhorn]","fa:Light_Bullhorn:#2D8CFF","Light Bullhorn Light Bullhorn"
"Light_Bullseye","Light","fa:Light","Bullseye","[fa:Light_Bullseye]","fa:Light_Bullseye:#2D8CFF","Light Bullseye Light Bullseye"
"Light_BullseyeArrow","Light","fa:Light","BullseyeArrow","[fa:Light_BullseyeArrow]","fa:Light_BullseyeArrow:#2D8CFF","Light BullseyeArrow Light BullseyeArrow"
"Light_BullseyePointer","Light","fa:Light","BullseyePointer","[fa:Light_BullseyePointer]","fa:Light_BullseyePointer:#2D8CFF","Light BullseyePointer Light BullseyePointer"
"Light_BurgerSoda","Light","fa:Light","BurgerSoda","[fa:Light_BurgerSoda]","fa:Light_BurgerSoda:#2D8CFF","Light BurgerSoda Light BurgerSoda"
"Light_Burn","Light","fa:Light","Burn","[fa:Light_Burn]","fa:Light_Burn:#2D8CFF","Light Burn Light Burn"
"Light_Burrito","Light","fa:Light","Burrito","[fa:Light_Burrito]","fa:Light_Burrito:#2D8CFF","Light Burrito Light Burrito"
"Light_Bus","Light","fa:Light","Bus","[fa:Light_Bus]","fa:Light_Bus:#2D8CFF","Light Bus Light Bus"
"Light_BusAlt","Light","fa:Light","BusAlt","[fa:Light_BusAlt]","fa:Light_BusAlt:#2D8CFF","Light BusAlt Light BusAlt"
"Light_BusSchool","Light","fa:Light","BusSchool","[fa:Light_BusSchool]","fa:Light_BusSchool:#2D8CFF","Light BusSchool Light BusSchool"
"Light_BusinessTime","Light","fa:Light","BusinessTime","[fa:Light_BusinessTime]","fa:Light_BusinessTime:#2D8CFF","Light BusinessTime Light BusinessTime"
"Light_CabinetFiling","Light","fa:Light","CabinetFiling","[fa:Light_CabinetFiling]","fa:Light_CabinetFiling:#2D8CFF","Light CabinetFiling Light CabinetFiling"
"Light_Cactus","Light","fa:Light","Cactus","[fa:Light_Cactus]","fa:Light_Cactus:#2D8CFF","Light Cactus Light Cactus"
"Light_Calculator","Light","fa:Light","Calculator","[fa:Light_Calculator]","fa:Light_Calculator:#2D8CFF","Light Calculator Light Calculator"
"Light_CalculatorAlt","Light","fa:Light","CalculatorAlt","[fa:Light_CalculatorAlt]","fa:Light_CalculatorAlt:#2D8CFF","Light CalculatorAlt Light CalculatorAlt"
"Light_Calendar","Light","fa:Light","Calendar","[fa:Light_Calendar]","fa:Light_Calendar:#2D8CFF","Light Calendar Light Calendar"
"Light_CalendarAlt","Light","fa:Light","CalendarAlt","[fa:Light_CalendarAlt]","fa:Light_CalendarAlt:#2D8CFF","Light CalendarAlt Light CalendarAlt"
"Light_CalendarCheck","Light","fa:Light","CalendarCheck","[fa:Light_CalendarCheck]","fa:Light_CalendarCheck:#2D8CFF","Light CalendarCheck Light CalendarCheck"
"Light_CalendarDay","Light","fa:Light","CalendarDay","[fa:Light_CalendarDay]","fa:Light_CalendarDay:#2D8CFF","Light CalendarDay Light CalendarDay"
"Light_CalendarEdit","Light","fa:Light","CalendarEdit","[fa:Light_CalendarEdit]","fa:Light_CalendarEdit:#2D8CFF","Light CalendarEdit Light CalendarEdit"
"Light_CalendarExclamation","Light","fa:Light","CalendarExclamation","[fa:Light_CalendarExclamation]","fa:Light_CalendarExclamation:#2D8CFF","Light CalendarExclamation Light CalendarExclamation"
"Light_CalendarMinus","Light","fa:Light","CalendarMinus","[fa:Light_CalendarMinus]","fa:Light_CalendarMinus:#2D8CFF","Light CalendarMinus Light CalendarMinus"
"Light_CalendarPlus","Light","fa:Light","CalendarPlus","[fa:Light_CalendarPlus]","fa:Light_CalendarPlus:#2D8CFF","Light CalendarPlus Light CalendarPlus"
"Light_CalendarStar","Light","fa:Light","CalendarStar","[fa:Light_CalendarStar]","fa:Light_CalendarStar:#2D8CFF","Light CalendarStar Light CalendarStar"
"Light_CalendarTimes","Light","fa:Light","CalendarTimes","[fa:Light_CalendarTimes]","fa:Light_CalendarTimes:#2D8CFF","Light CalendarTimes Light CalendarTimes"
"Light_CalendarWeek","Light","fa:Light","CalendarWeek","[fa:Light_CalendarWeek]","fa:Light_CalendarWeek:#2D8CFF","Light CalendarWeek Light CalendarWeek"
"Light_Camcorder","Light","fa:Light","Camcorder","[fa:Light_Camcorder]","fa:Light_Camcorder:#2D8CFF","Light Camcorder Light Camcorder"
"Light_Camera","Light","fa:Light","Camera","[fa:Light_Camera]","fa:Light_Camera:#2D8CFF","Light Camera Light Camera"
"Light_CameraAlt","Light","fa:Light","CameraAlt","[fa:Light_CameraAlt]","fa:Light_CameraAlt:#2D8CFF","Light CameraAlt Light CameraAlt"
"Light_CameraHome","Light","fa:Light","CameraHome","[fa:Light_CameraHome]","fa:Light_CameraHome:#2D8CFF","Light CameraHome Light CameraHome"
"Light_CameraMovie","Light","fa:Light","CameraMovie","[fa:Light_CameraMovie]","fa:Light_CameraMovie:#2D8CFF","Light CameraMovie Light CameraMovie"
"Light_CameraPolaroid","Light","fa:Light","CameraPolaroid","[fa:Light_CameraPolaroid]","fa:Light_CameraPolaroid:#2D8CFF","Light CameraPolaroid Light CameraPolaroid"
"Light_CameraRetro","Light","fa:Light","CameraRetro","[fa:Light_CameraRetro]","fa:Light_CameraRetro:#2D8CFF","Light CameraRetro Light CameraRetro"
"Light_Campfire","Light","fa:Light","Campfire","[fa:Light_Campfire]","fa:Light_Campfire:#2D8CFF","Light Campfire Light Campfire"
"Light_Campground","Light","fa:Light","Campground","[fa:Light_Campground]","fa:Light_Campground:#2D8CFF","Light Campground Light Campground"
"Light_CandleHolder","Light","fa:Light","CandleHolder","[fa:Light_CandleHolder]","fa:Light_CandleHolder:#2D8CFF","Light CandleHolder Light CandleHolder"
"Light_CandyCane","Light","fa:Light","CandyCane","[fa:Light_CandyCane]","fa:Light_CandyCane:#2D8CFF","Light CandyCane Light CandyCane"
"Light_CandyCorn","Light","fa:Light","CandyCorn","[fa:Light_CandyCorn]","fa:Light_CandyCorn:#2D8CFF","Light CandyCorn Light CandyCorn"
"Light_Cannabis","Light","fa:Light","Cannabis","[fa:Light_Cannabis]","fa:Light_Cannabis:#2D8CFF","Light Cannabis Light Cannabis"
"Light_Capsules","Light","fa:Light","Capsules","[fa:Light_Capsules]","fa:Light_Capsules:#2D8CFF","Light Capsules Light Capsules"
"Light_Car","Light","fa:Light","Car","[fa:Light_Car]","fa:Light_Car:#2D8CFF","Light Car Light Car"
"Light_CarAlt","Light","fa:Light","CarAlt","[fa:Light_CarAlt]","fa:Light_CarAlt:#2D8CFF","Light CarAlt Light CarAlt"
"Light_CarBattery","Light","fa:Light","CarBattery","[fa:Light_CarBattery]","fa:Light_CarBattery:#2D8CFF","Light CarBattery Light CarBattery"
"Light_CarBuilding","Light","fa:Light","CarBuilding","[fa:Light_CarBuilding]","fa:Light_CarBuilding:#2D8CFF","Light CarBuilding Light CarBuilding"
"Light_CarBump","Light","fa:Light","CarBump","[fa:Light_CarBump]","fa:Light_CarBump:#2D8CFF","Light CarBump Light CarBump"
"Light_CarBus","Light","fa:Light","CarBus","[fa:Light_CarBus]","fa:Light_CarBus:#2D8CFF","Light CarBus Light CarBus"
"Light_CarCrash","Light","fa:Light","CarCrash","[fa:Light_CarCrash]","fa:Light_CarCrash:#2D8CFF","Light CarCrash Light CarCrash"
"Light_CarGarage","Light","fa:Light","CarGarage","[fa:Light_CarGarage]","fa:Light_CarGarage:#2D8CFF","Light CarGarage Light CarGarage"
"Light_CarMechanic","Light","fa:Light","CarMechanic","[fa:Light_CarMechanic]","fa:Light_CarMechanic:#2D8CFF","Light CarMechanic Light CarMechanic"
"Light_CarSide","Light","fa:Light","CarSide","[fa:Light_CarSide]","fa:Light_CarSide:#2D8CFF","Light CarSide Light CarSide"
"Light_CarTilt","Light","fa:Light","CarTilt","[fa:Light_CarTilt]","fa:Light_CarTilt:#2D8CFF","Light CarTilt Light CarTilt"
"Light_CarWash","Light","fa:Light","CarWash","[fa:Light_CarWash]","fa:Light_CarWash:#2D8CFF","Light CarWash Light CarWash"
"Light_Caravan","Light","fa:Light","Caravan","[fa:Light_Caravan]","fa:Light_Caravan:#2D8CFF","Light Caravan Light Caravan"
"Light_CaravanAlt","Light","fa:Light","CaravanAlt","[fa:Light_CaravanAlt]","fa:Light_CaravanAlt:#2D8CFF","Light CaravanAlt Light CaravanAlt"
"Light_CaretCircleDown","Light","fa:Light","CaretCircleDown","[fa:Light_CaretCircleDown]","fa:Light_CaretCircleDown:#2D8CFF","Light CaretCircleDown Light CaretCircleDown"
"Light_CaretCircleLeft","Light","fa:Light","CaretCircleLeft","[fa:Light_CaretCircleLeft]","fa:Light_CaretCircleLeft:#2D8CFF","Light CaretCircleLeft Light CaretCircleLeft"
"Light_CaretCircleRight","Light","fa:Light","CaretCircleRight","[fa:Light_CaretCircleRight]","fa:Light_CaretCircleRight:#2D8CFF","Light CaretCircleRight Light CaretCircleRight"
"Light_CaretCircleUp","Light","fa:Light","CaretCircleUp","[fa:Light_CaretCircleUp]","fa:Light_CaretCircleUp:#2D8CFF","Light CaretCircleUp Light CaretCircleUp"
"Light_CaretDown","Light","fa:Light","CaretDown","[fa:Light_CaretDown]","fa:Light_CaretDown:#2D8CFF","Light CaretDown Light CaretDown"
"Light_CaretLeft","Light","fa:Light","CaretLeft","[fa:Light_CaretLeft]","fa:Light_CaretLeft:#2D8CFF","Light CaretLeft Light CaretLeft"
"Light_CaretRight","Light","fa:Light","CaretRight","[fa:Light_CaretRight]","fa:Light_CaretRight:#2D8CFF","Light CaretRight Light CaretRight"
"Light_CaretSquareDown","Light","fa:Light","CaretSquareDown","[fa:Light_CaretSquareDown]","fa:Light_CaretSquareDown:#2D8CFF","Light CaretSquareDown Light CaretSquareDown"
"Light_CaretSquareLeft","Light","fa:Light","CaretSquareLeft","[fa:Light_CaretSquareLeft]","fa:Light_CaretSquareLeft:#2D8CFF","Light CaretSquareLeft Light CaretSquareLeft"
"Light_CaretSquareRight","Light","fa:Light","CaretSquareRight","[fa:Light_CaretSquareRight]","fa:Light_CaretSquareRight:#2D8CFF","Light CaretSquareRight Light CaretSquareRight"
"Light_CaretSquareUp","Light","fa:Light","CaretSquareUp","[fa:Light_CaretSquareUp]","fa:Light_CaretSquareUp:#2D8CFF","Light CaretSquareUp Light CaretSquareUp"
"Light_CaretUp","Light","fa:Light","CaretUp","[fa:Light_CaretUp]","fa:Light_CaretUp:#2D8CFF","Light CaretUp Light CaretUp"
"Light_Carrot","Light","fa:Light","Carrot","[fa:Light_Carrot]","fa:Light_Carrot:#2D8CFF","Light Carrot Light Carrot"
"Light_Cars","Light","fa:Light","Cars","[fa:Light_Cars]","fa:Light_Cars:#2D8CFF","Light Cars Light Cars"
"Light_CartArrowDown","Light","fa:Light","CartArrowDown","[fa:Light_CartArrowDown]","fa:Light_CartArrowDown:#2D8CFF","Light CartArrowDown Light CartArrowDown"
"Light_CartPlus","Light","fa:Light","CartPlus","[fa:Light_CartPlus]","fa:Light_CartPlus:#2D8CFF","Light CartPlus Light CartPlus"
"Light_CashRegister","Light","fa:Light","CashRegister","[fa:Light_CashRegister]","fa:Light_CashRegister:#2D8CFF","Light CashRegister Light CashRegister"
"Light_CassetteTape","Light","fa:Light","CassetteTape","[fa:Light_CassetteTape]","fa:Light_CassetteTape:#2D8CFF","Light CassetteTape Light CassetteTape"
"Light_Cat","Light","fa:Light","Cat","[fa:Light_Cat]","fa:Light_Cat:#2D8CFF","Light Cat Light Cat"
"Light_CatSpace","Light","fa:Light","CatSpace","[fa:Light_CatSpace]","fa:Light_CatSpace:#2D8CFF","Light CatSpace Light CatSpace"
"Light_Cauldron","Light","fa:Light","Cauldron","[fa:Light_Cauldron]","fa:Light_Cauldron:#2D8CFF","Light Cauldron Light Cauldron"
"Light_Cctv","Light","fa:Light","Cctv","[fa:Light_Cctv]","fa:Light_Cctv:#2D8CFF","Light Cctv Light Cctv"
"Light_Certificate","Light","fa:Light","Certificate","[fa:Light_Certificate]","fa:Light_Certificate:#2D8CFF","Light Certificate Light Certificate"
"Light_Chair","Light","fa:Light","Chair","[fa:Light_Chair]","fa:Light_Chair:#2D8CFF","Light Chair Light Chair"
"Light_ChairOffice","Light","fa:Light","ChairOffice","[fa:Light_ChairOffice]","fa:Light_ChairOffice:#2D8CFF","Light ChairOffice Light ChairOffice"
"Light_Chalkboard","Light","fa:Light","Chalkboard","[fa:Light_Chalkboard]","fa:Light_Chalkboard:#2D8CFF","Light Chalkboard Light Chalkboard"
"Light_ChalkboardTeacher","Light","fa:Light","ChalkboardTeacher","[fa:Light_ChalkboardTeacher]","fa:Light_ChalkboardTeacher:#2D8CFF","Light ChalkboardTeacher Light ChalkboardTeacher"
"Light_ChargingStation","Light","fa:Light","ChargingStation","[fa:Light_ChargingStation]","fa:Light_ChargingStation:#2D8CFF","Light ChargingStation Light ChargingStation"
"Light_ChartArea","Light","fa:Light","ChartArea","[fa:Light_ChartArea]","fa:Light_ChartArea:#2D8CFF","Light ChartArea Light ChartArea"
"Light_ChartBar","Light","fa:Light","ChartBar","[fa:Light_ChartBar]","fa:Light_ChartBar:#2D8CFF","Light ChartBar Light ChartBar"
"Light_ChartLine","Light","fa:Light","ChartLine","[fa:Light_ChartLine]","fa:Light_ChartLine:#2D8CFF","Light ChartLine Light ChartLine"
"Light_ChartLineDown","Light","fa:Light","ChartLineDown","[fa:Light_ChartLineDown]","fa:Light_ChartLineDown:#2D8CFF","Light ChartLineDown Light ChartLineDown"
"Light_ChartNetwork","Light","fa:Light","ChartNetwork","[fa:Light_ChartNetwork]","fa:Light_ChartNetwork:#2D8CFF","Light ChartNetwork Light ChartNetwork"
"Light_ChartPie","Light","fa:Light","ChartPie","[fa:Light_ChartPie]","fa:Light_ChartPie:#2D8CFF","Light ChartPie Light ChartPie"
"Light_ChartPieAlt","Light","fa:Light","ChartPieAlt","[fa:Light_ChartPieAlt]","fa:Light_ChartPieAlt:#2D8CFF","Light ChartPieAlt Light ChartPieAlt"
"Light_ChartScatter","Light","fa:Light","ChartScatter","[fa:Light_ChartScatter]","fa:Light_ChartScatter:#2D8CFF","Light ChartScatter Light ChartScatter"
"Light_Check","Light","fa:Light","Check","[fa:Light_Check]","fa:Light_Check:#2D8CFF","Light Check Light Check"
"Light_CheckCircle","Light","fa:Light","CheckCircle","[fa:Light_CheckCircle]","fa:Light_CheckCircle:#2D8CFF","Light CheckCircle Light CheckCircle"
"Light_CheckDouble","Light","fa:Light","CheckDouble","[fa:Light_CheckDouble]","fa:Light_CheckDouble:#2D8CFF","Light CheckDouble Light CheckDouble"
"Light_CheckSquare","Light","fa:Light","CheckSquare","[fa:Light_CheckSquare]","fa:Light_CheckSquare:#2D8CFF","Light CheckSquare Light CheckSquare"
"Light_Cheese","Light","fa:Light","Cheese","[fa:Light_Cheese]","fa:Light_Cheese:#2D8CFF","Light Cheese Light Cheese"
"Light_CheeseSwiss","Light","fa:Light","CheeseSwiss","[fa:Light_CheeseSwiss]","fa:Light_CheeseSwiss:#2D8CFF","Light CheeseSwiss Light CheeseSwiss"
"Light_Cheeseburger","Light","fa:Light","Cheeseburger","[fa:Light_Cheeseburger]","fa:Light_Cheeseburger:#2D8CFF","Light Cheeseburger Light Cheeseburger"
"Light_Chess","Light","fa:Light","Chess","[fa:Light_Chess]","fa:Light_Chess:#2D8CFF","Light Chess Light Chess"
"Light_ChessBishop","Light","fa:Light","ChessBishop","[fa:Light_ChessBishop]","fa:Light_ChessBishop:#2D8CFF","Light ChessBishop Light ChessBishop"
"Light_ChessBishopAlt","Light","fa:Light","ChessBishopAlt","[fa:Light_ChessBishopAlt]","fa:Light_ChessBishopAlt:#2D8CFF","Light ChessBishopAlt Light ChessBishopAlt"
"Light_ChessBoard","Light","fa:Light","ChessBoard","[fa:Light_ChessBoard]","fa:Light_ChessBoard:#2D8CFF","Light ChessBoard Light ChessBoard"
"Light_ChessClock","Light","fa:Light","ChessClock","[fa:Light_ChessClock]","fa:Light_ChessClock:#2D8CFF","Light ChessClock Light ChessClock"
"Light_ChessClockAlt","Light","fa:Light","ChessClockAlt","[fa:Light_ChessClockAlt]","fa:Light_ChessClockAlt:#2D8CFF","Light ChessClockAlt Light ChessClockAlt"
"Light_ChessKing","Light","fa:Light","ChessKing","[fa:Light_ChessKing]","fa:Light_ChessKing:#2D8CFF","Light ChessKing Light ChessKing"
"Light_ChessKingAlt","Light","fa:Light","ChessKingAlt","[fa:Light_ChessKingAlt]","fa:Light_ChessKingAlt:#2D8CFF","Light ChessKingAlt Light ChessKingAlt"
"Light_ChessKnight","Light","fa:Light","ChessKnight","[fa:Light_ChessKnight]","fa:Light_ChessKnight:#2D8CFF","Light ChessKnight Light ChessKnight"
"Light_ChessKnightAlt","Light","fa:Light","ChessKnightAlt","[fa:Light_ChessKnightAlt]","fa:Light_ChessKnightAlt:#2D8CFF","Light ChessKnightAlt Light ChessKnightAlt"
"Light_ChessPawn","Light","fa:Light","ChessPawn","[fa:Light_ChessPawn]","fa:Light_ChessPawn:#2D8CFF","Light ChessPawn Light ChessPawn"
"Light_ChessPawnAlt","Light","fa:Light","ChessPawnAlt","[fa:Light_ChessPawnAlt]","fa:Light_ChessPawnAlt:#2D8CFF","Light ChessPawnAlt Light ChessPawnAlt"
"Light_ChessQueen","Light","fa:Light","ChessQueen","[fa:Light_ChessQueen]","fa:Light_ChessQueen:#2D8CFF","Light ChessQueen Light ChessQueen"
"Light_ChessQueenAlt","Light","fa:Light","ChessQueenAlt","[fa:Light_ChessQueenAlt]","fa:Light_ChessQueenAlt:#2D8CFF","Light ChessQueenAlt Light ChessQueenAlt"
"Light_ChessRook","Light","fa:Light","ChessRook","[fa:Light_ChessRook]","fa:Light_ChessRook:#2D8CFF","Light ChessRook Light ChessRook"
"Light_ChessRookAlt","Light","fa:Light","ChessRookAlt","[fa:Light_ChessRookAlt]","fa:Light_ChessRookAlt:#2D8CFF","Light ChessRookAlt Light ChessRookAlt"
"Light_ChevronCircleDown","Light","fa:Light","ChevronCircleDown","[fa:Light_ChevronCircleDown]","fa:Light_ChevronCircleDown:#2D8CFF","Light ChevronCircleDown Light ChevronCircleDown"
"Light_ChevronCircleLeft","Light","fa:Light","ChevronCircleLeft","[fa:Light_ChevronCircleLeft]","fa:Light_ChevronCircleLeft:#2D8CFF","Light ChevronCircleLeft Light ChevronCircleLeft"
"Light_ChevronCircleRight","Light","fa:Light","ChevronCircleRight","[fa:Light_ChevronCircleRight]","fa:Light_ChevronCircleRight:#2D8CFF","Light ChevronCircleRight Light ChevronCircleRight"
"Light_ChevronCircleUp","Light","fa:Light","ChevronCircleUp","[fa:Light_ChevronCircleUp]","fa:Light_ChevronCircleUp:#2D8CFF","Light ChevronCircleUp Light ChevronCircleUp"
"Light_ChevronDoubleDown","Light","fa:Light","ChevronDoubleDown","[fa:Light_ChevronDoubleDown]","fa:Light_ChevronDoubleDown:#2D8CFF","Light ChevronDoubleDown Light ChevronDoubleDown"
"Light_ChevronDoubleLeft","Light","fa:Light","ChevronDoubleLeft","[fa:Light_ChevronDoubleLeft]","fa:Light_ChevronDoubleLeft:#2D8CFF","Light ChevronDoubleLeft Light ChevronDoubleLeft"
"Light_ChevronDoubleRight","Light","fa:Light","ChevronDoubleRight","[fa:Light_ChevronDoubleRight]","fa:Light_ChevronDoubleRight:#2D8CFF","Light ChevronDoubleRight Light ChevronDoubleRight"
"Light_ChevronDoubleUp","Light","fa:Light","ChevronDoubleUp","[fa:Light_ChevronDoubleUp]","fa:Light_ChevronDoubleUp:#2D8CFF","Light ChevronDoubleUp Light ChevronDoubleUp"
"Light_ChevronDown","Light","fa:Light","ChevronDown","[fa:Light_ChevronDown]","fa:Light_ChevronDown:#2D8CFF","Light ChevronDown Light ChevronDown"
"Light_ChevronLeft","Light","fa:Light","ChevronLeft","[fa:Light_ChevronLeft]","fa:Light_ChevronLeft:#2D8CFF","Light ChevronLeft Light ChevronLeft"
"Light_ChevronRight","Light","fa:Light","ChevronRight","[fa:Light_ChevronRight]","fa:Light_ChevronRight:#2D8CFF","Light ChevronRight Light ChevronRight"
"Light_ChevronSquareDown","Light","fa:Light","ChevronSquareDown","[fa:Light_ChevronSquareDown]","fa:Light_ChevronSquareDown:#2D8CFF","Light ChevronSquareDown Light ChevronSquareDown"
"Light_ChevronSquareLeft","Light","fa:Light","ChevronSquareLeft","[fa:Light_ChevronSquareLeft]","fa:Light_ChevronSquareLeft:#2D8CFF","Light ChevronSquareLeft Light ChevronSquareLeft"
"Light_ChevronSquareRight","Light","fa:Light","ChevronSquareRight","[fa:Light_ChevronSquareRight]","fa:Light_ChevronSquareRight:#2D8CFF","Light ChevronSquareRight Light ChevronSquareRight"
"Light_ChevronSquareUp","Light","fa:Light","ChevronSquareUp","[fa:Light_ChevronSquareUp]","fa:Light_ChevronSquareUp:#2D8CFF","Light ChevronSquareUp Light ChevronSquareUp"
"Light_ChevronUp","Light","fa:Light","ChevronUp","[fa:Light_ChevronUp]","fa:Light_ChevronUp:#2D8CFF","Light ChevronUp Light ChevronUp"
"Light_Child","Light","fa:Light","Child","[fa:Light_Child]","fa:Light_Child:#2D8CFF","Light Child Light Child"
"Light_Chimney","Light","fa:Light","Chimney","[fa:Light_Chimney]","fa:Light_Chimney:#2D8CFF","Light Chimney Light Chimney"
"Light_Church","Light","fa:Light","Church","[fa:Light_Church]","fa:Light_Church:#2D8CFF","Light Church Light Church"
"Light_Circle","Light","fa:Light","Circle","[fa:Light_Circle]","fa:Light_Circle:#2D8CFF","Light Circle Light Circle"
"Light_CircleNotch","Light","fa:Light","CircleNotch","[fa:Light_CircleNotch]","fa:Light_CircleNotch:#2D8CFF","Light CircleNotch Light CircleNotch"
"Light_City","Light","fa:Light","City","[fa:Light_City]","fa:Light_City:#2D8CFF","Light City Light City"
"Light_Clarinet","Light","fa:Light","Clarinet","[fa:Light_Clarinet]","fa:Light_Clarinet:#2D8CFF","Light Clarinet Light Clarinet"
"Light_ClawMarks","Light","fa:Light","ClawMarks","[fa:Light_ClawMarks]","fa:Light_ClawMarks:#2D8CFF","Light ClawMarks Light ClawMarks"
"Light_ClinicMedical","Light","fa:Light","ClinicMedical","[fa:Light_ClinicMedical]","fa:Light_ClinicMedical:#2D8CFF","Light ClinicMedical Light ClinicMedical"
"Light_Clipboard","Light","fa:Light","Clipboard","[fa:Light_Clipboard]","fa:Light_Clipboard:#2D8CFF","Light Clipboard Light Clipboard"
"Light_ClipboardCheck","Light","fa:Light","ClipboardCheck","[fa:Light_ClipboardCheck]","fa:Light_ClipboardCheck:#2D8CFF","Light ClipboardCheck Light ClipboardCheck"
"Light_ClipboardList","Light","fa:Light","ClipboardList","[fa:Light_ClipboardList]","fa:Light_ClipboardList:#2D8CFF","Light ClipboardList Light ClipboardList"
"Light_ClipboardListCheck","Light","fa:Light","ClipboardListCheck","[fa:Light_ClipboardListCheck]","fa:Light_ClipboardListCheck:#2D8CFF","Light ClipboardListCheck Light ClipboardListCheck"
"Light_ClipboardPrescription","Light","fa:Light","ClipboardPrescription","[fa:Light_ClipboardPrescription]","fa:Light_ClipboardPrescription:#2D8CFF","Light ClipboardPrescription Light ClipboardPrescription"
"Light_ClipboardUser","Light","fa:Light","ClipboardUser","[fa:Light_ClipboardUser]","fa:Light_ClipboardUser:#2D8CFF","Light ClipboardUser Light ClipboardUser"
"Light_Clock","Light","fa:Light","Clock","[fa:Light_Clock]","fa:Light_Clock:#2D8CFF","Light Clock Light Clock"
"Light_Clone","Light","fa:Light","Clone","[fa:Light_Clone]","fa:Light_Clone:#2D8CFF","Light Clone Light Clone"
"Light_ClosedCaptioning","Light","fa:Light","ClosedCaptioning","[fa:Light_ClosedCaptioning]","fa:Light_ClosedCaptioning:#2D8CFF","Light ClosedCaptioning Light ClosedCaptioning"
"Light_Cloud","Light","fa:Light","Cloud","[fa:Light_Cloud]","fa:Light_Cloud:#2D8CFF","Light Cloud Light Cloud"
"Light_CloudDownload","Light","fa:Light","CloudDownload","[fa:Light_CloudDownload]","fa:Light_CloudDownload:#2D8CFF","Light CloudDownload Light CloudDownload"
"Light_CloudDownloadAlt","Light","fa:Light","CloudDownloadAlt","[fa:Light_CloudDownloadAlt]","fa:Light_CloudDownloadAlt:#2D8CFF","Light CloudDownloadAlt Light CloudDownloadAlt"
"Light_CloudDrizzle","Light","fa:Light","CloudDrizzle","[fa:Light_CloudDrizzle]","fa:Light_CloudDrizzle:#2D8CFF","Light CloudDrizzle Light CloudDrizzle"
"Light_CloudHail","Light","fa:Light","CloudHail","[fa:Light_CloudHail]","fa:Light_CloudHail:#2D8CFF","Light CloudHail Light CloudHail"
"Light_CloudHailMixed","Light","fa:Light","CloudHailMixed","[fa:Light_CloudHailMixed]","fa:Light_CloudHailMixed:#2D8CFF","Light CloudHailMixed Light CloudHailMixed"
"Light_CloudMeatball","Light","fa:Light","CloudMeatball","[fa:Light_CloudMeatball]","fa:Light_CloudMeatball:#2D8CFF","Light CloudMeatball Light CloudMeatball"
"Light_CloudMoon","Light","fa:Light","CloudMoon","[fa:Light_CloudMoon]","fa:Light_CloudMoon:#2D8CFF","Light CloudMoon Light CloudMoon"
"Light_CloudMoonRain","Light","fa:Light","CloudMoonRain","[fa:Light_CloudMoonRain]","fa:Light_CloudMoonRain:#2D8CFF","Light CloudMoonRain Light CloudMoonRain"
"Light_CloudMusic","Light","fa:Light","CloudMusic","[fa:Light_CloudMusic]","fa:Light_CloudMusic:#2D8CFF","Light CloudMusic Light CloudMusic"
"Light_CloudRain","Light","fa:Light","CloudRain","[fa:Light_CloudRain]","fa:Light_CloudRain:#2D8CFF","Light CloudRain Light CloudRain"
"Light_CloudRainbow","Light","fa:Light","CloudRainbow","[fa:Light_CloudRainbow]","fa:Light_CloudRainbow:#2D8CFF","Light CloudRainbow Light CloudRainbow"
"Light_CloudShowers","Light","fa:Light","CloudShowers","[fa:Light_CloudShowers]","fa:Light_CloudShowers:#2D8CFF","Light CloudShowers Light CloudShowers"
"Light_CloudShowersHeavy","Light","fa:Light","CloudShowersHeavy","[fa:Light_CloudShowersHeavy]","fa:Light_CloudShowersHeavy:#2D8CFF","Light CloudShowersHeavy Light CloudShowersHeavy"
"Light_CloudSleet","Light","fa:Light","CloudSleet","[fa:Light_CloudSleet]","fa:Light_CloudSleet:#2D8CFF","Light CloudSleet Light CloudSleet"
"Light_CloudSnow","Light","fa:Light","CloudSnow","[fa:Light_CloudSnow]","fa:Light_CloudSnow:#2D8CFF","Light CloudSnow Light CloudSnow"
"Light_CloudSun","Light","fa:Light","CloudSun","[fa:Light_CloudSun]","fa:Light_CloudSun:#2D8CFF","Light CloudSun Light CloudSun"
"Light_CloudSunRain","Light","fa:Light","CloudSunRain","[fa:Light_CloudSunRain]","fa:Light_CloudSunRain:#2D8CFF","Light CloudSunRain Light CloudSunRain"
"Light_CloudUpload","Light","fa:Light","CloudUpload","[fa:Light_CloudUpload]","fa:Light_CloudUpload:#2D8CFF","Light CloudUpload Light CloudUpload"
"Light_CloudUploadAlt","Light","fa:Light","CloudUploadAlt","[fa:Light_CloudUploadAlt]","fa:Light_CloudUploadAlt:#2D8CFF","Light CloudUploadAlt Light CloudUploadAlt"
"Light_Clouds","Light","fa:Light","Clouds","[fa:Light_Clouds]","fa:Light_Clouds:#2D8CFF","Light Clouds Light Clouds"
"Light_CloudsMoon","Light","fa:Light","CloudsMoon","[fa:Light_CloudsMoon]","fa:Light_CloudsMoon:#2D8CFF","Light CloudsMoon Light CloudsMoon"
"Light_CloudsSun","Light","fa:Light","CloudsSun","[fa:Light_CloudsSun]","fa:Light_CloudsSun:#2D8CFF","Light CloudsSun Light CloudsSun"
"Light_Club","Light","fa:Light","Club","[fa:Light_Club]","fa:Light_Club:#2D8CFF","Light Club Light Club"
"Light_Cocktail","Light","fa:Light","Cocktail","[fa:Light_Cocktail]","fa:Light_Cocktail:#2D8CFF","Light Cocktail Light Cocktail"
"Light_Code","Light","fa:Light","Code","[fa:Light_Code]","fa:Light_Code:#2D8CFF","Light Code Light Code"
"Light_CodeBranch","Light","fa:Light","CodeBranch","[fa:Light_CodeBranch]","fa:Light_CodeBranch:#2D8CFF","Light CodeBranch Light CodeBranch"
"Light_CodeCommit","Light","fa:Light","CodeCommit","[fa:Light_CodeCommit]","fa:Light_CodeCommit:#2D8CFF","Light CodeCommit Light CodeCommit"
"Light_CodeMerge","Light","fa:Light","CodeMerge","[fa:Light_CodeMerge]","fa:Light_CodeMerge:#2D8CFF","Light CodeMerge Light CodeMerge"
"Light_Coffee","Light","fa:Light","Coffee","[fa:Light_Coffee]","fa:Light_Coffee:#2D8CFF","Light Coffee Light Coffee"
"Light_CoffeePot","Light","fa:Light","CoffeePot","[fa:Light_CoffeePot]","fa:Light_CoffeePot:#2D8CFF","Light CoffeePot Light CoffeePot"
"Light_CoffeeTogo","Light","fa:Light","CoffeeTogo","[fa:Light_CoffeeTogo]","fa:Light_CoffeeTogo:#2D8CFF","Light CoffeeTogo Light CoffeeTogo"
"Light_Coffin","Light","fa:Light","Coffin","[fa:Light_Coffin]","fa:Light_Coffin:#2D8CFF","Light Coffin Light Coffin"
"Light_CoffinCross","Light","fa:Light","CoffinCross","[fa:Light_CoffinCross]","fa:Light_CoffinCross:#2D8CFF","Light CoffinCross Light CoffinCross"
"Light_Cog","Light","fa:Light","Cog","[fa:Light_Cog]","fa:Light_Cog:#2D8CFF","Light Cog Light Cog"
"Light_Cogs","Light","fa:Light","Cogs","[fa:Light_Cogs]","fa:Light_Cogs:#2D8CFF","Light Cogs Light Cogs"
"Light_Coin","Light","fa:Light","Coin","[fa:Light_Coin]","fa:Light_Coin:#2D8CFF","Light Coin Light Coin"
"Light_Coins","Light","fa:Light","Coins","[fa:Light_Coins]","fa:Light_Coins:#2D8CFF","Light Coins Light Coins"
"Light_Columns","Light","fa:Light","Columns","[fa:Light_Columns]","fa:Light_Columns:#2D8CFF","Light Columns Light Columns"
"Light_Comet","Light","fa:Light","Comet","[fa:Light_Comet]","fa:Light_Comet:#2D8CFF","Light Comet Light Comet"
"Light_Comment","Light","fa:Light","Comment","[fa:Light_Comment]","fa:Light_Comment:#2D8CFF","Light Comment Light Comment"
"Light_CommentAlt","Light","fa:Light","CommentAlt","[fa:Light_CommentAlt]","fa:Light_CommentAlt:#2D8CFF","Light CommentAlt Light CommentAlt"
"Light_CommentAltCheck","Light","fa:Light","CommentAltCheck","[fa:Light_CommentAltCheck]","fa:Light_CommentAltCheck:#2D8CFF","Light CommentAltCheck Light CommentAltCheck"
"Light_CommentAltDollar","Light","fa:Light","CommentAltDollar","[fa:Light_CommentAltDollar]","fa:Light_CommentAltDollar:#2D8CFF","Light CommentAltDollar Light CommentAltDollar"
"Light_CommentAltDots","Light","fa:Light","CommentAltDots","[fa:Light_CommentAltDots]","fa:Light_CommentAltDots:#2D8CFF","Light CommentAltDots Light CommentAltDots"
"Light_CommentAltEdit","Light","fa:Light","CommentAltEdit","[fa:Light_CommentAltEdit]","fa:Light_CommentAltEdit:#2D8CFF","Light CommentAltEdit Light CommentAltEdit"
"Light_CommentAltExclamation","Light","fa:Light","CommentAltExclamation","[fa:Light_CommentAltExclamation]","fa:Light_CommentAltExclamation:#2D8CFF","Light CommentAltExclamation Light CommentAltExclamation"
"Light_CommentAltLines","Light","fa:Light","CommentAltLines","[fa:Light_CommentAltLines]","fa:Light_CommentAltLines:#2D8CFF","Light CommentAltLines Light CommentAltLines"
"Light_CommentAltMedical","Light","fa:Light","CommentAltMedical","[fa:Light_CommentAltMedical]","fa:Light_CommentAltMedical:#2D8CFF","Light CommentAltMedical Light CommentAltMedical"
"Light_CommentAltMinus","Light","fa:Light","CommentAltMinus","[fa:Light_CommentAltMinus]","fa:Light_CommentAltMinus:#2D8CFF","Light CommentAltMinus Light CommentAltMinus"
"Light_CommentAltMusic","Light","fa:Light","CommentAltMusic","[fa:Light_CommentAltMusic]","fa:Light_CommentAltMusic:#2D8CFF","Light CommentAltMusic Light CommentAltMusic"
"Light_CommentAltPlus","Light","fa:Light","CommentAltPlus","[fa:Light_CommentAltPlus]","fa:Light_CommentAltPlus:#2D8CFF","Light CommentAltPlus Light CommentAltPlus"
"Light_CommentAltSlash","Light","fa:Light","CommentAltSlash","[fa:Light_CommentAltSlash]","fa:Light_CommentAltSlash:#2D8CFF","Light CommentAltSlash Light CommentAltSlash"
"Light_CommentAltSmile","Light","fa:Light","CommentAltSmile","[fa:Light_CommentAltSmile]","fa:Light_CommentAltSmile:#2D8CFF","Light CommentAltSmile Light CommentAltSmile"
"Light_CommentAltTimes","Light","fa:Light","CommentAltTimes","[fa:Light_CommentAltTimes]","fa:Light_CommentAltTimes:#2D8CFF","Light CommentAltTimes Light CommentAltTimes"
"Light_CommentCheck","Light","fa:Light","CommentCheck","[fa:Light_CommentCheck]","fa:Light_CommentCheck:#2D8CFF","Light CommentCheck Light CommentCheck"
"Light_CommentDollar","Light","fa:Light","CommentDollar","[fa:Light_CommentDollar]","fa:Light_CommentDollar:#2D8CFF","Light CommentDollar Light CommentDollar"
"Light_CommentDots","Light","fa:Light","CommentDots","[fa:Light_CommentDots]","fa:Light_CommentDots:#2D8CFF","Light CommentDots Light CommentDots"
"Light_CommentEdit","Light","fa:Light","CommentEdit","[fa:Light_CommentEdit]","fa:Light_CommentEdit:#2D8CFF","Light CommentEdit Light CommentEdit"
"Light_CommentExclamation","Light","fa:Light","CommentExclamation","[fa:Light_CommentExclamation]","fa:Light_CommentExclamation:#2D8CFF","Light CommentExclamation Light CommentExclamation"
"Light_CommentLines","Light","fa:Light","CommentLines","[fa:Light_CommentLines]","fa:Light_CommentLines:#2D8CFF","Light CommentLines Light CommentLines"
"Light_CommentMedical","Light","fa:Light","CommentMedical","[fa:Light_CommentMedical]","fa:Light_CommentMedical:#2D8CFF","Light CommentMedical Light CommentMedical"
"Light_CommentMinus","Light","fa:Light","CommentMinus","[fa:Light_CommentMinus]","fa:Light_CommentMinus:#2D8CFF","Light CommentMinus Light CommentMinus"
"Light_CommentMusic","Light","fa:Light","CommentMusic","[fa:Light_CommentMusic]","fa:Light_CommentMusic:#2D8CFF","Light CommentMusic Light CommentMusic"
"Light_CommentPlus","Light","fa:Light","CommentPlus","[fa:Light_CommentPlus]","fa:Light_CommentPlus:#2D8CFF","Light CommentPlus Light CommentPlus"
"Light_CommentSlash","Light","fa:Light","CommentSlash","[fa:Light_CommentSlash]","fa:Light_CommentSlash:#2D8CFF","Light CommentSlash Light CommentSlash"
"Light_CommentSmile","Light","fa:Light","CommentSmile","[fa:Light_CommentSmile]","fa:Light_CommentSmile:#2D8CFF","Light CommentSmile Light CommentSmile"
"Light_CommentTimes","Light","fa:Light","CommentTimes","[fa:Light_CommentTimes]","fa:Light_CommentTimes:#2D8CFF","Light CommentTimes Light CommentTimes"
"Light_Comments","Light","fa:Light","Comments","[fa:Light_Comments]","fa:Light_Comments:#2D8CFF","Light Comments Light Comments"
"Light_CommentsAlt","Light","fa:Light","CommentsAlt","[fa:Light_CommentsAlt]","fa:Light_CommentsAlt:#2D8CFF","Light CommentsAlt Light CommentsAlt"
"Light_CommentsAltDollar","Light","fa:Light","CommentsAltDollar","[fa:Light_CommentsAltDollar]","fa:Light_CommentsAltDollar:#2D8CFF","Light CommentsAltDollar Light CommentsAltDollar"
"Light_CommentsDollar","Light","fa:Light","CommentsDollar","[fa:Light_CommentsDollar]","fa:Light_CommentsDollar:#2D8CFF","Light CommentsDollar Light CommentsDollar"
"Light_CompactDisc","Light","fa:Light","CompactDisc","[fa:Light_CompactDisc]","fa:Light_CompactDisc:#2D8CFF","Light CompactDisc Light CompactDisc"
"Light_Compass","Light","fa:Light","Compass","[fa:Light_Compass]","fa:Light_Compass:#2D8CFF","Light Compass Light Compass"
"Light_CompassSlash","Light","fa:Light","CompassSlash","[fa:Light_CompassSlash]","fa:Light_CompassSlash:#2D8CFF","Light CompassSlash Light CompassSlash"
"Light_Compress","Light","fa:Light","Compress","[fa:Light_Compress]","fa:Light_Compress:#2D8CFF","Light Compress Light Compress"
"Light_CompressAlt","Light","fa:Light","CompressAlt","[fa:Light_CompressAlt]","fa:Light_CompressAlt:#2D8CFF","Light CompressAlt Light CompressAlt"
"Light_CompressArrowsAlt","Light","fa:Light","CompressArrowsAlt","[fa:Light_CompressArrowsAlt]","fa:Light_CompressArrowsAlt:#2D8CFF","Light CompressArrowsAlt Light CompressArrowsAlt"
"Light_CompressWide","Light","fa:Light","CompressWide","[fa:Light_CompressWide]","fa:Light_CompressWide:#2D8CFF","Light CompressWide Light CompressWide"
"Light_ComputerClassic","Light","fa:Light","ComputerClassic","[fa:Light_ComputerClassic]","fa:Light_ComputerClassic:#2D8CFF","Light ComputerClassic Light ComputerClassic"
"Light_ComputerSpeaker","Light","fa:Light","ComputerSpeaker","[fa:Light_ComputerSpeaker]","fa:Light_ComputerSpeaker:#2D8CFF","Light ComputerSpeaker Light ComputerSpeaker"
"Light_ConciergeBell","Light","fa:Light","ConciergeBell","[fa:Light_ConciergeBell]","fa:Light_ConciergeBell:#2D8CFF","Light ConciergeBell Light ConciergeBell"
"Light_Construction","Light","fa:Light","Construction","[fa:Light_Construction]","fa:Light_Construction:#2D8CFF","Light Construction Light Construction"
"Light_ContainerStorage","Light","fa:Light","ContainerStorage","[fa:Light_ContainerStorage]","fa:Light_ContainerStorage:#2D8CFF","Light ContainerStorage Light ContainerStorage"
"Light_ConveyorBelt","Light","fa:Light","ConveyorBelt","[fa:Light_ConveyorBelt]","fa:Light_ConveyorBelt:#2D8CFF","Light ConveyorBelt Light ConveyorBelt"
"Light_ConveyorBeltAlt","Light","fa:Light","ConveyorBeltAlt","[fa:Light_ConveyorBeltAlt]","fa:Light_ConveyorBeltAlt:#2D8CFF","Light ConveyorBeltAlt Light ConveyorBeltAlt"
"Light_Cookie","Light","fa:Light","Cookie","[fa:Light_Cookie]","fa:Light_Cookie:#2D8CFF","Light Cookie Light Cookie"
"Light_CookieBite","Light","fa:Light","CookieBite","[fa:Light_CookieBite]","fa:Light_CookieBite:#2D8CFF","Light CookieBite Light CookieBite"
"Light_Copy","Light","fa:Light","Copy","[fa:Light_Copy]","fa:Light_Copy:#2D8CFF","Light Copy Light Copy"
"Light_Copyright","Light","fa:Light","Copyright","[fa:Light_Copyright]","fa:Light_Copyright:#2D8CFF","Light Copyright Light Copyright"
"Light_Corn","Light","fa:Light","Corn","[fa:Light_Corn]","fa:Light_Corn:#2D8CFF","Light Corn Light Corn"
"Light_Couch","Light","fa:Light","Couch","[fa:Light_Couch]","fa:Light_Couch:#2D8CFF","Light Couch Light Couch"
"Light_Cow","Light","fa:Light","Cow","[fa:Light_Cow]","fa:Light_Cow:#2D8CFF","Light Cow Light Cow"
"Light_Cowbell","Light","fa:Light","Cowbell","[fa:Light_Cowbell]","fa:Light_Cowbell:#2D8CFF","Light Cowbell Light Cowbell"
"Light_CowbellMore","Light","fa:Light","CowbellMore","[fa:Light_CowbellMore]","fa:Light_CowbellMore:#2D8CFF","Light CowbellMore Light CowbellMore"
"Light_CreditCard","Light","fa:Light","CreditCard","[fa:Light_CreditCard]","fa:Light_CreditCard:#2D8CFF","Light CreditCard Light CreditCard"
"Light_CreditCardBlank","Light","fa:Light","CreditCardBlank","[fa:Light_CreditCardBlank]","fa:Light_CreditCardBlank:#2D8CFF","Light CreditCardBlank Light CreditCardBlank"
"Light_CreditCardFront","Light","fa:Light","CreditCardFront","[fa:Light_CreditCardFront]","fa:Light_CreditCardFront:#2D8CFF","Light CreditCardFront Light CreditCardFront"
"Light_Cricket","Light","fa:Light","Cricket","[fa:Light_Cricket]","fa:Light_Cricket:#2D8CFF","Light Cricket Light Cricket"
"Light_Croissant","Light","fa:Light","Croissant","[fa:Light_Croissant]","fa:Light_Croissant:#2D8CFF","Light Croissant Light Croissant"
"Light_Crop","Light","fa:Light","Crop","[fa:Light_Crop]","fa:Light_Crop:#2D8CFF","Light Crop Light Crop"
"Light_CropAlt","Light","fa:Light","CropAlt","[fa:Light_CropAlt]","fa:Light_CropAlt:#2D8CFF","Light CropAlt Light CropAlt"
"Light_Cross","Light","fa:Light","Cross","[fa:Light_Cross]","fa:Light_Cross:#2D8CFF","Light Cross Light Cross"
"Light_Crosshairs","Light","fa:Light","Crosshairs","[fa:Light_Crosshairs]","fa:Light_Crosshairs:#2D8CFF","Light Crosshairs Light Crosshairs"
"Light_Crow","Light","fa:Light","Crow","[fa:Light_Crow]","fa:Light_Crow:#2D8CFF","Light Crow Light Crow"
"Light_Crown","Light","fa:Light","Crown","[fa:Light_Crown]","fa:Light_Crown:#2D8CFF","Light Crown Light Crown"
"Light_Crutch","Light","fa:Light","Crutch","[fa:Light_Crutch]","fa:Light_Crutch:#2D8CFF","Light Crutch Light Crutch"
"Light_Crutches","Light","fa:Light","Crutches","[fa:Light_Crutches]","fa:Light_Crutches:#2D8CFF","Light Crutches Light Crutches"
"Light_Cube","Light","fa:Light","Cube","[fa:Light_Cube]","fa:Light_Cube:#2D8CFF","Light Cube Light Cube"
"Light_Cubes","Light","fa:Light","Cubes","[fa:Light_Cubes]","fa:Light_Cubes:#2D8CFF","Light Cubes Light Cubes"
"Light_Curling","Light","fa:Light","Curling","[fa:Light_Curling]","fa:Light_Curling:#2D8CFF","Light Curling Light Curling"
"Light_Cut","Light","fa:Light","Cut","[fa:Light_Cut]","fa:Light_Cut:#2D8CFF","Light Cut Light Cut"
"Light_Dagger","Light","fa:Light","Dagger","[fa:Light_Dagger]","fa:Light_Dagger:#2D8CFF","Light Dagger Light Dagger"
"Light_Database","Light","fa:Light","Database","[fa:Light_Database]","fa:Light_Database:#2D8CFF","Light Database Light Database"
"Light_Deaf","Light","fa:Light","Deaf","[fa:Light_Deaf]","fa:Light_Deaf:#2D8CFF","Light Deaf Light Deaf"
"Light_Debug","Light","fa:Light","Debug","[fa:Light_Debug]","fa:Light_Debug:#2D8CFF","Light Debug Light Debug"
"Light_Deer","Light","fa:Light","Deer","[fa:Light_Deer]","fa:Light_Deer:#2D8CFF","Light Deer Light Deer"
"Light_DeerRudolph","Light","fa:Light","DeerRudolph","[fa:Light_DeerRudolph]","fa:Light_DeerRudolph:#2D8CFF","Light DeerRudolph Light DeerRudolph"
"Light_Democrat","Light","fa:Light","Democrat","[fa:Light_Democrat]","fa:Light_Democrat:#2D8CFF","Light Democrat Light Democrat"
"Light_Desktop","Light","fa:Light","Desktop","[fa:Light_Desktop]","fa:Light_Desktop:#2D8CFF","Light Desktop Light Desktop"
"Light_DesktopAlt","Light","fa:Light","DesktopAlt","[fa:Light_DesktopAlt]","fa:Light_DesktopAlt:#2D8CFF","Light DesktopAlt Light DesktopAlt"
"Light_Dewpoint","Light","fa:Light","Dewpoint","[fa:Light_Dewpoint]","fa:Light_Dewpoint:#2D8CFF","Light Dewpoint Light Dewpoint"
"Light_Dharmachakra","Light","fa:Light","Dharmachakra","[fa:Light_Dharmachakra]","fa:Light_Dharmachakra:#2D8CFF","Light Dharmachakra Light Dharmachakra"
"Light_Diagnoses","Light","fa:Light","Diagnoses","[fa:Light_Diagnoses]","fa:Light_Diagnoses:#2D8CFF","Light Diagnoses Light Diagnoses"
"Light_Diamond","Light","fa:Light","Diamond","[fa:Light_Diamond]","fa:Light_Diamond:#2D8CFF","Light Diamond Light Diamond"
"Light_Dice","Light","fa:Light","Dice","[fa:Light_Dice]","fa:Light_Dice:#2D8CFF","Light Dice Light Dice"
"Light_DiceD10","Light","fa:Light","DiceD10","[fa:Light_DiceD10]","fa:Light_DiceD10:#2D8CFF","Light DiceD10 Light DiceD10"
"Light_DiceD12","Light","fa:Light","DiceD12","[fa:Light_DiceD12]","fa:Light_DiceD12:#2D8CFF","Light DiceD12 Light DiceD12"
"Light_DiceD20","Light","fa:Light","DiceD20","[fa:Light_DiceD20]","fa:Light_DiceD20:#2D8CFF","Light DiceD20 Light DiceD20"
"Light_DiceD4","Light","fa:Light","DiceD4","[fa:Light_DiceD4]","fa:Light_DiceD4:#2D8CFF","Light DiceD4 Light DiceD4"
"Light_DiceD6","Light","fa:Light","DiceD6","[fa:Light_DiceD6]","fa:Light_DiceD6:#2D8CFF","Light DiceD6 Light DiceD6"
"Light_DiceD8","Light","fa:Light","DiceD8","[fa:Light_DiceD8]","fa:Light_DiceD8:#2D8CFF","Light DiceD8 Light DiceD8"
"Light_DiceFive","Light","fa:Light","DiceFive","[fa:Light_DiceFive]","fa:Light_DiceFive:#2D8CFF","Light DiceFive Light DiceFive"
"Light_DiceFour","Light","fa:Light","DiceFour","[fa:Light_DiceFour]","fa:Light_DiceFour:#2D8CFF","Light DiceFour Light DiceFour"
"Light_DiceOne","Light","fa:Light","DiceOne","[fa:Light_DiceOne]","fa:Light_DiceOne:#2D8CFF","Light DiceOne Light DiceOne"
"Light_DiceSix","Light","fa:Light","DiceSix","[fa:Light_DiceSix]","fa:Light_DiceSix:#2D8CFF","Light DiceSix Light DiceSix"
"Light_DiceThree","Light","fa:Light","DiceThree","[fa:Light_DiceThree]","fa:Light_DiceThree:#2D8CFF","Light DiceThree Light DiceThree"
"Light_DiceTwo","Light","fa:Light","DiceTwo","[fa:Light_DiceTwo]","fa:Light_DiceTwo:#2D8CFF","Light DiceTwo Light DiceTwo"
"Light_Digging","Light","fa:Light","Digging","[fa:Light_Digging]","fa:Light_Digging:#2D8CFF","Light Digging Light Digging"
"Light_DigitalTachograph","Light","fa:Light","DigitalTachograph","[fa:Light_DigitalTachograph]","fa:Light_DigitalTachograph:#2D8CFF","Light DigitalTachograph Light DigitalTachograph"
"Light_Diploma","Light","fa:Light","Diploma","[fa:Light_Diploma]","fa:Light_Diploma:#2D8CFF","Light Diploma Light Diploma"
"Light_Directions","Light","fa:Light","Directions","[fa:Light_Directions]","fa:Light_Directions:#2D8CFF","Light Directions Light Directions"
"Light_DiscDrive","Light","fa:Light","DiscDrive","[fa:Light_DiscDrive]","fa:Light_DiscDrive:#2D8CFF","Light DiscDrive Light DiscDrive"
"Light_Disease","Light","fa:Light","Disease","[fa:Light_Disease]","fa:Light_Disease:#2D8CFF","Light Disease Light Disease"
"Light_Divide","Light","fa:Light","Divide","[fa:Light_Divide]","fa:Light_Divide:#2D8CFF","Light Divide Light Divide"
"Light_Dizzy","Light","fa:Light","Dizzy","[fa:Light_Dizzy]","fa:Light_Dizzy:#2D8CFF","Light Dizzy Light Dizzy"
"Light_Dna","Light","fa:Light","Dna","[fa:Light_Dna]","fa:Light_Dna:#2D8CFF","Light Dna Light Dna"
"Light_DoNotEnter","Light","fa:Light","DoNotEnter","[fa:Light_DoNotEnter]","fa:Light_DoNotEnter:#2D8CFF","Light DoNotEnter Light DoNotEnter"
"Light_Dog","Light","fa:Light","Dog","[fa:Light_Dog]","fa:Light_Dog:#2D8CFF","Light Dog Light Dog"
"Light_DogLeashed","Light","fa:Light","DogLeashed","[fa:Light_DogLeashed]","fa:Light_DogLeashed:#2D8CFF","Light DogLeashed Light DogLeashed"
"Light_DollarSign","Light","fa:Light","DollarSign","[fa:Light_DollarSign]","fa:Light_DollarSign:#2D8CFF","Light DollarSign Light DollarSign"
"Light_Dolly","Light","fa:Light","Dolly","[fa:Light_Dolly]","fa:Light_Dolly:#2D8CFF","Light Dolly Light Dolly"
"Light_DollyEmpty","Light","fa:Light","DollyEmpty","[fa:Light_DollyEmpty]","fa:Light_DollyEmpty:#2D8CFF","Light DollyEmpty Light DollyEmpty"
"Light_DollyFlatbed","Light","fa:Light","DollyFlatbed","[fa:Light_DollyFlatbed]","fa:Light_DollyFlatbed:#2D8CFF","Light DollyFlatbed Light DollyFlatbed"
"Light_DollyFlatbedAlt","Light","fa:Light","DollyFlatbedAlt","[fa:Light_DollyFlatbedAlt]","fa:Light_DollyFlatbedAlt:#2D8CFF","Light DollyFlatbedAlt Light DollyFlatbedAlt"
"Light_DollyFlatbedEmpty","Light","fa:Light","DollyFlatbedEmpty","[fa:Light_DollyFlatbedEmpty]","fa:Light_DollyFlatbedEmpty:#2D8CFF","Light DollyFlatbedEmpty Light DollyFlatbedEmpty"
"Light_Donate","Light","fa:Light","Donate","[fa:Light_Donate]","fa:Light_Donate:#2D8CFF","Light Donate Light Donate"
"Light_DoorClosed","Light","fa:Light","DoorClosed","[fa:Light_DoorClosed]","fa:Light_DoorClosed:#2D8CFF","Light DoorClosed Light DoorClosed"
"Light_DoorOpen","Light","fa:Light","DoorOpen","[fa:Light_DoorOpen]","fa:Light_DoorOpen:#2D8CFF","Light DoorOpen Light DoorOpen"
"Light_DotCircle","Light","fa:Light","DotCircle","[fa:Light_DotCircle]","fa:Light_DotCircle:#2D8CFF","Light DotCircle Light DotCircle"
"Light_Dove","Light","fa:Light","Dove","[fa:Light_Dove]","fa:Light_Dove:#2D8CFF","Light Dove Light Dove"
"Light_Download","Light","fa:Light","Download","[fa:Light_Download]","fa:Light_Download:#2D8CFF","Light Download Light Download"
"Light_DraftingCompass","Light","fa:Light","DraftingCompass","[fa:Light_DraftingCompass]","fa:Light_DraftingCompass:#2D8CFF","Light DraftingCompass Light DraftingCompass"
"Light_Dragon","Light","fa:Light","Dragon","[fa:Light_Dragon]","fa:Light_Dragon:#2D8CFF","Light Dragon Light Dragon"
"Light_DrawCircle","Light","fa:Light","DrawCircle","[fa:Light_DrawCircle]","fa:Light_DrawCircle:#2D8CFF","Light DrawCircle Light DrawCircle"
"Light_DrawPolygon","Light","fa:Light","DrawPolygon","[fa:Light_DrawPolygon]","fa:Light_DrawPolygon:#2D8CFF","Light DrawPolygon Light DrawPolygon"
"Light_DrawSquare","Light","fa:Light","DrawSquare","[fa:Light_DrawSquare]","fa:Light_DrawSquare:#2D8CFF","Light DrawSquare Light DrawSquare"
"Light_Dreidel","Light","fa:Light","Dreidel","[fa:Light_Dreidel]","fa:Light_Dreidel:#2D8CFF","Light Dreidel Light Dreidel"
"Light_Drone","Light","fa:Light","Drone","[fa:Light_Drone]","fa:Light_Drone:#2D8CFF","Light Drone Light Drone"
"Light_DroneAlt","Light","fa:Light","DroneAlt","[fa:Light_DroneAlt]","fa:Light_DroneAlt:#2D8CFF","Light DroneAlt Light DroneAlt"
"Light_Drum","Light","fa:Light","Drum","[fa:Light_Drum]","fa:Light_Drum:#2D8CFF","Light Drum Light Drum"
"Light_DrumSteelpan","Light","fa:Light","DrumSteelpan","[fa:Light_DrumSteelpan]","fa:Light_DrumSteelpan:#2D8CFF","Light DrumSteelpan Light DrumSteelpan"
"Light_Drumstick","Light","fa:Light","Drumstick","[fa:Light_Drumstick]","fa:Light_Drumstick:#2D8CFF","Light Drumstick Light Drumstick"
"Light_DrumstickBite","Light","fa:Light","DrumstickBite","[fa:Light_DrumstickBite]","fa:Light_DrumstickBite:#2D8CFF","Light DrumstickBite Light DrumstickBite"
"Light_Dryer","Light","fa:Light","Dryer","[fa:Light_Dryer]","fa:Light_Dryer:#2D8CFF","Light Dryer Light Dryer"
"Light_DryerAlt","Light","fa:Light","DryerAlt","[fa:Light_DryerAlt]","fa:Light_DryerAlt:#2D8CFF","Light DryerAlt Light DryerAlt"
"Light_Duck","Light","fa:Light","Duck","[fa:Light_Duck]","fa:Light_Duck:#2D8CFF","Light Duck Light Duck"
"Light_Dumbbell","Light","fa:Light","Dumbbell","[fa:Light_Dumbbell]","fa:Light_Dumbbell:#2D8CFF","Light Dumbbell Light Dumbbell"
"Light_Dumpster","Light","fa:Light","Dumpster","[fa:Light_Dumpster]","fa:Light_Dumpster:#2D8CFF","Light Dumpster Light Dumpster"
"Light_DumpsterFire","Light","fa:Light","DumpsterFire","[fa:Light_DumpsterFire]","fa:Light_DumpsterFire:#2D8CFF","Light DumpsterFire Light DumpsterFire"
"Light_Dungeon","Light","fa:Light","Dungeon","[fa:Light_Dungeon]","fa:Light_Dungeon:#2D8CFF","Light Dungeon Light Dungeon"
"Light_Ear","Light","fa:Light","Ear","[fa:Light_Ear]","fa:Light_Ear:#2D8CFF","Light Ear Light Ear"
"Light_EarMuffs","Light","fa:Light","EarMuffs","[fa:Light_EarMuffs]","fa:Light_EarMuffs:#2D8CFF","Light EarMuffs Light EarMuffs"
"Light_Eclipse","Light","fa:Light","Eclipse","[fa:Light_Eclipse]","fa:Light_Eclipse:#2D8CFF","Light Eclipse Light Eclipse"
"Light_EclipseAlt","Light","fa:Light","EclipseAlt","[fa:Light_EclipseAlt]","fa:Light_EclipseAlt:#2D8CFF","Light EclipseAlt Light EclipseAlt"
"Light_Edit","Light","fa:Light","Edit","[fa:Light_Edit]","fa:Light_Edit:#2D8CFF","Light Edit Light Edit"
"Light_Egg","Light","fa:Light","Egg","[fa:Light_Egg]","fa:Light_Egg:#2D8CFF","Light Egg Light Egg"
"Light_EggFried","Light","fa:Light","EggFried","[fa:Light_EggFried]","fa:Light_EggFried:#2D8CFF","Light EggFried Light EggFried"
"Light_Eject","Light","fa:Light","Eject","[fa:Light_Eject]","fa:Light_Eject:#2D8CFF","Light Eject Light Eject"
"Light_Elephant","Light","fa:Light","Elephant","[fa:Light_Elephant]","fa:Light_Elephant:#2D8CFF","Light Elephant Light Elephant"
"Light_EllipsisH","Light","fa:Light","EllipsisH","[fa:Light_EllipsisH]","fa:Light_EllipsisH:#2D8CFF","Light EllipsisH Light EllipsisH"
"Light_EllipsisHAlt","Light","fa:Light","EllipsisHAlt","[fa:Light_EllipsisHAlt]","fa:Light_EllipsisHAlt:#2D8CFF","Light EllipsisHAlt Light EllipsisHAlt"
"Light_EllipsisV","Light","fa:Light","EllipsisV","[fa:Light_EllipsisV]","fa:Light_EllipsisV:#2D8CFF","Light EllipsisV Light EllipsisV"
"Light_EllipsisVAlt","Light","fa:Light","EllipsisVAlt","[fa:Light_EllipsisVAlt]","fa:Light_EllipsisVAlt:#2D8CFF","Light EllipsisVAlt Light EllipsisVAlt"
"Light_EmptySet","Light","fa:Light","EmptySet","[fa:Light_EmptySet]","fa:Light_EmptySet:#2D8CFF","Light EmptySet Light EmptySet"
"Light_EngineWarning","Light","fa:Light","EngineWarning","[fa:Light_EngineWarning]","fa:Light_EngineWarning:#2D8CFF","Light EngineWarning Light EngineWarning"
"Light_Envelope","Light","fa:Light","Envelope","[fa:Light_Envelope]","fa:Light_Envelope:#2D8CFF","Light Envelope Light Envelope"
"Light_EnvelopeOpen","Light","fa:Light","EnvelopeOpen","[fa:Light_EnvelopeOpen]","fa:Light_EnvelopeOpen:#2D8CFF","Light EnvelopeOpen Light EnvelopeOpen"
"Light_EnvelopeOpenDollar","Light","fa:Light","EnvelopeOpenDollar","[fa:Light_EnvelopeOpenDollar]","fa:Light_EnvelopeOpenDollar:#2D8CFF","Light EnvelopeOpenDollar Light EnvelopeOpenDollar"
"Light_EnvelopeOpenText","Light","fa:Light","EnvelopeOpenText","[fa:Light_EnvelopeOpenText]","fa:Light_EnvelopeOpenText:#2D8CFF","Light EnvelopeOpenText Light EnvelopeOpenText"
"Light_EnvelopeSquare","Light","fa:Light","EnvelopeSquare","[fa:Light_EnvelopeSquare]","fa:Light_EnvelopeSquare:#2D8CFF","Light EnvelopeSquare Light EnvelopeSquare"
"Light_Equals","Light","fa:Light","Equals","[fa:Light_Equals]","fa:Light_Equals:#2D8CFF","Light Equals Light Equals"
"Light_Eraser","Light","fa:Light","Eraser","[fa:Light_Eraser]","fa:Light_Eraser:#2D8CFF","Light Eraser Light Eraser"
"Light_Ethernet","Light","fa:Light","Ethernet","[fa:Light_Ethernet]","fa:Light_Ethernet:#2D8CFF","Light Ethernet Light Ethernet"
"Light_EuroSign","Light","fa:Light","EuroSign","[fa:Light_EuroSign]","fa:Light_EuroSign:#2D8CFF","Light EuroSign Light EuroSign"
"Light_Exchange","Light","fa:Light","Exchange","[fa:Light_Exchange]","fa:Light_Exchange:#2D8CFF","Light Exchange Light Exchange"
"Light_ExchangeAlt","Light","fa:Light","ExchangeAlt","[fa:Light_ExchangeAlt]","fa:Light_ExchangeAlt:#2D8CFF","Light ExchangeAlt Light ExchangeAlt"
"Light_Exclamation","Light","fa:Light","Exclamation","[fa:Light_Exclamation]","fa:Light_Exclamation:#2D8CFF","Light Exclamation Light Exclamation"
"Light_ExclamationCircle","Light","fa:Light","ExclamationCircle","[fa:Light_ExclamationCircle]","fa:Light_ExclamationCircle:#2D8CFF","Light ExclamationCircle Light ExclamationCircle"
"Light_ExclamationSquare","Light","fa:Light","ExclamationSquare","[fa:Light_ExclamationSquare]","fa:Light_ExclamationSquare:#2D8CFF","Light ExclamationSquare Light ExclamationSquare"
"Light_ExclamationTriangle","Light","fa:Light","ExclamationTriangle","[fa:Light_ExclamationTriangle]","fa:Light_ExclamationTriangle:#2D8CFF","Light ExclamationTriangle Light ExclamationTriangle"
"Light_Expand","Light","fa:Light","Expand","[fa:Light_Expand]","fa:Light_Expand:#2D8CFF","Light Expand Light Expand"
"Light_ExpandAlt","Light","fa:Light","ExpandAlt","[fa:Light_ExpandAlt]","fa:Light_ExpandAlt:#2D8CFF","Light ExpandAlt Light ExpandAlt"
"Light_ExpandArrows","Light","fa:Light","ExpandArrows","[fa:Light_ExpandArrows]","fa:Light_ExpandArrows:#2D8CFF","Light ExpandArrows Light ExpandArrows"
"Light_ExpandArrowsAlt","Light","fa:Light","ExpandArrowsAlt","[fa:Light_ExpandArrowsAlt]","fa:Light_ExpandArrowsAlt:#2D8CFF","Light ExpandArrowsAlt Light ExpandArrowsAlt"
"Light_ExpandWide","Light","fa:Light","ExpandWide","[fa:Light_ExpandWide]","fa:Light_ExpandWide:#2D8CFF","Light ExpandWide Light ExpandWide"
"Light_ExternalLink","Light","fa:Light","ExternalLink","[fa:Light_ExternalLink]","fa:Light_ExternalLink:#2D8CFF","Light ExternalLink Light ExternalLink"
"Light_ExternalLinkAlt","Light","fa:Light","ExternalLinkAlt","[fa:Light_ExternalLinkAlt]","fa:Light_ExternalLinkAlt:#2D8CFF","Light ExternalLinkAlt Light ExternalLinkAlt"
"Light_ExternalLinkSquare","Light","fa:Light","ExternalLinkSquare","[fa:Light_ExternalLinkSquare]","fa:Light_ExternalLinkSquare:#2D8CFF","Light ExternalLinkSquare Light ExternalLinkSquare"
"Light_ExternalLinkSquareAlt","Light","fa:Light","ExternalLinkSquareAlt","[fa:Light_ExternalLinkSquareAlt]","fa:Light_ExternalLinkSquareAlt:#2D8CFF","Light ExternalLinkSquareAlt Light ExternalLinkSquareAlt"
"Light_Eye","Light","fa:Light","Eye","[fa:Light_Eye]","fa:Light_Eye:#2D8CFF","Light Eye Light Eye"
"Light_EyeDropper","Light","fa:Light","EyeDropper","[fa:Light_EyeDropper]","fa:Light_EyeDropper:#2D8CFF","Light EyeDropper Light EyeDropper"
"Light_EyeEvil","Light","fa:Light","EyeEvil","[fa:Light_EyeEvil]","fa:Light_EyeEvil:#2D8CFF","Light EyeEvil Light EyeEvil"
"Light_EyeSlash","Light","fa:Light","EyeSlash","[fa:Light_EyeSlash]","fa:Light_EyeSlash:#2D8CFF","Light EyeSlash Light EyeSlash"
"Light_Fan","Light","fa:Light","Fan","[fa:Light_Fan]","fa:Light_Fan:#2D8CFF","Light Fan Light Fan"
"Light_FanTable","Light","fa:Light","FanTable","[fa:Light_FanTable]","fa:Light_FanTable:#2D8CFF","Light FanTable Light FanTable"
"Light_Farm","Light","fa:Light","Farm","[fa:Light_Farm]","fa:Light_Farm:#2D8CFF","Light Farm Light Farm"
"Light_FastBackward","Light","fa:Light","FastBackward","[fa:Light_FastBackward]","fa:Light_FastBackward:#2D8CFF","Light FastBackward Light FastBackward"
"Light_FastForward","Light","fa:Light","FastForward","[fa:Light_FastForward]","fa:Light_FastForward:#2D8CFF","Light FastForward Light FastForward"
"Light_Faucet","Light","fa:Light","Faucet","[fa:Light_Faucet]","fa:Light_Faucet:#2D8CFF","Light Faucet Light Faucet"
"Light_FaucetDrip","Light","fa:Light","FaucetDrip","[fa:Light_FaucetDrip]","fa:Light_FaucetDrip:#2D8CFF","Light FaucetDrip Light FaucetDrip"
"Light_Fax","Light","fa:Light","Fax","[fa:Light_Fax]","fa:Light_Fax:#2D8CFF","Light Fax Light Fax"
"Light_Feather","Light","fa:Light","Feather","[fa:Light_Feather]","fa:Light_Feather:#2D8CFF","Light Feather Light Feather"
"Light_FeatherAlt","Light","fa:Light","FeatherAlt","[fa:Light_FeatherAlt]","fa:Light_FeatherAlt:#2D8CFF","Light FeatherAlt Light FeatherAlt"
"Light_Female","Light","fa:Light","Female","[fa:Light_Female]","fa:Light_Female:#2D8CFF","Light Female Light Female"
"Light_FieldHockey","Light","fa:Light","FieldHockey","[fa:Light_FieldHockey]","fa:Light_FieldHockey:#2D8CFF","Light FieldHockey Light FieldHockey"
"Light_FighterJet","Light","fa:Light","FighterJet","[fa:Light_FighterJet]","fa:Light_FighterJet:#2D8CFF","Light FighterJet Light FighterJet"
"Light_File","Light","fa:Light","File","[fa:Light_File]","fa:Light_File:#2D8CFF","Light File Light File"
"Light_FileAlt","Light","fa:Light","FileAlt","[fa:Light_FileAlt]","fa:Light_FileAlt:#2D8CFF","Light FileAlt Light FileAlt"
"Light_FileArchive","Light","fa:Light","FileArchive","[fa:Light_FileArchive]","fa:Light_FileArchive:#2D8CFF","Light FileArchive Light FileArchive"
"Light_FileAudio","Light","fa:Light","FileAudio","[fa:Light_FileAudio]","fa:Light_FileAudio:#2D8CFF","Light FileAudio Light FileAudio"
"Light_FileCertificate","Light","fa:Light","FileCertificate","[fa:Light_FileCertificate]","fa:Light_FileCertificate:#2D8CFF","Light FileCertificate Light FileCertificate"
"Light_FileChartLine","Light","fa:Light","FileChartLine","[fa:Light_FileChartLine]","fa:Light_FileChartLine:#2D8CFF","Light FileChartLine Light FileChartLine"
"Light_FileChartPie","Light","fa:Light","FileChartPie","[fa:Light_FileChartPie]","fa:Light_FileChartPie:#2D8CFF","Light FileChartPie Light FileChartPie"
"Light_FileCheck","Light","fa:Light","FileCheck","[fa:Light_FileCheck]","fa:Light_FileCheck:#2D8CFF","Light FileCheck Light FileCheck"
"Light_FileCode","Light","fa:Light","FileCode","[fa:Light_FileCode]","fa:Light_FileCode:#2D8CFF","Light FileCode Light FileCode"
"Light_FileContract","Light","fa:Light","FileContract","[fa:Light_FileContract]","fa:Light_FileContract:#2D8CFF","Light FileContract Light FileContract"
"Light_FileCsv","Light","fa:Light","FileCsv","[fa:Light_FileCsv]","fa:Light_FileCsv:#2D8CFF","Light FileCsv Light FileCsv"
"Light_FileDownload","Light","fa:Light","FileDownload","[fa:Light_FileDownload]","fa:Light_FileDownload:#2D8CFF","Light FileDownload Light FileDownload"
"Light_FileEdit","Light","fa:Light","FileEdit","[fa:Light_FileEdit]","fa:Light_FileEdit:#2D8CFF","Light FileEdit Light FileEdit"
"Light_FileExcel","Light","fa:Light","FileExcel","[fa:Light_FileExcel]","fa:Light_FileExcel:#2D8CFF","Light FileExcel Light FileExcel"
"Light_FileExclamation","Light","fa:Light","FileExclamation","[fa:Light_FileExclamation]","fa:Light_FileExclamation:#2D8CFF","Light FileExclamation Light FileExclamation"
"Light_FileExport","Light","fa:Light","FileExport","[fa:Light_FileExport]","fa:Light_FileExport:#2D8CFF","Light FileExport Light FileExport"
"Light_FileImage","Light","fa:Light","FileImage","[fa:Light_FileImage]","fa:Light_FileImage:#2D8CFF","Light FileImage Light FileImage"
"Light_FileImport","Light","fa:Light","FileImport","[fa:Light_FileImport]","fa:Light_FileImport:#2D8CFF","Light FileImport Light FileImport"
"Light_FileInvoice","Light","fa:Light","FileInvoice","[fa:Light_FileInvoice]","fa:Light_FileInvoice:#2D8CFF","Light FileInvoice Light FileInvoice"
"Light_FileInvoiceDollar","Light","fa:Light","FileInvoiceDollar","[fa:Light_FileInvoiceDollar]","fa:Light_FileInvoiceDollar:#2D8CFF","Light FileInvoiceDollar Light FileInvoiceDollar"
"Light_FileMedical","Light","fa:Light","FileMedical","[fa:Light_FileMedical]","fa:Light_FileMedical:#2D8CFF","Light FileMedical Light FileMedical"
"Light_FileMedicalAlt","Light","fa:Light","FileMedicalAlt","[fa:Light_FileMedicalAlt]","fa:Light_FileMedicalAlt:#2D8CFF","Light FileMedicalAlt Light FileMedicalAlt"
"Light_FileMinus","Light","fa:Light","FileMinus","[fa:Light_FileMinus]","fa:Light_FileMinus:#2D8CFF","Light FileMinus Light FileMinus"
"Light_FileMusic","Light","fa:Light","FileMusic","[fa:Light_FileMusic]","fa:Light_FileMusic:#2D8CFF","Light FileMusic Light FileMusic"
"Light_FilePdf","Light","fa:Light","FilePdf","[fa:Light_FilePdf]","fa:Light_FilePdf:#2D8CFF","Light FilePdf Light FilePdf"
"Light_FilePlus","Light","fa:Light","FilePlus","[fa:Light_FilePlus]","fa:Light_FilePlus:#2D8CFF","Light FilePlus Light FilePlus"
"Light_FilePowerpoint","Light","fa:Light","FilePowerpoint","[fa:Light_FilePowerpoint]","fa:Light_FilePowerpoint:#2D8CFF","Light FilePowerpoint Light FilePowerpoint"
"Light_FilePrescription","Light","fa:Light","FilePrescription","[fa:Light_FilePrescription]","fa:Light_FilePrescription:#2D8CFF","Light FilePrescription Light FilePrescription"
"Light_FileSearch","Light","fa:Light","FileSearch","[fa:Light_FileSearch]","fa:Light_FileSearch:#2D8CFF","Light FileSearch Light FileSearch"
"Light_FileSignature","Light","fa:Light","FileSignature","[fa:Light_FileSignature]","fa:Light_FileSignature:#2D8CFF","Light FileSignature Light FileSignature"
"Light_FileSpreadsheet","Light","fa:Light","FileSpreadsheet","[fa:Light_FileSpreadsheet]","fa:Light_FileSpreadsheet:#2D8CFF","Light FileSpreadsheet Light FileSpreadsheet"
"Light_FileTimes","Light","fa:Light","FileTimes","[fa:Light_FileTimes]","fa:Light_FileTimes:#2D8CFF","Light FileTimes Light FileTimes"
"Light_FileUpload","Light","fa:Light","FileUpload","[fa:Light_FileUpload]","fa:Light_FileUpload:#2D8CFF","Light FileUpload Light FileUpload"
"Light_FileUser","Light","fa:Light","FileUser","[fa:Light_FileUser]","fa:Light_FileUser:#2D8CFF","Light FileUser Light FileUser"
"Light_FileVideo","Light","fa:Light","FileVideo","[fa:Light_FileVideo]","fa:Light_FileVideo:#2D8CFF","Light FileVideo Light FileVideo"
"Light_FileWord","Light","fa:Light","FileWord","[fa:Light_FileWord]","fa:Light_FileWord:#2D8CFF","Light FileWord Light FileWord"
"Light_FilesMedical","Light","fa:Light","FilesMedical","[fa:Light_FilesMedical]","fa:Light_FilesMedical:#2D8CFF","Light FilesMedical Light FilesMedical"
"Light_Fill","Light","fa:Light","Fill","[fa:Light_Fill]","fa:Light_Fill:#2D8CFF","Light Fill Light Fill"
"Light_FillDrip","Light","fa:Light","FillDrip","[fa:Light_FillDrip]","fa:Light_FillDrip:#2D8CFF","Light FillDrip Light FillDrip"
"Light_Film","Light","fa:Light","Film","[fa:Light_Film]","fa:Light_Film:#2D8CFF","Light Film Light Film"
"Light_FilmAlt","Light","fa:Light","FilmAlt","[fa:Light_FilmAlt]","fa:Light_FilmAlt:#2D8CFF","Light FilmAlt Light FilmAlt"
"Light_FilmCanister","Light","fa:Light","FilmCanister","[fa:Light_FilmCanister]","fa:Light_FilmCanister:#2D8CFF","Light FilmCanister Light FilmCanister"
"Light_Filter","Light","fa:Light","Filter","[fa:Light_Filter]","fa:Light_Filter:#2D8CFF","Light Filter Light Filter"
"Light_Fingerprint","Light","fa:Light","Fingerprint","[fa:Light_Fingerprint]","fa:Light_Fingerprint:#2D8CFF","Light Fingerprint Light Fingerprint"
"Light_Fire","Light","fa:Light","Fire","[fa:Light_Fire]","fa:Light_Fire:#2D8CFF","Light Fire Light Fire"
"Light_FireAlt","Light","fa:Light","FireAlt","[fa:Light_FireAlt]","fa:Light_FireAlt:#2D8CFF","Light FireAlt Light FireAlt"
"Light_FireExtinguisher","Light","fa:Light","FireExtinguisher","[fa:Light_FireExtinguisher]","fa:Light_FireExtinguisher:#2D8CFF","Light FireExtinguisher Light FireExtinguisher"
"Light_FireSmoke","Light","fa:Light","FireSmoke","[fa:Light_FireSmoke]","fa:Light_FireSmoke:#2D8CFF","Light FireSmoke Light FireSmoke"
"Light_Fireplace","Light","fa:Light","Fireplace","[fa:Light_Fireplace]","fa:Light_Fireplace:#2D8CFF","Light Fireplace Light Fireplace"
"Light_FirstAid","Light","fa:Light","FirstAid","[fa:Light_FirstAid]","fa:Light_FirstAid:#2D8CFF","Light FirstAid Light FirstAid"
"Light_Fish","Light","fa:Light","Fish","[fa:Light_Fish]","fa:Light_Fish:#2D8CFF","Light Fish Light Fish"
"Light_FishCooked","Light","fa:Light","FishCooked","[fa:Light_FishCooked]","fa:Light_FishCooked:#2D8CFF","Light FishCooked Light FishCooked"
"Light_FistRaised","Light","fa:Light","FistRaised","[fa:Light_FistRaised]","fa:Light_FistRaised:#2D8CFF","Light FistRaised Light FistRaised"
"Light_Flag","Light","fa:Light","Flag","[fa:Light_Flag]","fa:Light_Flag:#2D8CFF","Light Flag Light Flag"
"Light_FlagAlt","Light","fa:Light","FlagAlt","[fa:Light_FlagAlt]","fa:Light_FlagAlt:#2D8CFF","Light FlagAlt Light FlagAlt"
"Light_FlagCheckered","Light","fa:Light","FlagCheckered","[fa:Light_FlagCheckered]","fa:Light_FlagCheckered:#2D8CFF","Light FlagCheckered Light FlagCheckered"
"Light_FlagUsa","Light","fa:Light","FlagUsa","[fa:Light_FlagUsa]","fa:Light_FlagUsa:#2D8CFF","Light FlagUsa Light FlagUsa"
"Light_Flame","Light","fa:Light","Flame","[fa:Light_Flame]","fa:Light_Flame:#2D8CFF","Light Flame Light Flame"
"Light_Flashlight","Light","fa:Light","Flashlight","[fa:Light_Flashlight]","fa:Light_Flashlight:#2D8CFF","Light Flashlight Light Flashlight"
"Light_Flask","Light","fa:Light","Flask","[fa:Light_Flask]","fa:Light_Flask:#2D8CFF","Light Flask Light Flask"
"Light_FlaskPoison","Light","fa:Light","FlaskPoison","[fa:Light_FlaskPoison]","fa:Light_FlaskPoison:#2D8CFF","Light FlaskPoison Light FlaskPoison"
"Light_FlaskPotion","Light","fa:Light","FlaskPotion","[fa:Light_FlaskPotion]","fa:Light_FlaskPotion:#2D8CFF","Light FlaskPotion Light FlaskPotion"
"Light_Flower","Light","fa:Light","Flower","[fa:Light_Flower]","fa:Light_Flower:#2D8CFF","Light Flower Light Flower"
"Light_FlowerDaffodil","Light","fa:Light","FlowerDaffodil","[fa:Light_FlowerDaffodil]","fa:Light_FlowerDaffodil:#2D8CFF","Light FlowerDaffodil Light FlowerDaffodil"
"Light_FlowerTulip","Light","fa:Light","FlowerTulip","[fa:Light_FlowerTulip]","fa:Light_FlowerTulip:#2D8CFF","Light FlowerTulip Light FlowerTulip"
"Light_Flushed","Light","fa:Light","Flushed","[fa:Light_Flushed]","fa:Light_Flushed:#2D8CFF","Light Flushed Light Flushed"
"Light_Flute","Light","fa:Light","Flute","[fa:Light_Flute]","fa:Light_Flute:#2D8CFF","Light Flute Light Flute"
"Light_FluxCapacitor","Light","fa:Light","FluxCapacitor","[fa:Light_FluxCapacitor]","fa:Light_FluxCapacitor:#2D8CFF","Light FluxCapacitor Light FluxCapacitor"
"Light_Fog","Light","fa:Light","Fog","[fa:Light_Fog]","fa:Light_Fog:#2D8CFF","Light Fog Light Fog"
"Light_Folder","Light","fa:Light","Folder","[fa:Light_Folder]","fa:Light_Folder:#2D8CFF","Light Folder Light Folder"
"Light_FolderDownload","Light","fa:Light","FolderDownload","[fa:Light_FolderDownload]","fa:Light_FolderDownload:#2D8CFF","Light FolderDownload Light FolderDownload"
"Light_FolderMinus","Light","fa:Light","FolderMinus","[fa:Light_FolderMinus]","fa:Light_FolderMinus:#2D8CFF","Light FolderMinus Light FolderMinus"
"Light_FolderOpen","Light","fa:Light","FolderOpen","[fa:Light_FolderOpen]","fa:Light_FolderOpen:#2D8CFF","Light FolderOpen Light FolderOpen"
"Light_FolderPlus","Light","fa:Light","FolderPlus","[fa:Light_FolderPlus]","fa:Light_FolderPlus:#2D8CFF","Light FolderPlus Light FolderPlus"
"Light_FolderTimes","Light","fa:Light","FolderTimes","[fa:Light_FolderTimes]","fa:Light_FolderTimes:#2D8CFF","Light FolderTimes Light FolderTimes"
"Light_FolderTree","Light","fa:Light","FolderTree","[fa:Light_FolderTree]","fa:Light_FolderTree:#2D8CFF","Light FolderTree Light FolderTree"
"Light_FolderUpload","Light","fa:Light","FolderUpload","[fa:Light_FolderUpload]","fa:Light_FolderUpload:#2D8CFF","Light FolderUpload Light FolderUpload"
"Light_Folders","Light","fa:Light","Folders","[fa:Light_Folders]","fa:Light_Folders:#2D8CFF","Light Folders Light Folders"
"Light_Font","Light","fa:Light","Font","[fa:Light_Font]","fa:Light_Font:#2D8CFF","Light Font Light Font"
"Light_FontAwesomeLogoFull","Light","fa:Light","FontAwesomeLogoFull","[fa:Light_FontAwesomeLogoFull]","fa:Light_FontAwesomeLogoFull:#2D8CFF","Light FontAwesomeLogoFull Light FontAwesomeLogoFull"
"Light_FontCase","Light","fa:Light","FontCase","[fa:Light_FontCase]","fa:Light_FontCase:#2D8CFF","Light FontCase Light FontCase"
"Light_FootballBall","Light","fa:Light","FootballBall","[fa:Light_FootballBall]","fa:Light_FootballBall:#2D8CFF","Light FootballBall Light FootballBall"
"Light_FootballHelmet","Light","fa:Light","FootballHelmet","[fa:Light_FootballHelmet]","fa:Light_FootballHelmet:#2D8CFF","Light FootballHelmet Light FootballHelmet"
"Light_Forklift","Light","fa:Light","Forklift","[fa:Light_Forklift]","fa:Light_Forklift:#2D8CFF","Light Forklift Light Forklift"
"Light_Forward","Light","fa:Light","Forward","[fa:Light_Forward]","fa:Light_Forward:#2D8CFF","Light Forward Light Forward"
"Light_Fragile","Light","fa:Light","Fragile","[fa:Light_Fragile]","fa:Light_Fragile:#2D8CFF","Light Fragile Light Fragile"
"Light_FrenchFries","Light","fa:Light","FrenchFries","[fa:Light_FrenchFries]","fa:Light_FrenchFries:#2D8CFF","Light FrenchFries Light FrenchFries"
"Light_Frog","Light","fa:Light","Frog","[fa:Light_Frog]","fa:Light_Frog:#2D8CFF","Light Frog Light Frog"
"Light_FrostyHead","Light","fa:Light","FrostyHead","[fa:Light_FrostyHead]","fa:Light_FrostyHead:#2D8CFF","Light FrostyHead Light FrostyHead"
"Light_Frown","Light","fa:Light","Frown","[fa:Light_Frown]","fa:Light_Frown:#2D8CFF","Light Frown Light Frown"
"Light_FrownOpen","Light","fa:Light","FrownOpen","[fa:Light_FrownOpen]","fa:Light_FrownOpen:#2D8CFF","Light FrownOpen Light FrownOpen"
"Light_Function","Light","fa:Light","Function","[fa:Light_Function]","fa:Light_Function:#2D8CFF","Light Function Light Function"
"Light_FunnelDollar","Light","fa:Light","FunnelDollar","[fa:Light_FunnelDollar]","fa:Light_FunnelDollar:#2D8CFF","Light FunnelDollar Light FunnelDollar"
"Light_Futbol","Light","fa:Light","Futbol","[fa:Light_Futbol]","fa:Light_Futbol:#2D8CFF","Light Futbol Light Futbol"
"Light_Galaxy","Light","fa:Light","Galaxy","[fa:Light_Galaxy]","fa:Light_Galaxy:#2D8CFF","Light Galaxy Light Galaxy"
"Light_GameBoard","Light","fa:Light","GameBoard","[fa:Light_GameBoard]","fa:Light_GameBoard:#2D8CFF","Light GameBoard Light GameBoard"
"Light_GameBoardAlt","Light","fa:Light","GameBoardAlt","[fa:Light_GameBoardAlt]","fa:Light_GameBoardAlt:#2D8CFF","Light GameBoardAlt Light GameBoardAlt"
"Light_GameConsoleHandheld","Light","fa:Light","GameConsoleHandheld","[fa:Light_GameConsoleHandheld]","fa:Light_GameConsoleHandheld:#2D8CFF","Light GameConsoleHandheld Light GameConsoleHandheld"
"Light_Gamepad","Light","fa:Light","Gamepad","[fa:Light_Gamepad]","fa:Light_Gamepad:#2D8CFF","Light Gamepad Light Gamepad"
"Light_GamepadAlt","Light","fa:Light","GamepadAlt","[fa:Light_GamepadAlt]","fa:Light_GamepadAlt:#2D8CFF","Light GamepadAlt Light GamepadAlt"
"Light_Garage","Light","fa:Light","Garage","[fa:Light_Garage]","fa:Light_Garage:#2D8CFF","Light Garage Light Garage"
"Light_GarageCar","Light","fa:Light","GarageCar","[fa:Light_GarageCar]","fa:Light_GarageCar:#2D8CFF","Light GarageCar Light GarageCar"
"Light_GarageOpen","Light","fa:Light","GarageOpen","[fa:Light_GarageOpen]","fa:Light_GarageOpen:#2D8CFF","Light GarageOpen Light GarageOpen"
"Light_GasPump","Light","fa:Light","GasPump","[fa:Light_GasPump]","fa:Light_GasPump:#2D8CFF","Light GasPump Light GasPump"
"Light_GasPumpSlash","Light","fa:Light","GasPumpSlash","[fa:Light_GasPumpSlash]","fa:Light_GasPumpSlash:#2D8CFF","Light GasPumpSlash Light GasPumpSlash"
"Light_Gavel","Light","fa:Light","Gavel","[fa:Light_Gavel]","fa:Light_Gavel:#2D8CFF","Light Gavel Light Gavel"
"Light_Gem","Light","fa:Light","Gem","[fa:Light_Gem]","fa:Light_Gem:#2D8CFF","Light Gem Light Gem"
"Light_Genderless","Light","fa:Light","Genderless","[fa:Light_Genderless]","fa:Light_Genderless:#2D8CFF","Light Genderless Light Genderless"
"Light_Ghost","Light","fa:Light","Ghost","[fa:Light_Ghost]","fa:Light_Ghost:#2D8CFF","Light Ghost Light Ghost"
"Light_Gift","Light","fa:Light","Gift","[fa:Light_Gift]","fa:Light_Gift:#2D8CFF","Light Gift Light Gift"
"Light_GiftCard","Light","fa:Light","GiftCard","[fa:Light_GiftCard]","fa:Light_GiftCard:#2D8CFF","Light GiftCard Light GiftCard"
"Light_Gifts","Light","fa:Light","Gifts","[fa:Light_Gifts]","fa:Light_Gifts:#2D8CFF","Light Gifts Light Gifts"
"Light_GingerbreadMan","Light","fa:Light","GingerbreadMan","[fa:Light_GingerbreadMan]","fa:Light_GingerbreadMan:#2D8CFF","Light GingerbreadMan Light GingerbreadMan"
"Light_Glass","Light","fa:Light","Glass","[fa:Light_Glass]","fa:Light_Glass:#2D8CFF","Light Glass Light Glass"
"Light_GlassChampagne","Light","fa:Light","GlassChampagne","[fa:Light_GlassChampagne]","fa:Light_GlassChampagne:#2D8CFF","Light GlassChampagne Light GlassChampagne"
"Light_GlassCheers","Light","fa:Light","GlassCheers","[fa:Light_GlassCheers]","fa:Light_GlassCheers:#2D8CFF","Light GlassCheers Light GlassCheers"
"Light_GlassCitrus","Light","fa:Light","GlassCitrus","[fa:Light_GlassCitrus]","fa:Light_GlassCitrus:#2D8CFF","Light GlassCitrus Light GlassCitrus"
"Light_GlassMartini","Light","fa:Light","GlassMartini","[fa:Light_GlassMartini]","fa:Light_GlassMartini:#2D8CFF","Light GlassMartini Light GlassMartini"
"Light_GlassMartiniAlt","Light","fa:Light","GlassMartiniAlt","[fa:Light_GlassMartiniAlt]","fa:Light_GlassMartiniAlt:#2D8CFF","Light GlassMartiniAlt Light GlassMartiniAlt"
"Light_GlassWhiskey","Light","fa:Light","GlassWhiskey","[fa:Light_GlassWhiskey]","fa:Light_GlassWhiskey:#2D8CFF","Light GlassWhiskey Light GlassWhiskey"
"Light_GlassWhiskeyRocks","Light","fa:Light","GlassWhiskeyRocks","[fa:Light_GlassWhiskeyRocks]","fa:Light_GlassWhiskeyRocks:#2D8CFF","Light GlassWhiskeyRocks Light GlassWhiskeyRocks"
"Light_Glasses","Light","fa:Light","Glasses","[fa:Light_Glasses]","fa:Light_Glasses:#2D8CFF","Light Glasses Light Glasses"
"Light_GlassesAlt","Light","fa:Light","GlassesAlt","[fa:Light_GlassesAlt]","fa:Light_GlassesAlt:#2D8CFF","Light GlassesAlt Light GlassesAlt"
"Light_Globe","Light","fa:Light","Globe","[fa:Light_Globe]","fa:Light_Globe:#2D8CFF","Light Globe Light Globe"
"Light_GlobeAfrica","Light","fa:Light","GlobeAfrica","[fa:Light_GlobeAfrica]","fa:Light_GlobeAfrica:#2D8CFF","Light GlobeAfrica Light GlobeAfrica"
"Light_GlobeAmericas","Light","fa:Light","GlobeAmericas","[fa:Light_GlobeAmericas]","fa:Light_GlobeAmericas:#2D8CFF","Light GlobeAmericas Light GlobeAmericas"
"Light_GlobeAsia","Light","fa:Light","GlobeAsia","[fa:Light_GlobeAsia]","fa:Light_GlobeAsia:#2D8CFF","Light GlobeAsia Light GlobeAsia"
"Light_GlobeEurope","Light","fa:Light","GlobeEurope","[fa:Light_GlobeEurope]","fa:Light_GlobeEurope:#2D8CFF","Light GlobeEurope Light GlobeEurope"
"Light_GlobeSnow","Light","fa:Light","GlobeSnow","[fa:Light_GlobeSnow]","fa:Light_GlobeSnow:#2D8CFF","Light GlobeSnow Light GlobeSnow"
"Light_GlobeStand","Light","fa:Light","GlobeStand","[fa:Light_GlobeStand]","fa:Light_GlobeStand:#2D8CFF","Light GlobeStand Light GlobeStand"
"Light_GolfBall","Light","fa:Light","GolfBall","[fa:Light_GolfBall]","fa:Light_GolfBall:#2D8CFF","Light GolfBall Light GolfBall"
"Light_GolfClub","Light","fa:Light","GolfClub","[fa:Light_GolfClub]","fa:Light_GolfClub:#2D8CFF","Light GolfClub Light GolfClub"
"Light_Gopuram","Light","fa:Light","Gopuram","[fa:Light_Gopuram]","fa:Light_Gopuram:#2D8CFF","Light Gopuram Light Gopuram"
"Light_GraduationCap","Light","fa:Light","GraduationCap","[fa:Light_GraduationCap]","fa:Light_GraduationCap:#2D8CFF","Light GraduationCap Light GraduationCap"
"Light_Gramophone","Light","fa:Light","Gramophone","[fa:Light_Gramophone]","fa:Light_Gramophone:#2D8CFF","Light Gramophone Light Gramophone"
"Light_GreaterThan","Light","fa:Light","GreaterThan","[fa:Light_GreaterThan]","fa:Light_GreaterThan:#2D8CFF","Light GreaterThan Light GreaterThan"
"Light_GreaterThanEqual","Light","fa:Light","GreaterThanEqual","[fa:Light_GreaterThanEqual]","fa:Light_GreaterThanEqual:#2D8CFF","Light GreaterThanEqual Light GreaterThanEqual"
"Light_Grimace","Light","fa:Light","Grimace","[fa:Light_Grimace]","fa:Light_Grimace:#2D8CFF","Light Grimace Light Grimace"
"Light_Grin","Light","fa:Light","Grin","[fa:Light_Grin]","fa:Light_Grin:#2D8CFF","Light Grin Light Grin"
"Light_GrinAlt","Light","fa:Light","GrinAlt","[fa:Light_GrinAlt]","fa:Light_GrinAlt:#2D8CFF","Light GrinAlt Light GrinAlt"
"Light_GrinBeam","Light","fa:Light","GrinBeam","[fa:Light_GrinBeam]","fa:Light_GrinBeam:#2D8CFF","Light GrinBeam Light GrinBeam"
"Light_GrinBeamSweat","Light","fa:Light","GrinBeamSweat","[fa:Light_GrinBeamSweat]","fa:Light_GrinBeamSweat:#2D8CFF","Light GrinBeamSweat Light GrinBeamSweat"
"Light_GrinHearts","Light","fa:Light","GrinHearts","[fa:Light_GrinHearts]","fa:Light_GrinHearts:#2D8CFF","Light GrinHearts Light GrinHearts"
"Light_GrinSquint","Light","fa:Light","GrinSquint","[fa:Light_GrinSquint]","fa:Light_GrinSquint:#2D8CFF","Light GrinSquint Light GrinSquint"
"Light_GrinSquintTears","Light","fa:Light","GrinSquintTears","[fa:Light_GrinSquintTears]","fa:Light_GrinSquintTears:#2D8CFF","Light GrinSquintTears Light GrinSquintTears"
"Light_GrinStars","Light","fa:Light","GrinStars","[fa:Light_GrinStars]","fa:Light_GrinStars:#2D8CFF","Light GrinStars Light GrinStars"
"Light_GrinTears","Light","fa:Light","GrinTears","[fa:Light_GrinTears]","fa:Light_GrinTears:#2D8CFF","Light GrinTears Light GrinTears"
"Light_GrinTongue","Light","fa:Light","GrinTongue","[fa:Light_GrinTongue]","fa:Light_GrinTongue:#2D8CFF","Light GrinTongue Light GrinTongue"
"Light_GrinTongueSquint","Light","fa:Light","GrinTongueSquint","[fa:Light_GrinTongueSquint]","fa:Light_GrinTongueSquint:#2D8CFF","Light GrinTongueSquint Light GrinTongueSquint"
"Light_GrinTongueWink","Light","fa:Light","GrinTongueWink","[fa:Light_GrinTongueWink]","fa:Light_GrinTongueWink:#2D8CFF","Light GrinTongueWink Light GrinTongueWink"
"Light_GrinWink","Light","fa:Light","GrinWink","[fa:Light_GrinWink]","fa:Light_GrinWink:#2D8CFF","Light GrinWink Light GrinWink"
"Light_GripHorizontal","Light","fa:Light","GripHorizontal","[fa:Light_GripHorizontal]","fa:Light_GripHorizontal:#2D8CFF","Light GripHorizontal Light GripHorizontal"
"Light_GripLines","Light","fa:Light","GripLines","[fa:Light_GripLines]","fa:Light_GripLines:#2D8CFF","Light GripLines Light GripLines"
"Light_GripLinesVertical","Light","fa:Light","GripLinesVertical","[fa:Light_GripLinesVertical]","fa:Light_GripLinesVertical:#2D8CFF","Light GripLinesVertical Light GripLinesVertical"
"Light_GripVertical","Light","fa:Light","GripVertical","[fa:Light_GripVertical]","fa:Light_GripVertical:#2D8CFF","Light GripVertical Light GripVertical"
"Light_Guitar","Light","fa:Light","Guitar","[fa:Light_Guitar]","fa:Light_Guitar:#2D8CFF","Light Guitar Light Guitar"
"Light_GuitarElectric","Light","fa:Light","GuitarElectric","[fa:Light_GuitarElectric]","fa:Light_GuitarElectric:#2D8CFF","Light GuitarElectric Light GuitarElectric"
"Light_Guitars","Light","fa:Light","Guitars","[fa:Light_Guitars]","fa:Light_Guitars:#2D8CFF","Light Guitars Light Guitars"
"Light_HSquare","Light","fa:Light","HSquare","[fa:Light_HSquare]","fa:Light_HSquare:#2D8CFF","Light HSquare Light HSquare"
"Light_H1","Light","fa:Light","H1","[fa:Light_H1]","fa:Light_H1:#2D8CFF","Light H1 Light H1"
"Light_H2","Light","fa:Light","H2","[fa:Light_H2]","fa:Light_H2:#2D8CFF","Light H2 Light H2"
"Light_H3","Light","fa:Light","H3","[fa:Light_H3]","fa:Light_H3:#2D8CFF","Light H3 Light H3"
"Light_H4","Light","fa:Light","H4","[fa:Light_H4]","fa:Light_H4:#2D8CFF","Light H4 Light H4"
"Light_Hamburger","Light","fa:Light","Hamburger","[fa:Light_Hamburger]","fa:Light_Hamburger:#2D8CFF","Light Hamburger Light Hamburger"
"Light_Hammer","Light","fa:Light","Hammer","[fa:Light_Hammer]","fa:Light_Hammer:#2D8CFF","Light Hammer Light Hammer"
"Light_HammerWar","Light","fa:Light","HammerWar","[fa:Light_HammerWar]","fa:Light_HammerWar:#2D8CFF","Light HammerWar Light HammerWar"
"Light_Hamsa","Light","fa:Light","Hamsa","[fa:Light_Hamsa]","fa:Light_Hamsa:#2D8CFF","Light Hamsa Light Hamsa"
"Light_HandHeart","Light","fa:Light","HandHeart","[fa:Light_HandHeart]","fa:Light_HandHeart:#2D8CFF","Light HandHeart Light HandHeart"
"Light_HandHolding","Light","fa:Light","HandHolding","[fa:Light_HandHolding]","fa:Light_HandHolding:#2D8CFF","Light HandHolding Light HandHolding"
"Light_HandHoldingBox","Light","fa:Light","HandHoldingBox","[fa:Light_HandHoldingBox]","fa:Light_HandHoldingBox:#2D8CFF","Light HandHoldingBox Light HandHoldingBox"
"Light_HandHoldingHeart","Light","fa:Light","HandHoldingHeart","[fa:Light_HandHoldingHeart]","fa:Light_HandHoldingHeart:#2D8CFF","Light HandHoldingHeart Light HandHoldingHeart"
"Light_HandHoldingMagic","Light","fa:Light","HandHoldingMagic","[fa:Light_HandHoldingMagic]","fa:Light_HandHoldingMagic:#2D8CFF","Light HandHoldingMagic Light HandHoldingMagic"
"Light_HandHoldingMedical","Light","fa:Light","HandHoldingMedical","[fa:Light_HandHoldingMedical]","fa:Light_HandHoldingMedical:#2D8CFF","Light HandHoldingMedical Light HandHoldingMedical"
"Light_HandHoldingSeedling","Light","fa:Light","HandHoldingSeedling","[fa:Light_HandHoldingSeedling]","fa:Light_HandHoldingSeedling:#2D8CFF","Light HandHoldingSeedling Light HandHoldingSeedling"
"Light_HandHoldingUsd","Light","fa:Light","HandHoldingUsd","[fa:Light_HandHoldingUsd]","fa:Light_HandHoldingUsd:#2D8CFF","Light HandHoldingUsd Light HandHoldingUsd"
"Light_HandHoldingWater","Light","fa:Light","HandHoldingWater","[fa:Light_HandHoldingWater]","fa:Light_HandHoldingWater:#2D8CFF","Light HandHoldingWater Light HandHoldingWater"
"Light_HandLizard","Light","fa:Light","HandLizard","[fa:Light_HandLizard]","fa:Light_HandLizard:#2D8CFF","Light HandLizard Light HandLizard"
"Light_HandMiddleFinger","Light","fa:Light","HandMiddleFinger","[fa:Light_HandMiddleFinger]","fa:Light_HandMiddleFinger:#2D8CFF","Light HandMiddleFinger Light HandMiddleFinger"
"Light_HandPaper","Light","fa:Light","HandPaper","[fa:Light_HandPaper]","fa:Light_HandPaper:#2D8CFF","Light HandPaper Light HandPaper"
"Light_HandPeace","Light","fa:Light","HandPeace","[fa:Light_HandPeace]","fa:Light_HandPeace:#2D8CFF","Light HandPeace Light HandPeace"
"Light_HandPointDown","Light","fa:Light","HandPointDown","[fa:Light_HandPointDown]","fa:Light_HandPointDown:#2D8CFF","Light HandPointDown Light HandPointDown"
"Light_HandPointLeft","Light","fa:Light","HandPointLeft","[fa:Light_HandPointLeft]","fa:Light_HandPointLeft:#2D8CFF","Light HandPointLeft Light HandPointLeft"
"Light_HandPointRight","Light","fa:Light","HandPointRight","[fa:Light_HandPointRight]","fa:Light_HandPointRight:#2D8CFF","Light HandPointRight Light HandPointRight"
"Light_HandPointUp","Light","fa:Light","HandPointUp","[fa:Light_HandPointUp]","fa:Light_HandPointUp:#2D8CFF","Light HandPointUp Light HandPointUp"
"Light_HandPointer","Light","fa:Light","HandPointer","[fa:Light_HandPointer]","fa:Light_HandPointer:#2D8CFF","Light HandPointer Light HandPointer"
"Light_HandReceiving","Light","fa:Light","HandReceiving","[fa:Light_HandReceiving]","fa:Light_HandReceiving:#2D8CFF","Light HandReceiving Light HandReceiving"
"Light_HandRock","Light","fa:Light","HandRock","[fa:Light_HandRock]","fa:Light_HandRock:#2D8CFF","Light HandRock Light HandRock"
"Light_HandScissors","Light","fa:Light","HandScissors","[fa:Light_HandScissors]","fa:Light_HandScissors:#2D8CFF","Light HandScissors Light HandScissors"
"Light_HandSparkles","Light","fa:Light","HandSparkles","[fa:Light_HandSparkles]","fa:Light_HandSparkles:#2D8CFF","Light HandSparkles Light HandSparkles"
"Light_HandSpock","Light","fa:Light","HandSpock","[fa:Light_HandSpock]","fa:Light_HandSpock:#2D8CFF","Light HandSpock Light HandSpock"
"Light_Hands","Light","fa:Light","Hands","[fa:Light_Hands]","fa:Light_Hands:#2D8CFF","Light Hands Light Hands"
"Light_HandsHeart","Light","fa:Light","HandsHeart","[fa:Light_HandsHeart]","fa:Light_HandsHeart:#2D8CFF","Light HandsHeart Light HandsHeart"
"Light_HandsHelping","Light","fa:Light","HandsHelping","[fa:Light_HandsHelping]","fa:Light_HandsHelping:#2D8CFF","Light HandsHelping Light HandsHelping"
"Light_HandsUsd","Light","fa:Light","HandsUsd","[fa:Light_HandsUsd]","fa:Light_HandsUsd:#2D8CFF","Light HandsUsd Light HandsUsd"
"Light_HandsWash","Light","fa:Light","HandsWash","[fa:Light_HandsWash]","fa:Light_HandsWash:#2D8CFF","Light HandsWash Light HandsWash"
"Light_Handshake","Light","fa:Light","Handshake","[fa:Light_Handshake]","fa:Light_Handshake:#2D8CFF","Light Handshake Light Handshake"
"Light_HandshakeAlt","Light","fa:Light","HandshakeAlt","[fa:Light_HandshakeAlt]","fa:Light_HandshakeAlt:#2D8CFF","Light HandshakeAlt Light HandshakeAlt"
"Light_HandshakeAltSlash","Light","fa:Light","HandshakeAltSlash","[fa:Light_HandshakeAltSlash]","fa:Light_HandshakeAltSlash:#2D8CFF","Light HandshakeAltSlash Light HandshakeAltSlash"
"Light_HandshakeSlash","Light","fa:Light","HandshakeSlash","[fa:Light_HandshakeSlash]","fa:Light_HandshakeSlash:#2D8CFF","Light HandshakeSlash Light HandshakeSlash"
"Light_Hanukiah","Light","fa:Light","Hanukiah","[fa:Light_Hanukiah]","fa:Light_Hanukiah:#2D8CFF","Light Hanukiah Light Hanukiah"
"Light_HardHat","Light","fa:Light","HardHat","[fa:Light_HardHat]","fa:Light_HardHat:#2D8CFF","Light HardHat Light HardHat"
"Light_Hashtag","Light","fa:Light","Hashtag","[fa:Light_Hashtag]","fa:Light_Hashtag:#2D8CFF","Light Hashtag Light Hashtag"
"Light_HatChef","Light","fa:Light","HatChef","[fa:Light_HatChef]","fa:Light_HatChef:#2D8CFF","Light HatChef Light HatChef"
"Light_HatCowboy","Light","fa:Light","HatCowboy","[fa:Light_HatCowboy]","fa:Light_HatCowboy:#2D8CFF","Light HatCowboy Light HatCowboy"
"Light_HatCowboySide","Light","fa:Light","HatCowboySide","[fa:Light_HatCowboySide]","fa:Light_HatCowboySide:#2D8CFF","Light HatCowboySide Light HatCowboySide"
"Light_HatSanta","Light","fa:Light","HatSanta","[fa:Light_HatSanta]","fa:Light_HatSanta:#2D8CFF","Light HatSanta Light HatSanta"
"Light_HatWinter","Light","fa:Light","HatWinter","[fa:Light_HatWinter]","fa:Light_HatWinter:#2D8CFF","Light HatWinter Light HatWinter"
"Light_HatWitch","Light","fa:Light","HatWitch","[fa:Light_HatWitch]","fa:Light_HatWitch:#2D8CFF","Light HatWitch Light HatWitch"
"Light_HatWizard","Light","fa:Light","HatWizard","[fa:Light_HatWizard]","fa:Light_HatWizard:#2D8CFF","Light HatWizard Light HatWizard"
"Light_Hdd","Light","fa:Light","Hdd","[fa:Light_Hdd]","fa:Light_Hdd:#2D8CFF","Light Hdd Light Hdd"
"Light_HeadSide","Light","fa:Light","HeadSide","[fa:Light_HeadSide]","fa:Light_HeadSide:#2D8CFF","Light HeadSide Light HeadSide"
"Light_HeadSideBrain","Light","fa:Light","HeadSideBrain","[fa:Light_HeadSideBrain]","fa:Light_HeadSideBrain:#2D8CFF","Light HeadSideBrain Light HeadSideBrain"
"Light_HeadSideCough","Light","fa:Light","HeadSideCough","[fa:Light_HeadSideCough]","fa:Light_HeadSideCough:#2D8CFF","Light HeadSideCough Light HeadSideCough"
"Light_HeadSideCoughSlash","Light","fa:Light","HeadSideCoughSlash","[fa:Light_HeadSideCoughSlash]","fa:Light_HeadSideCoughSlash:#2D8CFF","Light HeadSideCoughSlash Light HeadSideCoughSlash"
"Light_HeadSideHeadphones","Light","fa:Light","HeadSideHeadphones","[fa:Light_HeadSideHeadphones]","fa:Light_HeadSideHeadphones:#2D8CFF","Light HeadSideHeadphones Light HeadSideHeadphones"
"Light_HeadSideMask","Light","fa:Light","HeadSideMask","[fa:Light_HeadSideMask]","fa:Light_HeadSideMask:#2D8CFF","Light HeadSideMask Light HeadSideMask"
"Light_HeadSideMedical","Light","fa:Light","HeadSideMedical","[fa:Light_HeadSideMedical]","fa:Light_HeadSideMedical:#2D8CFF","Light HeadSideMedical Light HeadSideMedical"
"Light_HeadSideVirus","Light","fa:Light","HeadSideVirus","[fa:Light_HeadSideVirus]","fa:Light_HeadSideVirus:#2D8CFF","Light HeadSideVirus Light HeadSideVirus"
"Light_HeadVr","Light","fa:Light","HeadVr","[fa:Light_HeadVr]","fa:Light_HeadVr:#2D8CFF","Light HeadVr Light HeadVr"
"Light_Heading","Light","fa:Light","Heading","[fa:Light_Heading]","fa:Light_Heading:#2D8CFF","Light Heading Light Heading"
"Light_Headphones","Light","fa:Light","Headphones","[fa:Light_Headphones]","fa:Light_Headphones:#2D8CFF","Light Headphones Light Headphones"
"Light_HeadphonesAlt","Light","fa:Light","HeadphonesAlt","[fa:Light_HeadphonesAlt]","fa:Light_HeadphonesAlt:#2D8CFF","Light HeadphonesAlt Light HeadphonesAlt"
"Light_Headset","Light","fa:Light","Headset","[fa:Light_Headset]","fa:Light_Headset:#2D8CFF","Light Headset Light Headset"
"Light_Heart","Light","fa:Light","Heart","[fa:Light_Heart]","fa:Light_Heart:#2D8CFF","Light Heart Light Heart"
"Light_HeartBroken","Light","fa:Light","HeartBroken","[fa:Light_HeartBroken]","fa:Light_HeartBroken:#2D8CFF","Light HeartBroken Light HeartBroken"
"Light_HeartCircle","Light","fa:Light","HeartCircle","[fa:Light_HeartCircle]","fa:Light_HeartCircle:#2D8CFF","Light HeartCircle Light HeartCircle"
"Light_HeartRate","Light","fa:Light","HeartRate","[fa:Light_HeartRate]","fa:Light_HeartRate:#2D8CFF","Light HeartRate Light HeartRate"
"Light_HeartSquare","Light","fa:Light","HeartSquare","[fa:Light_HeartSquare]","fa:Light_HeartSquare:#2D8CFF","Light HeartSquare Light HeartSquare"
"Light_Heartbeat","Light","fa:Light","Heartbeat","[fa:Light_Heartbeat]","fa:Light_Heartbeat:#2D8CFF","Light Heartbeat Light Heartbeat"
"Light_Heat","Light","fa:Light","Heat","[fa:Light_Heat]","fa:Light_Heat:#2D8CFF","Light Heat Light Heat"
"Light_Helicopter","Light","fa:Light","Helicopter","[fa:Light_Helicopter]","fa:Light_Helicopter:#2D8CFF","Light Helicopter Light Helicopter"
"Light_HelmetBattle","Light","fa:Light","HelmetBattle","[fa:Light_HelmetBattle]","fa:Light_HelmetBattle:#2D8CFF","Light HelmetBattle Light HelmetBattle"
"Light_Hexagon","Light","fa:Light","Hexagon","[fa:Light_Hexagon]","fa:Light_Hexagon:#2D8CFF","Light Hexagon Light Hexagon"
"Light_Highlighter","Light","fa:Light","Highlighter","[fa:Light_Highlighter]","fa:Light_Highlighter:#2D8CFF","Light Highlighter Light Highlighter"
"Light_Hiking","Light","fa:Light","Hiking","[fa:Light_Hiking]","fa:Light_Hiking:#2D8CFF","Light Hiking Light Hiking"
"Light_Hippo","Light","fa:Light","Hippo","[fa:Light_Hippo]","fa:Light_Hippo:#2D8CFF","Light Hippo Light Hippo"
"Light_History","Light","fa:Light","History","[fa:Light_History]","fa:Light_History:#2D8CFF","Light History Light History"
"Light_HockeyMask","Light","fa:Light","HockeyMask","[fa:Light_HockeyMask]","fa:Light_HockeyMask:#2D8CFF","Light HockeyMask Light HockeyMask"
"Light_HockeyPuck","Light","fa:Light","HockeyPuck","[fa:Light_HockeyPuck]","fa:Light_HockeyPuck:#2D8CFF","Light HockeyPuck Light HockeyPuck"
"Light_HockeySticks","Light","fa:Light","HockeySticks","[fa:Light_HockeySticks]","fa:Light_HockeySticks:#2D8CFF","Light HockeySticks Light HockeySticks"
"Light_HollyBerry","Light","fa:Light","HollyBerry","[fa:Light_HollyBerry]","fa:Light_HollyBerry:#2D8CFF","Light HollyBerry Light HollyBerry"
"Light_Home","Light","fa:Light","Home","[fa:Light_Home]","fa:Light_Home:#2D8CFF","Light Home Light Home"
"Light_HomeAlt","Light","fa:Light","HomeAlt","[fa:Light_HomeAlt]","fa:Light_HomeAlt:#2D8CFF","Light HomeAlt Light HomeAlt"
"Light_HomeHeart","Light","fa:Light","HomeHeart","[fa:Light_HomeHeart]","fa:Light_HomeHeart:#2D8CFF","Light HomeHeart Light HomeHeart"
"Light_HomeLg","Light","fa:Light","HomeLg","[fa:Light_HomeLg]","fa:Light_HomeLg:#2D8CFF","Light HomeLg Light HomeLg"
"Light_HomeLgAlt","Light","fa:Light","HomeLgAlt","[fa:Light_HomeLgAlt]","fa:Light_HomeLgAlt:#2D8CFF","Light HomeLgAlt Light HomeLgAlt"
"Light_HoodCloak","Light","fa:Light","HoodCloak","[fa:Light_HoodCloak]","fa:Light_HoodCloak:#2D8CFF","Light HoodCloak Light HoodCloak"
"Light_HorizontalRule","Light","fa:Light","HorizontalRule","[fa:Light_HorizontalRule]","fa:Light_HorizontalRule:#2D8CFF","Light HorizontalRule Light HorizontalRule"
"Light_Horse","Light","fa:Light","Horse","[fa:Light_Horse]","fa:Light_Horse:#2D8CFF","Light Horse Light Horse"
"Light_HorseHead","Light","fa:Light","HorseHead","[fa:Light_HorseHead]","fa:Light_HorseHead:#2D8CFF","Light HorseHead Light HorseHead"
"Light_HorseSaddle","Light","fa:Light","HorseSaddle","[fa:Light_HorseSaddle]","fa:Light_HorseSaddle:#2D8CFF","Light HorseSaddle Light HorseSaddle"
"Light_Hospital","Light","fa:Light","Hospital","[fa:Light_Hospital]","fa:Light_Hospital:#2D8CFF","Light Hospital Light Hospital"
"Light_HospitalAlt","Light","fa:Light","HospitalAlt","[fa:Light_HospitalAlt]","fa:Light_HospitalAlt:#2D8CFF","Light HospitalAlt Light HospitalAlt"
"Light_HospitalSymbol","Light","fa:Light","HospitalSymbol","[fa:Light_HospitalSymbol]","fa:Light_HospitalSymbol:#2D8CFF","Light HospitalSymbol Light HospitalSymbol"
"Light_HospitalUser","Light","fa:Light","HospitalUser","[fa:Light_HospitalUser]","fa:Light_HospitalUser:#2D8CFF","Light HospitalUser Light HospitalUser"
"Light_Hospitals","Light","fa:Light","Hospitals","[fa:Light_Hospitals]","fa:Light_Hospitals:#2D8CFF","Light Hospitals Light Hospitals"
"Light_HotTub","Light","fa:Light","HotTub","[fa:Light_HotTub]","fa:Light_HotTub:#2D8CFF","Light HotTub Light HotTub"
"Light_Hotdog","Light","fa:Light","Hotdog","[fa:Light_Hotdog]","fa:Light_Hotdog:#2D8CFF","Light Hotdog Light Hotdog"
"Light_Hotel","Light","fa:Light","Hotel","[fa:Light_Hotel]","fa:Light_Hotel:#2D8CFF","Light Hotel Light Hotel"
"Light_Hourglass","Light","fa:Light","Hourglass","[fa:Light_Hourglass]","fa:Light_Hourglass:#2D8CFF","Light Hourglass Light Hourglass"
"Light_HourglassEnd","Light","fa:Light","HourglassEnd","[fa:Light_HourglassEnd]","fa:Light_HourglassEnd:#2D8CFF","Light HourglassEnd Light HourglassEnd"
"Light_HourglassHalf","Light","fa:Light","HourglassHalf","[fa:Light_HourglassHalf]","fa:Light_HourglassHalf:#2D8CFF","Light HourglassHalf Light HourglassHalf"
"Light_HourglassStart","Light","fa:Light","HourglassStart","[fa:Light_HourglassStart]","fa:Light_HourglassStart:#2D8CFF","Light HourglassStart Light HourglassStart"
"Light_House","Light","fa:Light","House","[fa:Light_House]","fa:Light_House:#2D8CFF","Light House Light House"
"Light_HouseDamage","Light","fa:Light","HouseDamage","[fa:Light_HouseDamage]","fa:Light_HouseDamage:#2D8CFF","Light HouseDamage Light HouseDamage"
"Light_HouseDay","Light","fa:Light","HouseDay","[fa:Light_HouseDay]","fa:Light_HouseDay:#2D8CFF","Light HouseDay Light HouseDay"
"Light_HouseFlood","Light","fa:Light","HouseFlood","[fa:Light_HouseFlood]","fa:Light_HouseFlood:#2D8CFF","Light HouseFlood Light HouseFlood"
"Light_HouseLeave","Light","fa:Light","HouseLeave","[fa:Light_HouseLeave]","fa:Light_HouseLeave:#2D8CFF","Light HouseLeave Light HouseLeave"
"Light_HouseNight","Light","fa:Light","HouseNight","[fa:Light_HouseNight]","fa:Light_HouseNight:#2D8CFF","Light HouseNight Light HouseNight"
"Light_HouseReturn","Light","fa:Light","HouseReturn","[fa:Light_HouseReturn]","fa:Light_HouseReturn:#2D8CFF","Light HouseReturn Light HouseReturn"
"Light_HouseSignal","Light","fa:Light","HouseSignal","[fa:Light_HouseSignal]","fa:Light_HouseSignal:#2D8CFF","Light HouseSignal Light HouseSignal"
"Light_HouseUser","Light","fa:Light","HouseUser","[fa:Light_HouseUser]","fa:Light_HouseUser:#2D8CFF","Light HouseUser Light HouseUser"
"Light_Hryvnia","Light","fa:Light","Hryvnia","[fa:Light_Hryvnia]","fa:Light_Hryvnia:#2D8CFF","Light Hryvnia Light Hryvnia"
"Light_Humidity","Light","fa:Light","Humidity","[fa:Light_Humidity]","fa:Light_Humidity:#2D8CFF","Light Humidity Light Humidity"
"Light_Hurricane","Light","fa:Light","Hurricane","[fa:Light_Hurricane]","fa:Light_Hurricane:#2D8CFF","Light Hurricane Light Hurricane"
"Light_ICursor","Light","fa:Light","ICursor","[fa:Light_ICursor]","fa:Light_ICursor:#2D8CFF","Light ICursor Light ICursor"
"Light_IceCream","Light","fa:Light","IceCream","[fa:Light_IceCream]","fa:Light_IceCream:#2D8CFF","Light IceCream Light IceCream"
"Light_IceSkate","Light","fa:Light","IceSkate","[fa:Light_IceSkate]","fa:Light_IceSkate:#2D8CFF","Light IceSkate Light IceSkate"
"Light_Icicles","Light","fa:Light","Icicles","[fa:Light_Icicles]","fa:Light_Icicles:#2D8CFF","Light Icicles Light Icicles"
"Light_Icons","Light","fa:Light","Icons","[fa:Light_Icons]","fa:Light_Icons:#2D8CFF","Light Icons Light Icons"
"Light_IconsAlt","Light","fa:Light","IconsAlt","[fa:Light_IconsAlt]","fa:Light_IconsAlt:#2D8CFF","Light IconsAlt Light IconsAlt"
"Light_IdBadge","Light","fa:Light","IdBadge","[fa:Light_IdBadge]","fa:Light_IdBadge:#2D8CFF","Light IdBadge Light IdBadge"
"Light_IdCard","Light","fa:Light","IdCard","[fa:Light_IdCard]","fa:Light_IdCard:#2D8CFF","Light IdCard Light IdCard"
"Light_IdCardAlt","Light","fa:Light","IdCardAlt","[fa:Light_IdCardAlt]","fa:Light_IdCardAlt:#2D8CFF","Light IdCardAlt Light IdCardAlt"
"Light_Igloo","Light","fa:Light","Igloo","[fa:Light_Igloo]","fa:Light_Igloo:#2D8CFF","Light Igloo Light Igloo"
"Light_Image","Light","fa:Light","Image","[fa:Light_Image]","fa:Light_Image:#2D8CFF","Light Image Light Image"
"Light_ImagePolaroid","Light","fa:Light","ImagePolaroid","[fa:Light_ImagePolaroid]","fa:Light_ImagePolaroid:#2D8CFF","Light ImagePolaroid Light ImagePolaroid"
"Light_Images","Light","fa:Light","Images","[fa:Light_Images]","fa:Light_Images:#2D8CFF","Light Images Light Images"
"Light_Inbox","Light","fa:Light","Inbox","[fa:Light_Inbox]","fa:Light_Inbox:#2D8CFF","Light Inbox Light Inbox"
"Light_InboxIn","Light","fa:Light","InboxIn","[fa:Light_InboxIn]","fa:Light_InboxIn:#2D8CFF","Light InboxIn Light InboxIn"
"Light_InboxOut","Light","fa:Light","InboxOut","[fa:Light_InboxOut]","fa:Light_InboxOut:#2D8CFF","Light InboxOut Light InboxOut"
"Light_Indent","Light","fa:Light","Indent","[fa:Light_Indent]","fa:Light_Indent:#2D8CFF","Light Indent Light Indent"
"Light_Industry","Light","fa:Light","Industry","[fa:Light_Industry]","fa:Light_Industry:#2D8CFF","Light Industry Light Industry"
"Light_IndustryAlt","Light","fa:Light","IndustryAlt","[fa:Light_IndustryAlt]","fa:Light_IndustryAlt:#2D8CFF","Light IndustryAlt Light IndustryAlt"
"Light_Infinity","Light","fa:Light","Infinity","[fa:Light_Infinity]","fa:Light_Infinity:#2D8CFF","Light Infinity Light Infinity"
"Light_Info","Light","fa:Light","Info","[fa:Light_Info]","fa:Light_Info:#2D8CFF","Light Info Light Info"
"Light_InfoCircle","Light","fa:Light","InfoCircle","[fa:Light_InfoCircle]","fa:Light_InfoCircle:#2D8CFF","Light InfoCircle Light InfoCircle"
"Light_InfoSquare","Light","fa:Light","InfoSquare","[fa:Light_InfoSquare]","fa:Light_InfoSquare:#2D8CFF","Light InfoSquare Light InfoSquare"
"Light_Inhaler","Light","fa:Light","Inhaler","[fa:Light_Inhaler]","fa:Light_Inhaler:#2D8CFF","Light Inhaler Light Inhaler"
"Light_Integral","Light","fa:Light","Integral","[fa:Light_Integral]","fa:Light_Integral:#2D8CFF","Light Integral Light Integral"
"Light_Intersection","Light","fa:Light","Intersection","[fa:Light_Intersection]","fa:Light_Intersection:#2D8CFF","Light Intersection Light Intersection"
"Light_Inventory","Light","fa:Light","Inventory","[fa:Light_Inventory]","fa:Light_Inventory:#2D8CFF","Light Inventory Light Inventory"
"Light_IslandTropical","Light","fa:Light","IslandTropical","[fa:Light_IslandTropical]","fa:Light_IslandTropical:#2D8CFF","Light IslandTropical Light IslandTropical"
"Light_Italic","Light","fa:Light","Italic","[fa:Light_Italic]","fa:Light_Italic:#2D8CFF","Light Italic Light Italic"
"Light_JackOLantern","Light","fa:Light","JackOLantern","[fa:Light_JackOLantern]","fa:Light_JackOLantern:#2D8CFF","Light JackOLantern Light JackOLantern"
"Light_Jedi","Light","fa:Light","Jedi","[fa:Light_Jedi]","fa:Light_Jedi:#2D8CFF","Light Jedi Light Jedi"
"Light_Joint","Light","fa:Light","Joint","[fa:Light_Joint]","fa:Light_Joint:#2D8CFF","Light Joint Light Joint"
"Light_JournalWhills","Light","fa:Light","JournalWhills","[fa:Light_JournalWhills]","fa:Light_JournalWhills:#2D8CFF","Light JournalWhills Light JournalWhills"
"Light_Joystick","Light","fa:Light","Joystick","[fa:Light_Joystick]","fa:Light_Joystick:#2D8CFF","Light Joystick Light Joystick"
"Light_Jug","Light","fa:Light","Jug","[fa:Light_Jug]","fa:Light_Jug:#2D8CFF","Light Jug Light Jug"
"Light_Kaaba","Light","fa:Light","Kaaba","[fa:Light_Kaaba]","fa:Light_Kaaba:#2D8CFF","Light Kaaba Light Kaaba"
"Light_Kazoo","Light","fa:Light","Kazoo","[fa:Light_Kazoo]","fa:Light_Kazoo:#2D8CFF","Light Kazoo Light Kazoo"
"Light_Kerning","Light","fa:Light","Kerning","[fa:Light_Kerning]","fa:Light_Kerning:#2D8CFF","Light Kerning Light Kerning"
"Light_Key","Light","fa:Light","Key","[fa:Light_Key]","fa:Light_Key:#2D8CFF","Light Key Light Key"
"Light_KeySkeleton","Light","fa:Light","KeySkeleton","[fa:Light_KeySkeleton]","fa:Light_KeySkeleton:#2D8CFF","Light KeySkeleton Light KeySkeleton"
"Light_Keyboard","Light","fa:Light","Keyboard","[fa:Light_Keyboard]","fa:Light_Keyboard:#2D8CFF","Light Keyboard Light Keyboard"
"Light_Keynote","Light","fa:Light","Keynote","[fa:Light_Keynote]","fa:Light_Keynote:#2D8CFF","Light Keynote Light Keynote"
"Light_Khanda","Light","fa:Light","Khanda","[fa:Light_Khanda]","fa:Light_Khanda:#2D8CFF","Light Khanda Light Khanda"
"Light_Kidneys","Light","fa:Light","Kidneys","[fa:Light_Kidneys]","fa:Light_Kidneys:#2D8CFF","Light Kidneys Light Kidneys"
"Light_Kiss","Light","fa:Light","Kiss","[fa:Light_Kiss]","fa:Light_Kiss:#2D8CFF","Light Kiss Light Kiss"
"Light_KissBeam","Light","fa:Light","KissBeam","[fa:Light_KissBeam]","fa:Light_KissBeam:#2D8CFF","Light KissBeam Light KissBeam"
"Light_KissWinkHeart","Light","fa:Light","KissWinkHeart","[fa:Light_KissWinkHeart]","fa:Light_KissWinkHeart:#2D8CFF","Light KissWinkHeart Light KissWinkHeart"
"Light_Kite","Light","fa:Light","Kite","[fa:Light_Kite]","fa:Light_Kite:#2D8CFF","Light Kite Light Kite"
"Light_KiwiBird","Light","fa:Light","KiwiBird","[fa:Light_KiwiBird]","fa:Light_KiwiBird:#2D8CFF","Light KiwiBird Light KiwiBird"
"Light_KnifeKitchen","Light","fa:Light","KnifeKitchen","[fa:Light_KnifeKitchen]","fa:Light_KnifeKitchen:#2D8CFF","Light KnifeKitchen Light KnifeKitchen"
"Light_Lambda","Light","fa:Light","Lambda","[fa:Light_Lambda]","fa:Light_Lambda:#2D8CFF","Light Lambda Light Lambda"
"Light_Lamp","Light","fa:Light","Lamp","[fa:Light_Lamp]","fa:Light_Lamp:#2D8CFF","Light Lamp Light Lamp"
"Light_LampDesk","Light","fa:Light","LampDesk","[fa:Light_LampDesk]","fa:Light_LampDesk:#2D8CFF","Light LampDesk Light LampDesk"
"Light_LampFloor","Light","fa:Light","LampFloor","[fa:Light_LampFloor]","fa:Light_LampFloor:#2D8CFF","Light LampFloor Light LampFloor"
"Light_Landmark","Light","fa:Light","Landmark","[fa:Light_Landmark]","fa:Light_Landmark:#2D8CFF","Light Landmark Light Landmark"
"Light_LandmarkAlt","Light","fa:Light","LandmarkAlt","[fa:Light_LandmarkAlt]","fa:Light_LandmarkAlt:#2D8CFF","Light LandmarkAlt Light LandmarkAlt"
"Light_Language","Light","fa:Light","Language","[fa:Light_Language]","fa:Light_Language:#2D8CFF","Light Language Light Language"
"Light_Laptop","Light","fa:Light","Laptop","[fa:Light_Laptop]","fa:Light_Laptop:#2D8CFF","Light Laptop Light Laptop"
"Light_LaptopCode","Light","fa:Light","LaptopCode","[fa:Light_LaptopCode]","fa:Light_LaptopCode:#2D8CFF","Light LaptopCode Light LaptopCode"
"Light_LaptopHouse","Light","fa:Light","LaptopHouse","[fa:Light_LaptopHouse]","fa:Light_LaptopHouse:#2D8CFF","Light LaptopHouse Light LaptopHouse"
"Light_LaptopMedical","Light","fa:Light","LaptopMedical","[fa:Light_LaptopMedical]","fa:Light_LaptopMedical:#2D8CFF","Light LaptopMedical Light LaptopMedical"
"Light_Lasso","Light","fa:Light","Lasso","[fa:Light_Lasso]","fa:Light_Lasso:#2D8CFF","Light Lasso Light Lasso"
"Light_Laugh","Light","fa:Light","Laugh","[fa:Light_Laugh]","fa:Light_Laugh:#2D8CFF","Light Laugh Light Laugh"
"Light_LaughBeam","Light","fa:Light","LaughBeam","[fa:Light_LaughBeam]","fa:Light_LaughBeam:#2D8CFF","Light LaughBeam Light LaughBeam"
"Light_LaughSquint","Light","fa:Light","LaughSquint","[fa:Light_LaughSquint]","fa:Light_LaughSquint:#2D8CFF","Light LaughSquint Light LaughSquint"
"Light_LaughWink","Light","fa:Light","LaughWink","[fa:Light_LaughWink]","fa:Light_LaughWink:#2D8CFF","Light LaughWink Light LaughWink"
"Light_LayerGroup","Light","fa:Light","LayerGroup","[fa:Light_LayerGroup]","fa:Light_LayerGroup:#2D8CFF","Light LayerGroup Light LayerGroup"
"Light_LayerMinus","Light","fa:Light","LayerMinus","[fa:Light_LayerMinus]","fa:Light_LayerMinus:#2D8CFF","Light LayerMinus Light LayerMinus"
"Light_LayerPlus","Light","fa:Light","LayerPlus","[fa:Light_LayerPlus]","fa:Light_LayerPlus:#2D8CFF","Light LayerPlus Light LayerPlus"
"Light_Leaf","Light","fa:Light","Leaf","[fa:Light_Leaf]","fa:Light_Leaf:#2D8CFF","Light Leaf Light Leaf"
"Light_LeafHeart","Light","fa:Light","LeafHeart","[fa:Light_LeafHeart]","fa:Light_LeafHeart:#2D8CFF","Light LeafHeart Light LeafHeart"
"Light_LeafMaple","Light","fa:Light","LeafMaple","[fa:Light_LeafMaple]","fa:Light_LeafMaple:#2D8CFF","Light LeafMaple Light LeafMaple"
"Light_LeafOak","Light","fa:Light","LeafOak","[fa:Light_LeafOak]","fa:Light_LeafOak:#2D8CFF","Light LeafOak Light LeafOak"
"Light_Lemon","Light","fa:Light","Lemon","[fa:Light_Lemon]","fa:Light_Lemon:#2D8CFF","Light Lemon Light Lemon"
"Light_LessThan","Light","fa:Light","LessThan","[fa:Light_LessThan]","fa:Light_LessThan:#2D8CFF","Light LessThan Light LessThan"
"Light_LessThanEqual","Light","fa:Light","LessThanEqual","[fa:Light_LessThanEqual]","fa:Light_LessThanEqual:#2D8CFF","Light LessThanEqual Light LessThanEqual"
"Light_LevelDown","Light","fa:Light","LevelDown","[fa:Light_LevelDown]","fa:Light_LevelDown:#2D8CFF","Light LevelDown Light LevelDown"
"Light_LevelDownAlt","Light","fa:Light","LevelDownAlt","[fa:Light_LevelDownAlt]","fa:Light_LevelDownAlt:#2D8CFF","Light LevelDownAlt Light LevelDownAlt"
"Light_LevelUp","Light","fa:Light","LevelUp","[fa:Light_LevelUp]","fa:Light_LevelUp:#2D8CFF","Light LevelUp Light LevelUp"
"Light_LevelUpAlt","Light","fa:Light","LevelUpAlt","[fa:Light_LevelUpAlt]","fa:Light_LevelUpAlt:#2D8CFF","Light LevelUpAlt Light LevelUpAlt"
"Light_LifeRing","Light","fa:Light","LifeRing","[fa:Light_LifeRing]","fa:Light_LifeRing:#2D8CFF","Light LifeRing Light LifeRing"
"Light_LightCeiling","Light","fa:Light","LightCeiling","[fa:Light_LightCeiling]","fa:Light_LightCeiling:#2D8CFF","Light LightCeiling Light LightCeiling"
"Light_LightSwitch","Light","fa:Light","LightSwitch","[fa:Light_LightSwitch]","fa:Light_LightSwitch:#2D8CFF","Light LightSwitch Light LightSwitch"
"Light_LightSwitchOff","Light","fa:Light","LightSwitchOff","[fa:Light_LightSwitchOff]","fa:Light_LightSwitchOff:#2D8CFF","Light LightSwitchOff Light LightSwitchOff"
"Light_LightSwitchOn","Light","fa:Light","LightSwitchOn","[fa:Light_LightSwitchOn]","fa:Light_LightSwitchOn:#2D8CFF","Light LightSwitchOn Light LightSwitchOn"
"Light_Lightbulb","Light","fa:Light","Lightbulb","[fa:Light_Lightbulb]","fa:Light_Lightbulb:#2D8CFF","Light Lightbulb Light Lightbulb"
"Light_LightbulbDollar","Light","fa:Light","LightbulbDollar","[fa:Light_LightbulbDollar]","fa:Light_LightbulbDollar:#2D8CFF","Light LightbulbDollar Light LightbulbDollar"
"Light_LightbulbExclamation","Light","fa:Light","LightbulbExclamation","[fa:Light_LightbulbExclamation]","fa:Light_LightbulbExclamation:#2D8CFF","Light LightbulbExclamation Light LightbulbExclamation"
"Light_LightbulbOn","Light","fa:Light","LightbulbOn","[fa:Light_LightbulbOn]","fa:Light_LightbulbOn:#2D8CFF","Light LightbulbOn Light LightbulbOn"
"Light_LightbulbSlash","Light","fa:Light","LightbulbSlash","[fa:Light_LightbulbSlash]","fa:Light_LightbulbSlash:#2D8CFF","Light LightbulbSlash Light LightbulbSlash"
"Light_LightsHoliday","Light","fa:Light","LightsHoliday","[fa:Light_LightsHoliday]","fa:Light_LightsHoliday:#2D8CFF","Light LightsHoliday Light LightsHoliday"
"Light_LineColumns","Light","fa:Light","LineColumns","[fa:Light_LineColumns]","fa:Light_LineColumns:#2D8CFF","Light LineColumns Light LineColumns"
"Light_LineHeight","Light","fa:Light","LineHeight","[fa:Light_LineHeight]","fa:Light_LineHeight:#2D8CFF","Light LineHeight Light LineHeight"
"Light_Link","Light","fa:Light","Link","[fa:Light_Link]","fa:Light_Link:#2D8CFF","Light Link Light Link"
"Light_Lips","Light","fa:Light","Lips","[fa:Light_Lips]","fa:Light_Lips:#2D8CFF","Light Lips Light Lips"
"Light_LiraSign","Light","fa:Light","LiraSign","[fa:Light_LiraSign]","fa:Light_LiraSign:#2D8CFF","Light LiraSign Light LiraSign"
"Light_List","Light","fa:Light","List","[fa:Light_List]","fa:Light_List:#2D8CFF","Light List Light List"
"Light_ListAlt","Light","fa:Light","ListAlt","[fa:Light_ListAlt]","fa:Light_ListAlt:#2D8CFF","Light ListAlt Light ListAlt"
"Light_ListMusic","Light","fa:Light","ListMusic","[fa:Light_ListMusic]","fa:Light_ListMusic:#2D8CFF","Light ListMusic Light ListMusic"
"Light_ListOl","Light","fa:Light","ListOl","[fa:Light_ListOl]","fa:Light_ListOl:#2D8CFF","Light ListOl Light ListOl"
"Light_ListUl","Light","fa:Light","ListUl","[fa:Light_ListUl]","fa:Light_ListUl:#2D8CFF","Light ListUl Light ListUl"
"Light_Location","Light","fa:Light","Location","[fa:Light_Location]","fa:Light_Location:#2D8CFF","Light Location Light Location"
"Light_LocationArrow","Light","fa:Light","LocationArrow","[fa:Light_LocationArrow]","fa:Light_LocationArrow:#2D8CFF","Light LocationArrow Light LocationArrow"
"Light_LocationCircle","Light","fa:Light","LocationCircle","[fa:Light_LocationCircle]","fa:Light_LocationCircle:#2D8CFF","Light LocationCircle Light LocationCircle"
"Light_LocationSlash","Light","fa:Light","LocationSlash","[fa:Light_LocationSlash]","fa:Light_LocationSlash:#2D8CFF","Light LocationSlash Light LocationSlash"
"Light_Lock","Light","fa:Light","Lock","[fa:Light_Lock]","fa:Light_Lock:#2D8CFF","Light Lock Light Lock"
"Light_LockAlt","Light","fa:Light","LockAlt","[fa:Light_LockAlt]","fa:Light_LockAlt:#2D8CFF","Light LockAlt Light LockAlt"
"Light_LockOpen","Light","fa:Light","LockOpen","[fa:Light_LockOpen]","fa:Light_LockOpen:#2D8CFF","Light LockOpen Light LockOpen"
"Light_LockOpenAlt","Light","fa:Light","LockOpenAlt","[fa:Light_LockOpenAlt]","fa:Light_LockOpenAlt:#2D8CFF","Light LockOpenAlt Light LockOpenAlt"
"Light_LongArrowAltDown","Light","fa:Light","LongArrowAltDown","[fa:Light_LongArrowAltDown]","fa:Light_LongArrowAltDown:#2D8CFF","Light LongArrowAltDown Light LongArrowAltDown"
"Light_LongArrowAltLeft","Light","fa:Light","LongArrowAltLeft","[fa:Light_LongArrowAltLeft]","fa:Light_LongArrowAltLeft:#2D8CFF","Light LongArrowAltLeft Light LongArrowAltLeft"
"Light_LongArrowAltRight","Light","fa:Light","LongArrowAltRight","[fa:Light_LongArrowAltRight]","fa:Light_LongArrowAltRight:#2D8CFF","Light LongArrowAltRight Light LongArrowAltRight"
"Light_LongArrowAltUp","Light","fa:Light","LongArrowAltUp","[fa:Light_LongArrowAltUp]","fa:Light_LongArrowAltUp:#2D8CFF","Light LongArrowAltUp Light LongArrowAltUp"
"Light_LongArrowDown","Light","fa:Light","LongArrowDown","[fa:Light_LongArrowDown]","fa:Light_LongArrowDown:#2D8CFF","Light LongArrowDown Light LongArrowDown"
"Light_LongArrowLeft","Light","fa:Light","LongArrowLeft","[fa:Light_LongArrowLeft]","fa:Light_LongArrowLeft:#2D8CFF","Light LongArrowLeft Light LongArrowLeft"
"Light_LongArrowRight","Light","fa:Light","LongArrowRight","[fa:Light_LongArrowRight]","fa:Light_LongArrowRight:#2D8CFF","Light LongArrowRight Light LongArrowRight"
"Light_LongArrowUp","Light","fa:Light","LongArrowUp","[fa:Light_LongArrowUp]","fa:Light_LongArrowUp:#2D8CFF","Light LongArrowUp Light LongArrowUp"
"Light_Loveseat","Light","fa:Light","Loveseat","[fa:Light_Loveseat]","fa:Light_Loveseat:#2D8CFF","Light Loveseat Light Loveseat"
"Light_LowVision","Light","fa:Light","LowVision","[fa:Light_LowVision]","fa:Light_LowVision:#2D8CFF","Light LowVision Light LowVision"
"Light_Luchador","Light","fa:Light","Luchador","[fa:Light_Luchador]","fa:Light_Luchador:#2D8CFF","Light Luchador Light Luchador"
"Light_LuggageCart","Light","fa:Light","LuggageCart","[fa:Light_LuggageCart]","fa:Light_LuggageCart:#2D8CFF","Light LuggageCart Light LuggageCart"
"Light_Lungs","Light","fa:Light","Lungs","[fa:Light_Lungs]","fa:Light_Lungs:#2D8CFF","Light Lungs Light Lungs"
"Light_LungsVirus","Light","fa:Light","LungsVirus","[fa:Light_LungsVirus]","fa:Light_LungsVirus:#2D8CFF","Light LungsVirus Light LungsVirus"
"Light_Mace","Light","fa:Light","Mace","[fa:Light_Mace]","fa:Light_Mace:#2D8CFF","Light Mace Light Mace"
"Light_Magic","Light","fa:Light","Magic","[fa:Light_Magic]","fa:Light_Magic:#2D8CFF","Light Magic Light Magic"
"Light_Magnet","Light","fa:Light","Magnet","[fa:Light_Magnet]","fa:Light_Magnet:#2D8CFF","Light Magnet Light Magnet"
"Light_MailBulk","Light","fa:Light","MailBulk","[fa:Light_MailBulk]","fa:Light_MailBulk:#2D8CFF","Light MailBulk Light MailBulk"
"Light_Mailbox","Light","fa:Light","Mailbox","[fa:Light_Mailbox]","fa:Light_Mailbox:#2D8CFF","Light Mailbox Light Mailbox"
"Light_Male","Light","fa:Light","Male","[fa:Light_Male]","fa:Light_Male:#2D8CFF","Light Male Light Male"
"Light_Mandolin","Light","fa:Light","Mandolin","[fa:Light_Mandolin]","fa:Light_Mandolin:#2D8CFF","Light Mandolin Light Mandolin"
"Light_Map","Light","fa:Light","Map","[fa:Light_Map]","fa:Light_Map:#2D8CFF","Light Map Light Map"
"Light_MapMarked","Light","fa:Light","MapMarked","[fa:Light_MapMarked]","fa:Light_MapMarked:#2D8CFF","Light MapMarked Light MapMarked"
"Light_MapMarkedAlt","Light","fa:Light","MapMarkedAlt","[fa:Light_MapMarkedAlt]","fa:Light_MapMarkedAlt:#2D8CFF","Light MapMarkedAlt Light MapMarkedAlt"
"Light_MapMarker","Light","fa:Light","MapMarker","[fa:Light_MapMarker]","fa:Light_MapMarker:#2D8CFF","Light MapMarker Light MapMarker"
"Light_MapMarkerAlt","Light","fa:Light","MapMarkerAlt","[fa:Light_MapMarkerAlt]","fa:Light_MapMarkerAlt:#2D8CFF","Light MapMarkerAlt Light MapMarkerAlt"
"Light_MapMarkerAltSlash","Light","fa:Light","MapMarkerAltSlash","[fa:Light_MapMarkerAltSlash]","fa:Light_MapMarkerAltSlash:#2D8CFF","Light MapMarkerAltSlash Light MapMarkerAltSlash"
"Light_MapMarkerCheck","Light","fa:Light","MapMarkerCheck","[fa:Light_MapMarkerCheck]","fa:Light_MapMarkerCheck:#2D8CFF","Light MapMarkerCheck Light MapMarkerCheck"
"Light_MapMarkerEdit","Light","fa:Light","MapMarkerEdit","[fa:Light_MapMarkerEdit]","fa:Light_MapMarkerEdit:#2D8CFF","Light MapMarkerEdit Light MapMarkerEdit"
"Light_MapMarkerExclamation","Light","fa:Light","MapMarkerExclamation","[fa:Light_MapMarkerExclamation]","fa:Light_MapMarkerExclamation:#2D8CFF","Light MapMarkerExclamation Light MapMarkerExclamation"
"Light_MapMarkerMinus","Light","fa:Light","MapMarkerMinus","[fa:Light_MapMarkerMinus]","fa:Light_MapMarkerMinus:#2D8CFF","Light MapMarkerMinus Light MapMarkerMinus"
"Light_MapMarkerPlus","Light","fa:Light","MapMarkerPlus","[fa:Light_MapMarkerPlus]","fa:Light_MapMarkerPlus:#2D8CFF","Light MapMarkerPlus Light MapMarkerPlus"
"Light_MapMarkerQuestion","Light","fa:Light","MapMarkerQuestion","[fa:Light_MapMarkerQuestion]","fa:Light_MapMarkerQuestion:#2D8CFF","Light MapMarkerQuestion Light MapMarkerQuestion"
"Light_MapMarkerSlash","Light","fa:Light","MapMarkerSlash","[fa:Light_MapMarkerSlash]","fa:Light_MapMarkerSlash:#2D8CFF","Light MapMarkerSlash Light MapMarkerSlash"
"Light_MapMarkerSmile","Light","fa:Light","MapMarkerSmile","[fa:Light_MapMarkerSmile]","fa:Light_MapMarkerSmile:#2D8CFF","Light MapMarkerSmile Light MapMarkerSmile"
"Light_MapMarkerTimes","Light","fa:Light","MapMarkerTimes","[fa:Light_MapMarkerTimes]","fa:Light_MapMarkerTimes:#2D8CFF","Light MapMarkerTimes Light MapMarkerTimes"
"Light_MapPin","Light","fa:Light","MapPin","[fa:Light_MapPin]","fa:Light_MapPin:#2D8CFF","Light MapPin Light MapPin"
"Light_MapSigns","Light","fa:Light","MapSigns","[fa:Light_MapSigns]","fa:Light_MapSigns:#2D8CFF","Light MapSigns Light MapSigns"
"Light_Marker","Light","fa:Light","Marker","[fa:Light_Marker]","fa:Light_Marker:#2D8CFF","Light Marker Light Marker"
"Light_Mars","Light","fa:Light","Mars","[fa:Light_Mars]","fa:Light_Mars:#2D8CFF","Light Mars Light Mars"
"Light_MarsDouble","Light","fa:Light","MarsDouble","[fa:Light_MarsDouble]","fa:Light_MarsDouble:#2D8CFF","Light MarsDouble Light MarsDouble"
"Light_MarsStroke","Light","fa:Light","MarsStroke","[fa:Light_MarsStroke]","fa:Light_MarsStroke:#2D8CFF","Light MarsStroke Light MarsStroke"
"Light_MarsStrokeH","Light","fa:Light","MarsStrokeH","[fa:Light_MarsStrokeH]","fa:Light_MarsStrokeH:#2D8CFF","Light MarsStrokeH Light MarsStrokeH"
"Light_MarsStrokeV","Light","fa:Light","MarsStrokeV","[fa:Light_MarsStrokeV]","fa:Light_MarsStrokeV:#2D8CFF","Light MarsStrokeV Light MarsStrokeV"
"Light_Mask","Light","fa:Light","Mask","[fa:Light_Mask]","fa:Light_Mask:#2D8CFF","Light Mask Light Mask"
"Light_Meat","Light","fa:Light","Meat","[fa:Light_Meat]","fa:Light_Meat:#2D8CFF","Light Meat Light Meat"
"Light_Medal","Light","fa:Light","Medal","[fa:Light_Medal]","fa:Light_Medal:#2D8CFF","Light Medal Light Medal"
"Light_Medkit","Light","fa:Light","Medkit","[fa:Light_Medkit]","fa:Light_Medkit:#2D8CFF","Light Medkit Light Medkit"
"Light_Megaphone","Light","fa:Light","Megaphone","[fa:Light_Megaphone]","fa:Light_Megaphone:#2D8CFF","Light Megaphone Light Megaphone"
"Light_Meh","Light","fa:Light","Meh","[fa:Light_Meh]","fa:Light_Meh:#2D8CFF","Light Meh Light Meh"
"Light_MehBlank","Light","fa:Light","MehBlank","[fa:Light_MehBlank]","fa:Light_MehBlank:#2D8CFF","Light MehBlank Light MehBlank"
"Light_MehRollingEyes","Light","fa:Light","MehRollingEyes","[fa:Light_MehRollingEyes]","fa:Light_MehRollingEyes:#2D8CFF","Light MehRollingEyes Light MehRollingEyes"
"Light_Memory","Light","fa:Light","Memory","[fa:Light_Memory]","fa:Light_Memory:#2D8CFF","Light Memory Light Memory"
"Light_Menorah","Light","fa:Light","Menorah","[fa:Light_Menorah]","fa:Light_Menorah:#2D8CFF","Light Menorah Light Menorah"
"Light_Mercury","Light","fa:Light","Mercury","[fa:Light_Mercury]","fa:Light_Mercury:#2D8CFF","Light Mercury Light Mercury"
"Light_Meteor","Light","fa:Light","Meteor","[fa:Light_Meteor]","fa:Light_Meteor:#2D8CFF","Light Meteor Light Meteor"
"Light_Microchip","Light","fa:Light","Microchip","[fa:Light_Microchip]","fa:Light_Microchip:#2D8CFF","Light Microchip Light Microchip"
"Light_Microphone","Light","fa:Light","Microphone","[fa:Light_Microphone]","fa:Light_Microphone:#2D8CFF","Light Microphone Light Microphone"
"Light_MicrophoneAlt","Light","fa:Light","MicrophoneAlt","[fa:Light_MicrophoneAlt]","fa:Light_MicrophoneAlt:#2D8CFF","Light MicrophoneAlt Light MicrophoneAlt"
"Light_MicrophoneAltSlash","Light","fa:Light","MicrophoneAltSlash","[fa:Light_MicrophoneAltSlash]","fa:Light_MicrophoneAltSlash:#2D8CFF","Light MicrophoneAltSlash Light MicrophoneAltSlash"
"Light_MicrophoneSlash","Light","fa:Light","MicrophoneSlash","[fa:Light_MicrophoneSlash]","fa:Light_MicrophoneSlash:#2D8CFF","Light MicrophoneSlash Light MicrophoneSlash"
"Light_MicrophoneStand","Light","fa:Light","MicrophoneStand","[fa:Light_MicrophoneStand]","fa:Light_MicrophoneStand:#2D8CFF","Light MicrophoneStand Light MicrophoneStand"
"Light_Microscope","Light","fa:Light","Microscope","[fa:Light_Microscope]","fa:Light_Microscope:#2D8CFF","Light Microscope Light Microscope"
"Light_Microwave","Light","fa:Light","Microwave","[fa:Light_Microwave]","fa:Light_Microwave:#2D8CFF","Light Microwave Light Microwave"
"Light_MindShare","Light","fa:Light","MindShare","[fa:Light_MindShare]","fa:Light_MindShare:#2D8CFF","Light MindShare Light MindShare"
"Light_Minus","Light","fa:Light","Minus","[fa:Light_Minus]","fa:Light_Minus:#2D8CFF","Light Minus Light Minus"
"Light_MinusCircle","Light","fa:Light","MinusCircle","[fa:Light_MinusCircle]","fa:Light_MinusCircle:#2D8CFF","Light MinusCircle Light MinusCircle"
"Light_MinusHexagon","Light","fa:Light","MinusHexagon","[fa:Light_MinusHexagon]","fa:Light_MinusHexagon:#2D8CFF","Light MinusHexagon Light MinusHexagon"
"Light_MinusOctagon","Light","fa:Light","MinusOctagon","[fa:Light_MinusOctagon]","fa:Light_MinusOctagon:#2D8CFF","Light MinusOctagon Light MinusOctagon"
"Light_MinusSquare","Light","fa:Light","MinusSquare","[fa:Light_MinusSquare]","fa:Light_MinusSquare:#2D8CFF","Light MinusSquare Light MinusSquare"
"Light_Mistletoe","Light","fa:Light","Mistletoe","[fa:Light_Mistletoe]","fa:Light_Mistletoe:#2D8CFF","Light Mistletoe Light Mistletoe"
"Light_Mitten","Light","fa:Light","Mitten","[fa:Light_Mitten]","fa:Light_Mitten:#2D8CFF","Light Mitten Light Mitten"
"Light_Mobile","Light","fa:Light","Mobile","[fa:Light_Mobile]","fa:Light_Mobile:#2D8CFF","Light Mobile Light Mobile"
"Light_MobileAlt","Light","fa:Light","MobileAlt","[fa:Light_MobileAlt]","fa:Light_MobileAlt:#2D8CFF","Light MobileAlt Light MobileAlt"
"Light_MobileAndroid","Light","fa:Light","MobileAndroid","[fa:Light_MobileAndroid]","fa:Light_MobileAndroid:#2D8CFF","Light MobileAndroid Light MobileAndroid"
"Light_MobileAndroidAlt","Light","fa:Light","MobileAndroidAlt","[fa:Light_MobileAndroidAlt]","fa:Light_MobileAndroidAlt:#2D8CFF","Light MobileAndroidAlt Light MobileAndroidAlt"
"Light_MoneyBill","Light","fa:Light","MoneyBill","[fa:Light_MoneyBill]","fa:Light_MoneyBill:#2D8CFF","Light MoneyBill Light MoneyBill"
"Light_MoneyBillAlt","Light","fa:Light","MoneyBillAlt","[fa:Light_MoneyBillAlt]","fa:Light_MoneyBillAlt:#2D8CFF","Light MoneyBillAlt Light MoneyBillAlt"
"Light_MoneyBillWave","Light","fa:Light","MoneyBillWave","[fa:Light_MoneyBillWave]","fa:Light_MoneyBillWave:#2D8CFF","Light MoneyBillWave Light MoneyBillWave"
"Light_MoneyBillWaveAlt","Light","fa:Light","MoneyBillWaveAlt","[fa:Light_MoneyBillWaveAlt]","fa:Light_MoneyBillWaveAlt:#2D8CFF","Light MoneyBillWaveAlt Light MoneyBillWaveAlt"
"Light_MoneyCheck","Light","fa:Light","MoneyCheck","[fa:Light_MoneyCheck]","fa:Light_MoneyCheck:#2D8CFF","Light MoneyCheck Light MoneyCheck"
"Light_MoneyCheckAlt","Light","fa:Light","MoneyCheckAlt","[fa:Light_MoneyCheckAlt]","fa:Light_MoneyCheckAlt:#2D8CFF","Light MoneyCheckAlt Light MoneyCheckAlt"
"Light_MoneyCheckEdit","Light","fa:Light","MoneyCheckEdit","[fa:Light_MoneyCheckEdit]","fa:Light_MoneyCheckEdit:#2D8CFF","Light MoneyCheckEdit Light MoneyCheckEdit"
"Light_MoneyCheckEditAlt","Light","fa:Light","MoneyCheckEditAlt","[fa:Light_MoneyCheckEditAlt]","fa:Light_MoneyCheckEditAlt:#2D8CFF","Light MoneyCheckEditAlt Light MoneyCheckEditAlt"
"Light_MonitorHeartRate","Light","fa:Light","MonitorHeartRate","[fa:Light_MonitorHeartRate]","fa:Light_MonitorHeartRate:#2D8CFF","Light MonitorHeartRate Light MonitorHeartRate"
"Light_Monkey","Light","fa:Light","Monkey","[fa:Light_Monkey]","fa:Light_Monkey:#2D8CFF","Light Monkey Light Monkey"
"Light_Monument","Light","fa:Light","Monument","[fa:Light_Monument]","fa:Light_Monument:#2D8CFF","Light Monument Light Monument"
"Light_Moon","Light","fa:Light","Moon","[fa:Light_Moon]","fa:Light_Moon:#2D8CFF","Light Moon Light Moon"
"Light_MoonCloud","Light","fa:Light","MoonCloud","[fa:Light_MoonCloud]","fa:Light_MoonCloud:#2D8CFF","Light MoonCloud Light MoonCloud"
"Light_MoonStars","Light","fa:Light","MoonStars","[fa:Light_MoonStars]","fa:Light_MoonStars:#2D8CFF","Light MoonStars Light MoonStars"
"Light_MortarPestle","Light","fa:Light","MortarPestle","[fa:Light_MortarPestle]","fa:Light_MortarPestle:#2D8CFF","Light MortarPestle Light MortarPestle"
"Light_Mosque","Light","fa:Light","Mosque","[fa:Light_Mosque]","fa:Light_Mosque:#2D8CFF","Light Mosque Light Mosque"
"Light_Motorcycle","Light","fa:Light","Motorcycle","[fa:Light_Motorcycle]","fa:Light_Motorcycle:#2D8CFF","Light Motorcycle Light Motorcycle"
"Light_Mountain","Light","fa:Light","Mountain","[fa:Light_Mountain]","fa:Light_Mountain:#2D8CFF","Light Mountain Light Mountain"
"Light_Mountains","Light","fa:Light","Mountains","[fa:Light_Mountains]","fa:Light_Mountains:#2D8CFF","Light Mountains Light Mountains"
"Light_Mouse","Light","fa:Light","Mouse","[fa:Light_Mouse]","fa:Light_Mouse:#2D8CFF","Light Mouse Light Mouse"
"Light_MouseAlt","Light","fa:Light","MouseAlt","[fa:Light_MouseAlt]","fa:Light_MouseAlt:#2D8CFF","Light MouseAlt Light MouseAlt"
"Light_MousePointer","Light","fa:Light","MousePointer","[fa:Light_MousePointer]","fa:Light_MousePointer:#2D8CFF","Light MousePointer Light MousePointer"
"Light_Mp3Player","Light","fa:Light","Mp3Player","[fa:Light_Mp3Player]","fa:Light_Mp3Player:#2D8CFF","Light Mp3Player Light Mp3Player"
"Light_Mug","Light","fa:Light","Mug","[fa:Light_Mug]","fa:Light_Mug:#2D8CFF","Light Mug Light Mug"
"Light_MugHot","Light","fa:Light","MugHot","[fa:Light_MugHot]","fa:Light_MugHot:#2D8CFF","Light MugHot Light MugHot"
"Light_MugMarshmallows","Light","fa:Light","MugMarshmallows","[fa:Light_MugMarshmallows]","fa:Light_MugMarshmallows:#2D8CFF","Light MugMarshmallows Light MugMarshmallows"
"Light_MugTea","Light","fa:Light","MugTea","[fa:Light_MugTea]","fa:Light_MugTea:#2D8CFF","Light MugTea Light MugTea"
"Light_Music","Light","fa:Light","Music","[fa:Light_Music]","fa:Light_Music:#2D8CFF","Light Music Light Music"
"Light_MusicAlt","Light","fa:Light","MusicAlt","[fa:Light_MusicAlt]","fa:Light_MusicAlt:#2D8CFF","Light MusicAlt Light MusicAlt"
"Light_MusicAltSlash","Light","fa:Light","MusicAltSlash","[fa:Light_MusicAltSlash]","fa:Light_MusicAltSlash:#2D8CFF","Light MusicAltSlash Light MusicAltSlash"
"Light_MusicSlash","Light","fa:Light","MusicSlash","[fa:Light_MusicSlash]","fa:Light_MusicSlash:#2D8CFF","Light MusicSlash Light MusicSlash"
"Light_Narwhal","Light","fa:Light","Narwhal","[fa:Light_Narwhal]","fa:Light_Narwhal:#2D8CFF","Light Narwhal Light Narwhal"
"Light_NetworkWired","Light","fa:Light","NetworkWired","[fa:Light_NetworkWired]","fa:Light_NetworkWired:#2D8CFF","Light NetworkWired Light NetworkWired"
"Light_Neuter","Light","fa:Light","Neuter","[fa:Light_Neuter]","fa:Light_Neuter:#2D8CFF","Light Neuter Light Neuter"
"Light_Newspaper","Light","fa:Light","Newspaper","[fa:Light_Newspaper]","fa:Light_Newspaper:#2D8CFF","Light Newspaper Light Newspaper"
"Light_NotEqual","Light","fa:Light","NotEqual","[fa:Light_NotEqual]","fa:Light_NotEqual:#2D8CFF","Light NotEqual Light NotEqual"
"Light_NotesMedical","Light","fa:Light","NotesMedical","[fa:Light_NotesMedical]","fa:Light_NotesMedical:#2D8CFF","Light NotesMedical Light NotesMedical"
"Light_ObjectGroup","Light","fa:Light","ObjectGroup","[fa:Light_ObjectGroup]","fa:Light_ObjectGroup:#2D8CFF","Light ObjectGroup Light ObjectGroup"
"Light_ObjectUngroup","Light","fa:Light","ObjectUngroup","[fa:Light_ObjectUngroup]","fa:Light_ObjectUngroup:#2D8CFF","Light ObjectUngroup Light ObjectUngroup"
"Light_Octagon","Light","fa:Light","Octagon","[fa:Light_Octagon]","fa:Light_Octagon:#2D8CFF","Light Octagon Light Octagon"
"Light_OilCan","Light","fa:Light","OilCan","[fa:Light_OilCan]","fa:Light_OilCan:#2D8CFF","Light OilCan Light OilCan"
"Light_OilTemp","Light","fa:Light","OilTemp","[fa:Light_OilTemp]","fa:Light_OilTemp:#2D8CFF","Light OilTemp Light OilTemp"
"Light_Om","Light","fa:Light","Om","[fa:Light_Om]","fa:Light_Om:#2D8CFF","Light Om Light Om"
"Light_Omega","Light","fa:Light","Omega","[fa:Light_Omega]","fa:Light_Omega:#2D8CFF","Light Omega Light Omega"
"Light_Ornament","Light","fa:Light","Ornament","[fa:Light_Ornament]","fa:Light_Ornament:#2D8CFF","Light Ornament Light Ornament"
"Light_Otter","Light","fa:Light","Otter","[fa:Light_Otter]","fa:Light_Otter:#2D8CFF","Light Otter Light Otter"
"Light_Outdent","Light","fa:Light","Outdent","[fa:Light_Outdent]","fa:Light_Outdent:#2D8CFF","Light Outdent Light Outdent"
"Light_Outlet","Light","fa:Light","Outlet","[fa:Light_Outlet]","fa:Light_Outlet:#2D8CFF","Light Outlet Light Outlet"
"Light_Oven","Light","fa:Light","Oven","[fa:Light_Oven]","fa:Light_Oven:#2D8CFF","Light Oven Light Oven"
"Light_Overline","Light","fa:Light","Overline","[fa:Light_Overline]","fa:Light_Overline:#2D8CFF","Light Overline Light Overline"
"Light_PageBreak","Light","fa:Light","PageBreak","[fa:Light_PageBreak]","fa:Light_PageBreak:#2D8CFF","Light PageBreak Light PageBreak"
"Light_Pager","Light","fa:Light","Pager","[fa:Light_Pager]","fa:Light_Pager:#2D8CFF","Light Pager Light Pager"
"Light_PaintBrush","Light","fa:Light","PaintBrush","[fa:Light_PaintBrush]","fa:Light_PaintBrush:#2D8CFF","Light PaintBrush Light PaintBrush"
"Light_PaintBrushAlt","Light","fa:Light","PaintBrushAlt","[fa:Light_PaintBrushAlt]","fa:Light_PaintBrushAlt:#2D8CFF","Light PaintBrushAlt Light PaintBrushAlt"
"Light_PaintRoller","Light","fa:Light","PaintRoller","[fa:Light_PaintRoller]","fa:Light_PaintRoller:#2D8CFF","Light PaintRoller Light PaintRoller"
"Light_Palette","Light","fa:Light","Palette","[fa:Light_Palette]","fa:Light_Palette:#2D8CFF","Light Palette Light Palette"
"Light_Pallet","Light","fa:Light","Pallet","[fa:Light_Pallet]","fa:Light_Pallet:#2D8CFF","Light Pallet Light Pallet"
"Light_PalletAlt","Light","fa:Light","PalletAlt","[fa:Light_PalletAlt]","fa:Light_PalletAlt:#2D8CFF","Light PalletAlt Light PalletAlt"
"Light_PaperPlane","Light","fa:Light","PaperPlane","[fa:Light_PaperPlane]","fa:Light_PaperPlane:#2D8CFF","Light PaperPlane Light PaperPlane"
"Light_Paperclip","Light","fa:Light","Paperclip","[fa:Light_Paperclip]","fa:Light_Paperclip:#2D8CFF","Light Paperclip Light Paperclip"
"Light_ParachuteBox","Light","fa:Light","ParachuteBox","[fa:Light_ParachuteBox]","fa:Light_ParachuteBox:#2D8CFF","Light ParachuteBox Light ParachuteBox"
"Light_Paragraph","Light","fa:Light","Paragraph","[fa:Light_Paragraph]","fa:Light_Paragraph:#2D8CFF","Light Paragraph Light Paragraph"
"Light_ParagraphRtl","Light","fa:Light","ParagraphRtl","[fa:Light_ParagraphRtl]","fa:Light_ParagraphRtl:#2D8CFF","Light ParagraphRtl Light ParagraphRtl"
"Light_Parking","Light","fa:Light","Parking","[fa:Light_Parking]","fa:Light_Parking:#2D8CFF","Light Parking Light Parking"
"Light_ParkingCircle","Light","fa:Light","ParkingCircle","[fa:Light_ParkingCircle]","fa:Light_ParkingCircle:#2D8CFF","Light ParkingCircle Light ParkingCircle"
"Light_ParkingCircleSlash","Light","fa:Light","ParkingCircleSlash","[fa:Light_ParkingCircleSlash]","fa:Light_ParkingCircleSlash:#2D8CFF","Light ParkingCircleSlash Light ParkingCircleSlash"
"Light_ParkingSlash","Light","fa:Light","ParkingSlash","[fa:Light_ParkingSlash]","fa:Light_ParkingSlash:#2D8CFF","Light ParkingSlash Light ParkingSlash"
"Light_Passport","Light","fa:Light","Passport","[fa:Light_Passport]","fa:Light_Passport:#2D8CFF","Light Passport Light Passport"
"Light_Pastafarianism","Light","fa:Light","Pastafarianism","[fa:Light_Pastafarianism]","fa:Light_Pastafarianism:#2D8CFF","Light Pastafarianism Light Pastafarianism"
"Light_Paste","Light","fa:Light","Paste","[fa:Light_Paste]","fa:Light_Paste:#2D8CFF","Light Paste Light Paste"
"Light_Pause","Light","fa:Light","Pause","[fa:Light_Pause]","fa:Light_Pause:#2D8CFF","Light Pause Light Pause"
"Light_PauseCircle","Light","fa:Light","PauseCircle","[fa:Light_PauseCircle]","fa:Light_PauseCircle:#2D8CFF","Light PauseCircle Light PauseCircle"
"Light_Paw","Light","fa:Light","Paw","[fa:Light_Paw]","fa:Light_Paw:#2D8CFF","Light Paw Light Paw"
"Light_PawAlt","Light","fa:Light","PawAlt","[fa:Light_PawAlt]","fa:Light_PawAlt:#2D8CFF","Light PawAlt Light PawAlt"
"Light_PawClaws","Light","fa:Light","PawClaws","[fa:Light_PawClaws]","fa:Light_PawClaws:#2D8CFF","Light PawClaws Light PawClaws"
"Light_Peace","Light","fa:Light","Peace","[fa:Light_Peace]","fa:Light_Peace:#2D8CFF","Light Peace Light Peace"
"Light_Pegasus","Light","fa:Light","Pegasus","[fa:Light_Pegasus]","fa:Light_Pegasus:#2D8CFF","Light Pegasus Light Pegasus"
"Light_Pen","Light","fa:Light","Pen","[fa:Light_Pen]","fa:Light_Pen:#2D8CFF","Light Pen Light Pen"
"Light_PenAlt","Light","fa:Light","PenAlt","[fa:Light_PenAlt]","fa:Light_PenAlt:#2D8CFF","Light PenAlt Light PenAlt"
"Light_PenFancy","Light","fa:Light","PenFancy","[fa:Light_PenFancy]","fa:Light_PenFancy:#2D8CFF","Light PenFancy Light PenFancy"
"Light_PenNib","Light","fa:Light","PenNib","[fa:Light_PenNib]","fa:Light_PenNib:#2D8CFF","Light PenNib Light PenNib"
"Light_PenSquare","Light","fa:Light","PenSquare","[fa:Light_PenSquare]","fa:Light_PenSquare:#2D8CFF","Light PenSquare Light PenSquare"
"Light_Pencil","Light","fa:Light","Pencil","[fa:Light_Pencil]","fa:Light_Pencil:#2D8CFF","Light Pencil Light Pencil"
"Light_PencilAlt","Light","fa:Light","PencilAlt","[fa:Light_PencilAlt]","fa:Light_PencilAlt:#2D8CFF","Light PencilAlt Light PencilAlt"
"Light_PencilPaintbrush","Light","fa:Light","PencilPaintbrush","[fa:Light_PencilPaintbrush]","fa:Light_PencilPaintbrush:#2D8CFF","Light PencilPaintbrush Light PencilPaintbrush"
"Light_PencilRuler","Light","fa:Light","PencilRuler","[fa:Light_PencilRuler]","fa:Light_PencilRuler:#2D8CFF","Light PencilRuler Light PencilRuler"
"Light_Pennant","Light","fa:Light","Pennant","[fa:Light_Pennant]","fa:Light_Pennant:#2D8CFF","Light Pennant Light Pennant"
"Light_PeopleArrows","Light","fa:Light","PeopleArrows","[fa:Light_PeopleArrows]","fa:Light_PeopleArrows:#2D8CFF","Light PeopleArrows Light PeopleArrows"
"Light_PeopleCarry","Light","fa:Light","PeopleCarry","[fa:Light_PeopleCarry]","fa:Light_PeopleCarry:#2D8CFF","Light PeopleCarry Light PeopleCarry"
"Light_PepperHot","Light","fa:Light","PepperHot","[fa:Light_PepperHot]","fa:Light_PepperHot:#2D8CFF","Light PepperHot Light PepperHot"
"Light_Percent","Light","fa:Light","Percent","[fa:Light_Percent]","fa:Light_Percent:#2D8CFF","Light Percent Light Percent"
"Light_Percentage","Light","fa:Light","Percentage","[fa:Light_Percentage]","fa:Light_Percentage:#2D8CFF","Light Percentage Light Percentage"
"Light_PersonBooth","Light","fa:Light","PersonBooth","[fa:Light_PersonBooth]","fa:Light_PersonBooth:#2D8CFF","Light PersonBooth Light PersonBooth"
"Light_PersonCarry","Light","fa:Light","PersonCarry","[fa:Light_PersonCarry]","fa:Light_PersonCarry:#2D8CFF","Light PersonCarry Light PersonCarry"
"Light_PersonDolly","Light","fa:Light","PersonDolly","[fa:Light_PersonDolly]","fa:Light_PersonDolly:#2D8CFF","Light PersonDolly Light PersonDolly"
"Light_PersonDollyEmpty","Light","fa:Light","PersonDollyEmpty","[fa:Light_PersonDollyEmpty]","fa:Light_PersonDollyEmpty:#2D8CFF","Light PersonDollyEmpty Light PersonDollyEmpty"
"Light_PersonSign","Light","fa:Light","PersonSign","[fa:Light_PersonSign]","fa:Light_PersonSign:#2D8CFF","Light PersonSign Light PersonSign"
"Light_Phone","Light","fa:Light","Phone","[fa:Light_Phone]","fa:Light_Phone:#2D8CFF","Light Phone Light Phone"
"Light_PhoneAlt","Light","fa:Light","PhoneAlt","[fa:Light_PhoneAlt]","fa:Light_PhoneAlt:#2D8CFF","Light PhoneAlt Light PhoneAlt"
"Light_PhoneLaptop","Light","fa:Light","PhoneLaptop","[fa:Light_PhoneLaptop]","fa:Light_PhoneLaptop:#2D8CFF","Light PhoneLaptop Light PhoneLaptop"
"Light_PhoneOffice","Light","fa:Light","PhoneOffice","[fa:Light_PhoneOffice]","fa:Light_PhoneOffice:#2D8CFF","Light PhoneOffice Light PhoneOffice"
"Light_PhonePlus","Light","fa:Light","PhonePlus","[fa:Light_PhonePlus]","fa:Light_PhonePlus:#2D8CFF","Light PhonePlus Light PhonePlus"
"Light_PhoneRotary","Light","fa:Light","PhoneRotary","[fa:Light_PhoneRotary]","fa:Light_PhoneRotary:#2D8CFF","Light PhoneRotary Light PhoneRotary"
"Light_PhoneSlash","Light","fa:Light","PhoneSlash","[fa:Light_PhoneSlash]","fa:Light_PhoneSlash:#2D8CFF","Light PhoneSlash Light PhoneSlash"
"Light_PhoneSquare","Light","fa:Light","PhoneSquare","[fa:Light_PhoneSquare]","fa:Light_PhoneSquare:#2D8CFF","Light PhoneSquare Light PhoneSquare"
"Light_PhoneSquareAlt","Light","fa:Light","PhoneSquareAlt","[fa:Light_PhoneSquareAlt]","fa:Light_PhoneSquareAlt:#2D8CFF","Light PhoneSquareAlt Light PhoneSquareAlt"
"Light_PhoneVolume","Light","fa:Light","PhoneVolume","[fa:Light_PhoneVolume]","fa:Light_PhoneVolume:#2D8CFF","Light PhoneVolume Light PhoneVolume"
"Light_PhotoVideo","Light","fa:Light","PhotoVideo","[fa:Light_PhotoVideo]","fa:Light_PhotoVideo:#2D8CFF","Light PhotoVideo Light PhotoVideo"
"Light_Pi","Light","fa:Light","Pi","[fa:Light_Pi]","fa:Light_Pi:#2D8CFF","Light Pi Light Pi"
"Light_Piano","Light","fa:Light","Piano","[fa:Light_Piano]","fa:Light_Piano:#2D8CFF","Light Piano Light Piano"
"Light_PianoKeyboard","Light","fa:Light","PianoKeyboard","[fa:Light_PianoKeyboard]","fa:Light_PianoKeyboard:#2D8CFF","Light PianoKeyboard Light PianoKeyboard"
"Light_Pie","Light","fa:Light","Pie","[fa:Light_Pie]","fa:Light_Pie:#2D8CFF","Light Pie Light Pie"
"Light_Pig","Light","fa:Light","Pig","[fa:Light_Pig]","fa:Light_Pig:#2D8CFF","Light Pig Light Pig"
"Light_PiggyBank","Light","fa:Light","PiggyBank","[fa:Light_PiggyBank]","fa:Light_PiggyBank:#2D8CFF","Light PiggyBank Light PiggyBank"
"Light_Pills","Light","fa:Light","Pills","[fa:Light_Pills]","fa:Light_Pills:#2D8CFF","Light Pills Light Pills"
"Light_Pizza","Light","fa:Light","Pizza","[fa:Light_Pizza]","fa:Light_Pizza:#2D8CFF","Light Pizza Light Pizza"
"Light_PizzaSlice","Light","fa:Light","PizzaSlice","[fa:Light_PizzaSlice]","fa:Light_PizzaSlice:#2D8CFF","Light PizzaSlice Light PizzaSlice"
"Light_PlaceOfWorship","Light","fa:Light","PlaceOfWorship","[fa:Light_PlaceOfWorship]","fa:Light_PlaceOfWorship:#2D8CFF","Light PlaceOfWorship Light PlaceOfWorship"
"Light_Plane","Light","fa:Light","Plane","[fa:Light_Plane]","fa:Light_Plane:#2D8CFF","Light Plane Light Plane"
"Light_PlaneAlt","Light","fa:Light","PlaneAlt","[fa:Light_PlaneAlt]","fa:Light_PlaneAlt:#2D8CFF","Light PlaneAlt Light PlaneAlt"
"Light_PlaneArrival","Light","fa:Light","PlaneArrival","[fa:Light_PlaneArrival]","fa:Light_PlaneArrival:#2D8CFF","Light PlaneArrival Light PlaneArrival"
"Light_PlaneDeparture","Light","fa:Light","PlaneDeparture","[fa:Light_PlaneDeparture]","fa:Light_PlaneDeparture:#2D8CFF","Light PlaneDeparture Light PlaneDeparture"
"Light_PlaneSlash","Light","fa:Light","PlaneSlash","[fa:Light_PlaneSlash]","fa:Light_PlaneSlash:#2D8CFF","Light PlaneSlash Light PlaneSlash"
"Light_PlanetMoon","Light","fa:Light","PlanetMoon","[fa:Light_PlanetMoon]","fa:Light_PlanetMoon:#2D8CFF","Light PlanetMoon Light PlanetMoon"
"Light_PlanetRinged","Light","fa:Light","PlanetRinged","[fa:Light_PlanetRinged]","fa:Light_PlanetRinged:#2D8CFF","Light PlanetRinged Light PlanetRinged"
"Light_Play","Light","fa:Light","Play","[fa:Light_Play]","fa:Light_Play:#2D8CFF","Light Play Light Play"
"Light_PlayCircle","Light","fa:Light","PlayCircle","[fa:Light_PlayCircle]","fa:Light_PlayCircle:#2D8CFF","Light PlayCircle Light PlayCircle"
"Light_Plug","Light","fa:Light","Plug","[fa:Light_Plug]","fa:Light_Plug:#2D8CFF","Light Plug Light Plug"
"Light_Plus","Light","fa:Light","Plus","[fa:Light_Plus]","fa:Light_Plus:#2D8CFF","Light Plus Light Plus"
"Light_PlusCircle","Light","fa:Light","PlusCircle","[fa:Light_PlusCircle]","fa:Light_PlusCircle:#2D8CFF","Light PlusCircle Light PlusCircle"
"Light_PlusHexagon","Light","fa:Light","PlusHexagon","[fa:Light_PlusHexagon]","fa:Light_PlusHexagon:#2D8CFF","Light PlusHexagon Light PlusHexagon"
"Light_PlusOctagon","Light","fa:Light","PlusOctagon","[fa:Light_PlusOctagon]","fa:Light_PlusOctagon:#2D8CFF","Light PlusOctagon Light PlusOctagon"
"Light_PlusSquare","Light","fa:Light","PlusSquare","[fa:Light_PlusSquare]","fa:Light_PlusSquare:#2D8CFF","Light PlusSquare Light PlusSquare"
"Light_Podcast","Light","fa:Light","Podcast","[fa:Light_Podcast]","fa:Light_Podcast:#2D8CFF","Light Podcast Light Podcast"
"Light_Podium","Light","fa:Light","Podium","[fa:Light_Podium]","fa:Light_Podium:#2D8CFF","Light Podium Light Podium"
"Light_PodiumStar","Light","fa:Light","PodiumStar","[fa:Light_PodiumStar]","fa:Light_PodiumStar:#2D8CFF","Light PodiumStar Light PodiumStar"
"Light_PoliceBox","Light","fa:Light","PoliceBox","[fa:Light_PoliceBox]","fa:Light_PoliceBox:#2D8CFF","Light PoliceBox Light PoliceBox"
"Light_Poll","Light","fa:Light","Poll","[fa:Light_Poll]","fa:Light_Poll:#2D8CFF","Light Poll Light Poll"
"Light_PollH","Light","fa:Light","PollH","[fa:Light_PollH]","fa:Light_PollH:#2D8CFF","Light PollH Light PollH"
"Light_PollPeople","Light","fa:Light","PollPeople","[fa:Light_PollPeople]","fa:Light_PollPeople:#2D8CFF","Light PollPeople Light PollPeople"
"Light_Poo","Light","fa:Light","Poo","[fa:Light_Poo]","fa:Light_Poo:#2D8CFF","Light Poo Light Poo"
"Light_PooStorm","Light","fa:Light","PooStorm","[fa:Light_PooStorm]","fa:Light_PooStorm:#2D8CFF","Light PooStorm Light PooStorm"
"Light_Poop","Light","fa:Light","Poop","[fa:Light_Poop]","fa:Light_Poop:#2D8CFF","Light Poop Light Poop"
"Light_Popcorn","Light","fa:Light","Popcorn","[fa:Light_Popcorn]","fa:Light_Popcorn:#2D8CFF","Light Popcorn Light Popcorn"
"Light_PortalEnter","Light","fa:Light","PortalEnter","[fa:Light_PortalEnter]","fa:Light_PortalEnter:#2D8CFF","Light PortalEnter Light PortalEnter"
"Light_PortalExit","Light","fa:Light","PortalExit","[fa:Light_PortalExit]","fa:Light_PortalExit:#2D8CFF","Light PortalExit Light PortalExit"
"Light_Portrait","Light","fa:Light","Portrait","[fa:Light_Portrait]","fa:Light_Portrait:#2D8CFF","Light Portrait Light Portrait"
"Light_PoundSign","Light","fa:Light","PoundSign","[fa:Light_PoundSign]","fa:Light_PoundSign:#2D8CFF","Light PoundSign Light PoundSign"
"Light_PowerOff","Light","fa:Light","PowerOff","[fa:Light_PowerOff]","fa:Light_PowerOff:#2D8CFF","Light PowerOff Light PowerOff"
"Light_Pray","Light","fa:Light","Pray","[fa:Light_Pray]","fa:Light_Pray:#2D8CFF","Light Pray Light Pray"
"Light_PrayingHands","Light","fa:Light","PrayingHands","[fa:Light_PrayingHands]","fa:Light_PrayingHands:#2D8CFF","Light PrayingHands Light PrayingHands"
"Light_Prescription","Light","fa:Light","Prescription","[fa:Light_Prescription]","fa:Light_Prescription:#2D8CFF","Light Prescription Light Prescription"
"Light_PrescriptionBottle","Light","fa:Light","PrescriptionBottle","[fa:Light_PrescriptionBottle]","fa:Light_PrescriptionBottle:#2D8CFF","Light PrescriptionBottle Light PrescriptionBottle"
"Light_PrescriptionBottleAlt","Light","fa:Light","PrescriptionBottleAlt","[fa:Light_PrescriptionBottleAlt]","fa:Light_PrescriptionBottleAlt:#2D8CFF","Light PrescriptionBottleAlt Light PrescriptionBottleAlt"
"Light_Presentation","Light","fa:Light","Presentation","[fa:Light_Presentation]","fa:Light_Presentation:#2D8CFF","Light Presentation Light Presentation"
"Light_Print","Light","fa:Light","Print","[fa:Light_Print]","fa:Light_Print:#2D8CFF","Light Print Light Print"
"Light_PrintSearch","Light","fa:Light","PrintSearch","[fa:Light_PrintSearch]","fa:Light_PrintSearch:#2D8CFF","Light PrintSearch Light PrintSearch"
"Light_PrintSlash","Light","fa:Light","PrintSlash","[fa:Light_PrintSlash]","fa:Light_PrintSlash:#2D8CFF","Light PrintSlash Light PrintSlash"
"Light_Procedures","Light","fa:Light","Procedures","[fa:Light_Procedures]","fa:Light_Procedures:#2D8CFF","Light Procedures Light Procedures"
"Light_ProjectDiagram","Light","fa:Light","ProjectDiagram","[fa:Light_ProjectDiagram]","fa:Light_ProjectDiagram:#2D8CFF","Light ProjectDiagram Light ProjectDiagram"
"Light_Projector","Light","fa:Light","Projector","[fa:Light_Projector]","fa:Light_Projector:#2D8CFF","Light Projector Light Projector"
"Light_PumpMedical","Light","fa:Light","PumpMedical","[fa:Light_PumpMedical]","fa:Light_PumpMedical:#2D8CFF","Light PumpMedical Light PumpMedical"
"Light_PumpSoap","Light","fa:Light","PumpSoap","[fa:Light_PumpSoap]","fa:Light_PumpSoap:#2D8CFF","Light PumpSoap Light PumpSoap"
"Light_Pumpkin","Light","fa:Light","Pumpkin","[fa:Light_Pumpkin]","fa:Light_Pumpkin:#2D8CFF","Light Pumpkin Light Pumpkin"
"Light_PuzzlePiece","Light","fa:Light","PuzzlePiece","[fa:Light_PuzzlePiece]","fa:Light_PuzzlePiece:#2D8CFF","Light PuzzlePiece Light PuzzlePiece"
"Light_Qrcode","Light","fa:Light","Qrcode","[fa:Light_Qrcode]","fa:Light_Qrcode:#2D8CFF","Light Qrcode Light Qrcode"
"Light_Question","Light","fa:Light","Question","[fa:Light_Question]","fa:Light_Question:#2D8CFF","Light Question Light Question"
"Light_QuestionCircle","Light","fa:Light","QuestionCircle","[fa:Light_QuestionCircle]","fa:Light_QuestionCircle:#2D8CFF","Light QuestionCircle Light QuestionCircle"
"Light_QuestionSquare","Light","fa:Light","QuestionSquare","[fa:Light_QuestionSquare]","fa:Light_QuestionSquare:#2D8CFF","Light QuestionSquare Light QuestionSquare"
"Light_Quidditch","Light","fa:Light","Quidditch","[fa:Light_Quidditch]","fa:Light_Quidditch:#2D8CFF","Light Quidditch Light Quidditch"
"Light_QuoteLeft","Light","fa:Light","QuoteLeft","[fa:Light_QuoteLeft]","fa:Light_QuoteLeft:#2D8CFF","Light QuoteLeft Light QuoteLeft"
"Light_QuoteRight","Light","fa:Light","QuoteRight","[fa:Light_QuoteRight]","fa:Light_QuoteRight:#2D8CFF","Light QuoteRight Light QuoteRight"
"Light_Quran","Light","fa:Light","Quran","[fa:Light_Quran]","fa:Light_Quran:#2D8CFF","Light Quran Light Quran"
"Light_Rabbit","Light","fa:Light","Rabbit","[fa:Light_Rabbit]","fa:Light_Rabbit:#2D8CFF","Light Rabbit Light Rabbit"
"Light_RabbitFast","Light","fa:Light","RabbitFast","[fa:Light_RabbitFast]","fa:Light_RabbitFast:#2D8CFF","Light RabbitFast Light RabbitFast"
"Light_Racquet","Light","fa:Light","Racquet","[fa:Light_Racquet]","fa:Light_Racquet:#2D8CFF","Light Racquet Light Racquet"
"Light_Radar","Light","fa:Light","Radar","[fa:Light_Radar]","fa:Light_Radar:#2D8CFF","Light Radar Light Radar"
"Light_Radiation","Light","fa:Light","Radiation","[fa:Light_Radiation]","fa:Light_Radiation:#2D8CFF","Light Radiation Light Radiation"
"Light_RadiationAlt","Light","fa:Light","RadiationAlt","[fa:Light_RadiationAlt]","fa:Light_RadiationAlt:#2D8CFF","Light RadiationAlt Light RadiationAlt"
"Light_Radio","Light","fa:Light","Radio","[fa:Light_Radio]","fa:Light_Radio:#2D8CFF","Light Radio Light Radio"
"Light_RadioAlt","Light","fa:Light","RadioAlt","[fa:Light_RadioAlt]","fa:Light_RadioAlt:#2D8CFF","Light RadioAlt Light RadioAlt"
"Light_Rainbow","Light","fa:Light","Rainbow","[fa:Light_Rainbow]","fa:Light_Rainbow:#2D8CFF","Light Rainbow Light Rainbow"
"Light_Raindrops","Light","fa:Light","Raindrops","[fa:Light_Raindrops]","fa:Light_Raindrops:#2D8CFF","Light Raindrops Light Raindrops"
"Light_Ram","Light","fa:Light","Ram","[fa:Light_Ram]","fa:Light_Ram:#2D8CFF","Light Ram Light Ram"
"Light_RampLoading","Light","fa:Light","RampLoading","[fa:Light_RampLoading]","fa:Light_RampLoading:#2D8CFF","Light RampLoading Light RampLoading"
"Light_Random","Light","fa:Light","Random","[fa:Light_Random]","fa:Light_Random:#2D8CFF","Light Random Light Random"
"Light_Raygun","Light","fa:Light","Raygun","[fa:Light_Raygun]","fa:Light_Raygun:#2D8CFF","Light Raygun Light Raygun"
"Light_Receipt","Light","fa:Light","Receipt","[fa:Light_Receipt]","fa:Light_Receipt:#2D8CFF","Light Receipt Light Receipt"
"Light_RecordVinyl","Light","fa:Light","RecordVinyl","[fa:Light_RecordVinyl]","fa:Light_RecordVinyl:#2D8CFF","Light RecordVinyl Light RecordVinyl"
"Light_RectangleLandscape","Light","fa:Light","RectangleLandscape","[fa:Light_RectangleLandscape]","fa:Light_RectangleLandscape:#2D8CFF","Light RectangleLandscape Light RectangleLandscape"
"Light_RectanglePortrait","Light","fa:Light","RectanglePortrait","[fa:Light_RectanglePortrait]","fa:Light_RectanglePortrait:#2D8CFF","Light RectanglePortrait Light RectanglePortrait"
"Light_RectangleWide","Light","fa:Light","RectangleWide","[fa:Light_RectangleWide]","fa:Light_RectangleWide:#2D8CFF","Light RectangleWide Light RectangleWide"
"Light_Recycle","Light","fa:Light","Recycle","[fa:Light_Recycle]","fa:Light_Recycle:#2D8CFF","Light Recycle Light Recycle"
"Light_Redo","Light","fa:Light","Redo","[fa:Light_Redo]","fa:Light_Redo:#2D8CFF","Light Redo Light Redo"
"Light_RedoAlt","Light","fa:Light","RedoAlt","[fa:Light_RedoAlt]","fa:Light_RedoAlt:#2D8CFF","Light RedoAlt Light RedoAlt"
"Light_Refrigerator","Light","fa:Light","Refrigerator","[fa:Light_Refrigerator]","fa:Light_Refrigerator:#2D8CFF","Light Refrigerator Light Refrigerator"
"Light_Registered","Light","fa:Light","Registered","[fa:Light_Registered]","fa:Light_Registered:#2D8CFF","Light Registered Light Registered"
"Light_RemoveFormat","Light","fa:Light","RemoveFormat","[fa:Light_RemoveFormat]","fa:Light_RemoveFormat:#2D8CFF","Light RemoveFormat Light RemoveFormat"
"Light_Repeat","Light","fa:Light","Repeat","[fa:Light_Repeat]","fa:Light_Repeat:#2D8CFF","Light Repeat Light Repeat"
"Light_Repeat1","Light","fa:Light","Repeat1","[fa:Light_Repeat1]","fa:Light_Repeat1:#2D8CFF","Light Repeat1 Light Repeat1"
"Light_Repeat1Alt","Light","fa:Light","Repeat1Alt","[fa:Light_Repeat1Alt]","fa:Light_Repeat1Alt:#2D8CFF","Light Repeat1Alt Light Repeat1Alt"
"Light_RepeatAlt","Light","fa:Light","RepeatAlt","[fa:Light_RepeatAlt]","fa:Light_RepeatAlt:#2D8CFF","Light RepeatAlt Light RepeatAlt"
"Light_Reply","Light","fa:Light","Reply","[fa:Light_Reply]","fa:Light_Reply:#2D8CFF","Light Reply Light Reply"
"Light_ReplyAll","Light","fa:Light","ReplyAll","[fa:Light_ReplyAll]","fa:Light_ReplyAll:#2D8CFF","Light ReplyAll Light ReplyAll"
"Light_Republican","Light","fa:Light","Republican","[fa:Light_Republican]","fa:Light_Republican:#2D8CFF","Light Republican Light Republican"
"Light_Restroom","Light","fa:Light","Restroom","[fa:Light_Restroom]","fa:Light_Restroom:#2D8CFF","Light Restroom Light Restroom"
"Light_Retweet","Light","fa:Light","Retweet","[fa:Light_Retweet]","fa:Light_Retweet:#2D8CFF","Light Retweet Light Retweet"
"Light_RetweetAlt","Light","fa:Light","RetweetAlt","[fa:Light_RetweetAlt]","fa:Light_RetweetAlt:#2D8CFF","Light RetweetAlt Light RetweetAlt"
"Light_Ribbon","Light","fa:Light","Ribbon","[fa:Light_Ribbon]","fa:Light_Ribbon:#2D8CFF","Light Ribbon Light Ribbon"
"Light_Ring","Light","fa:Light","Ring","[fa:Light_Ring]","fa:Light_Ring:#2D8CFF","Light Ring Light Ring"
"Light_RingsWedding","Light","fa:Light","RingsWedding","[fa:Light_RingsWedding]","fa:Light_RingsWedding:#2D8CFF","Light RingsWedding Light RingsWedding"
"Light_Road","Light","fa:Light","Road","[fa:Light_Road]","fa:Light_Road:#2D8CFF","Light Road Light Road"
"Light_Robot","Light","fa:Light","Robot","[fa:Light_Robot]","fa:Light_Robot:#2D8CFF","Light Robot Light Robot"
"Light_Rocket","Light","fa:Light","Rocket","[fa:Light_Rocket]","fa:Light_Rocket:#2D8CFF","Light Rocket Light Rocket"
"Light_RocketLaunch","Light","fa:Light","RocketLaunch","[fa:Light_RocketLaunch]","fa:Light_RocketLaunch:#2D8CFF","Light RocketLaunch Light RocketLaunch"
"Light_Route","Light","fa:Light","Route","[fa:Light_Route]","fa:Light_Route:#2D8CFF","Light Route Light Route"
"Light_RouteHighway","Light","fa:Light","RouteHighway","[fa:Light_RouteHighway]","fa:Light_RouteHighway:#2D8CFF","Light RouteHighway Light RouteHighway"
"Light_RouteInterstate","Light","fa:Light","RouteInterstate","[fa:Light_RouteInterstate]","fa:Light_RouteInterstate:#2D8CFF","Light RouteInterstate Light RouteInterstate"
"Light_Router","Light","fa:Light","Router","[fa:Light_Router]","fa:Light_Router:#2D8CFF","Light Router Light Router"
"Light_Rss","Light","fa:Light","Rss","[fa:Light_Rss]","fa:Light_Rss:#2D8CFF","Light Rss Light Rss"
"Light_RssSquare","Light","fa:Light","RssSquare","[fa:Light_RssSquare]","fa:Light_RssSquare:#2D8CFF","Light RssSquare Light RssSquare"
"Light_RubleSign","Light","fa:Light","RubleSign","[fa:Light_RubleSign]","fa:Light_RubleSign:#2D8CFF","Light RubleSign Light RubleSign"
"Light_Ruler","Light","fa:Light","Ruler","[fa:Light_Ruler]","fa:Light_Ruler:#2D8CFF","Light Ruler Light Ruler"
"Light_RulerCombined","Light","fa:Light","RulerCombined","[fa:Light_RulerCombined]","fa:Light_RulerCombined:#2D8CFF","Light RulerCombined Light RulerCombined"
"Light_RulerHorizontal","Light","fa:Light","RulerHorizontal","[fa:Light_RulerHorizontal]","fa:Light_RulerHorizontal:#2D8CFF","Light RulerHorizontal Light RulerHorizontal"
"Light_RulerTriangle","Light","fa:Light","RulerTriangle","[fa:Light_RulerTriangle]","fa:Light_RulerTriangle:#2D8CFF","Light RulerTriangle Light RulerTriangle"
"Light_RulerVertical","Light","fa:Light","RulerVertical","[fa:Light_RulerVertical]","fa:Light_RulerVertical:#2D8CFF","Light RulerVertical Light RulerVertical"
"Light_Running","Light","fa:Light","Running","[fa:Light_Running]","fa:Light_Running:#2D8CFF","Light Running Light Running"
"Light_RupeeSign","Light","fa:Light","RupeeSign","[fa:Light_RupeeSign]","fa:Light_RupeeSign:#2D8CFF","Light RupeeSign Light RupeeSign"
"Light_Rv","Light","fa:Light","Rv","[fa:Light_Rv]","fa:Light_Rv:#2D8CFF","Light Rv Light Rv"
"Light_Sack","Light","fa:Light","Sack","[fa:Light_Sack]","fa:Light_Sack:#2D8CFF","Light Sack Light Sack"
"Light_SackDollar","Light","fa:Light","SackDollar","[fa:Light_SackDollar]","fa:Light_SackDollar:#2D8CFF","Light SackDollar Light SackDollar"
"Light_SadCry","Light","fa:Light","SadCry","[fa:Light_SadCry]","fa:Light_SadCry:#2D8CFF","Light SadCry Light SadCry"
"Light_SadTear","Light","fa:Light","SadTear","[fa:Light_SadTear]","fa:Light_SadTear:#2D8CFF","Light SadTear Light SadTear"
"Light_Salad","Light","fa:Light","Salad","[fa:Light_Salad]","fa:Light_Salad:#2D8CFF","Light Salad Light Salad"
"Light_Sandwich","Light","fa:Light","Sandwich","[fa:Light_Sandwich]","fa:Light_Sandwich:#2D8CFF","Light Sandwich Light Sandwich"
"Light_Satellite","Light","fa:Light","Satellite","[fa:Light_Satellite]","fa:Light_Satellite:#2D8CFF","Light Satellite Light Satellite"
"Light_SatelliteDish","Light","fa:Light","SatelliteDish","[fa:Light_SatelliteDish]","fa:Light_SatelliteDish:#2D8CFF","Light SatelliteDish Light SatelliteDish"
"Light_Sausage","Light","fa:Light","Sausage","[fa:Light_Sausage]","fa:Light_Sausage:#2D8CFF","Light Sausage Light Sausage"
"Light_Save","Light","fa:Light","Save","[fa:Light_Save]","fa:Light_Save:#2D8CFF","Light Save Light Save"
"Light_SaxHot","Light","fa:Light","SaxHot","[fa:Light_SaxHot]","fa:Light_SaxHot:#2D8CFF","Light SaxHot Light SaxHot"
"Light_Saxophone","Light","fa:Light","Saxophone","[fa:Light_Saxophone]","fa:Light_Saxophone:#2D8CFF","Light Saxophone Light Saxophone"
"Light_Scalpel","Light","fa:Light","Scalpel","[fa:Light_Scalpel]","fa:Light_Scalpel:#2D8CFF","Light Scalpel Light Scalpel"
"Light_ScalpelPath","Light","fa:Light","ScalpelPath","[fa:Light_ScalpelPath]","fa:Light_ScalpelPath:#2D8CFF","Light ScalpelPath Light ScalpelPath"
"Light_Scanner","Light","fa:Light","Scanner","[fa:Light_Scanner]","fa:Light_Scanner:#2D8CFF","Light Scanner Light Scanner"
"Light_ScannerImage","Light","fa:Light","ScannerImage","[fa:Light_ScannerImage]","fa:Light_ScannerImage:#2D8CFF","Light ScannerImage Light ScannerImage"
"Light_ScannerKeyboard","Light","fa:Light","ScannerKeyboard","[fa:Light_ScannerKeyboard]","fa:Light_ScannerKeyboard:#2D8CFF","Light ScannerKeyboard Light ScannerKeyboard"
"Light_ScannerTouchscreen","Light","fa:Light","ScannerTouchscreen","[fa:Light_ScannerTouchscreen]","fa:Light_ScannerTouchscreen:#2D8CFF","Light ScannerTouchscreen Light ScannerTouchscreen"
"Light_Scarecrow","Light","fa:Light","Scarecrow","[fa:Light_Scarecrow]","fa:Light_Scarecrow:#2D8CFF","Light Scarecrow Light Scarecrow"
"Light_Scarf","Light","fa:Light","Scarf","[fa:Light_Scarf]","fa:Light_Scarf:#2D8CFF","Light Scarf Light Scarf"
"Light_School","Light","fa:Light","School","[fa:Light_School]","fa:Light_School:#2D8CFF","Light School Light School"
"Light_Screwdriver","Light","fa:Light","Screwdriver","[fa:Light_Screwdriver]","fa:Light_Screwdriver:#2D8CFF","Light Screwdriver Light Screwdriver"
"Light_Scroll","Light","fa:Light","Scroll","[fa:Light_Scroll]","fa:Light_Scroll:#2D8CFF","Light Scroll Light Scroll"
"Light_ScrollOld","Light","fa:Light","ScrollOld","[fa:Light_ScrollOld]","fa:Light_ScrollOld:#2D8CFF","Light ScrollOld Light ScrollOld"
"Light_Scrubber","Light","fa:Light","Scrubber","[fa:Light_Scrubber]","fa:Light_Scrubber:#2D8CFF","Light Scrubber Light Scrubber"
"Light_Scythe","Light","fa:Light","Scythe","[fa:Light_Scythe]","fa:Light_Scythe:#2D8CFF","Light Scythe Light Scythe"
"Light_SdCard","Light","fa:Light","SdCard","[fa:Light_SdCard]","fa:Light_SdCard:#2D8CFF","Light SdCard Light SdCard"
"Light_Search","Light","fa:Light","Search","[fa:Light_Search]","fa:Light_Search:#2D8CFF","Light Search Light Search"
"Light_SearchDollar","Light","fa:Light","SearchDollar","[fa:Light_SearchDollar]","fa:Light_SearchDollar:#2D8CFF","Light SearchDollar Light SearchDollar"
"Light_SearchLocation","Light","fa:Light","SearchLocation","[fa:Light_SearchLocation]","fa:Light_SearchLocation:#2D8CFF","Light SearchLocation Light SearchLocation"
"Light_SearchMinus","Light","fa:Light","SearchMinus","[fa:Light_SearchMinus]","fa:Light_SearchMinus:#2D8CFF","Light SearchMinus Light SearchMinus"
"Light_SearchPlus","Light","fa:Light","SearchPlus","[fa:Light_SearchPlus]","fa:Light_SearchPlus:#2D8CFF","Light SearchPlus Light SearchPlus"
"Light_Seedling","Light","fa:Light","Seedling","[fa:Light_Seedling]","fa:Light_Seedling:#2D8CFF","Light Seedling Light Seedling"
"Light_SendBack","Light","fa:Light","SendBack","[fa:Light_SendBack]","fa:Light_SendBack:#2D8CFF","Light SendBack Light SendBack"
"Light_SendBackward","Light","fa:Light","SendBackward","[fa:Light_SendBackward]","fa:Light_SendBackward:#2D8CFF","Light SendBackward Light SendBackward"
"Light_Sensor","Light","fa:Light","Sensor","[fa:Light_Sensor]","fa:Light_Sensor:#2D8CFF","Light Sensor Light Sensor"
"Light_SensorAlert","Light","fa:Light","SensorAlert","[fa:Light_SensorAlert]","fa:Light_SensorAlert:#2D8CFF","Light SensorAlert Light SensorAlert"
"Light_SensorFire","Light","fa:Light","SensorFire","[fa:Light_SensorFire]","fa:Light_SensorFire:#2D8CFF","Light SensorFire Light SensorFire"
"Light_SensorOn","Light","fa:Light","SensorOn","[fa:Light_SensorOn]","fa:Light_SensorOn:#2D8CFF","Light SensorOn Light SensorOn"
"Light_SensorSmoke","Light","fa:Light","SensorSmoke","[fa:Light_SensorSmoke]","fa:Light_SensorSmoke:#2D8CFF","Light SensorSmoke Light SensorSmoke"
"Light_Server","Light","fa:Light","Server","[fa:Light_Server]","fa:Light_Server:#2D8CFF","Light Server Light Server"
"Light_Shapes","Light","fa:Light","Shapes","[fa:Light_Shapes]","fa:Light_Shapes:#2D8CFF","Light Shapes Light Shapes"
"Light_Share","Light","fa:Light","Share","[fa:Light_Share]","fa:Light_Share:#2D8CFF","Light Share Light Share"
"Light_ShareAll","Light","fa:Light","ShareAll","[fa:Light_ShareAll]","fa:Light_ShareAll:#2D8CFF","Light ShareAll Light ShareAll"
"Light_ShareAlt","Light","fa:Light","ShareAlt","[fa:Light_ShareAlt]","fa:Light_ShareAlt:#2D8CFF","Light ShareAlt Light ShareAlt"
"Light_ShareAltSquare","Light","fa:Light","ShareAltSquare","[fa:Light_ShareAltSquare]","fa:Light_ShareAltSquare:#2D8CFF","Light ShareAltSquare Light ShareAltSquare"
"Light_ShareSquare","Light","fa:Light","ShareSquare","[fa:Light_ShareSquare]","fa:Light_ShareSquare:#2D8CFF","Light ShareSquare Light ShareSquare"
"Light_Sheep","Light","fa:Light","Sheep","[fa:Light_Sheep]","fa:Light_Sheep:#2D8CFF","Light Sheep Light Sheep"
"Light_ShekelSign","Light","fa:Light","ShekelSign","[fa:Light_ShekelSign]","fa:Light_ShekelSign:#2D8CFF","Light ShekelSign Light ShekelSign"
"Light_Shield","Light","fa:Light","Shield","[fa:Light_Shield]","fa:Light_Shield:#2D8CFF","Light Shield Light Shield"
"Light_ShieldAlt","Light","fa:Light","ShieldAlt","[fa:Light_ShieldAlt]","fa:Light_ShieldAlt:#2D8CFF","Light ShieldAlt Light ShieldAlt"
"Light_ShieldCheck","Light","fa:Light","ShieldCheck","[fa:Light_ShieldCheck]","fa:Light_ShieldCheck:#2D8CFF","Light ShieldCheck Light ShieldCheck"
"Light_ShieldCross","Light","fa:Light","ShieldCross","[fa:Light_ShieldCross]","fa:Light_ShieldCross:#2D8CFF","Light ShieldCross Light ShieldCross"
"Light_ShieldVirus","Light","fa:Light","ShieldVirus","[fa:Light_ShieldVirus]","fa:Light_ShieldVirus:#2D8CFF","Light ShieldVirus Light ShieldVirus"
"Light_Ship","Light","fa:Light","Ship","[fa:Light_Ship]","fa:Light_Ship:#2D8CFF","Light Ship Light Ship"
"Light_ShippingFast","Light","fa:Light","ShippingFast","[fa:Light_ShippingFast]","fa:Light_ShippingFast:#2D8CFF","Light ShippingFast Light ShippingFast"
"Light_ShippingTimed","Light","fa:Light","ShippingTimed","[fa:Light_ShippingTimed]","fa:Light_ShippingTimed:#2D8CFF","Light ShippingTimed Light ShippingTimed"
"Light_ShishKebab","Light","fa:Light","ShishKebab","[fa:Light_ShishKebab]","fa:Light_ShishKebab:#2D8CFF","Light ShishKebab Light ShishKebab"
"Light_ShoePrints","Light","fa:Light","ShoePrints","[fa:Light_ShoePrints]","fa:Light_ShoePrints:#2D8CFF","Light ShoePrints Light ShoePrints"
"Light_ShoppingBag","Light","fa:Light","ShoppingBag","[fa:Light_ShoppingBag]","fa:Light_ShoppingBag:#2D8CFF","Light ShoppingBag Light ShoppingBag"
"Light_ShoppingBasket","Light","fa:Light","ShoppingBasket","[fa:Light_ShoppingBasket]","fa:Light_ShoppingBasket:#2D8CFF","Light ShoppingBasket Light ShoppingBasket"
"Light_ShoppingCart","Light","fa:Light","ShoppingCart","[fa:Light_ShoppingCart]","fa:Light_ShoppingCart:#2D8CFF","Light ShoppingCart Light ShoppingCart"
"Light_Shovel","Light","fa:Light","Shovel","[fa:Light_Shovel]","fa:Light_Shovel:#2D8CFF","Light Shovel Light Shovel"
"Light_ShovelSnow","Light","fa:Light","ShovelSnow","[fa:Light_ShovelSnow]","fa:Light_ShovelSnow:#2D8CFF","Light ShovelSnow Light ShovelSnow"
"Light_Shower","Light","fa:Light","Shower","[fa:Light_Shower]","fa:Light_Shower:#2D8CFF","Light Shower Light Shower"
"Light_Shredder","Light","fa:Light","Shredder","[fa:Light_Shredder]","fa:Light_Shredder:#2D8CFF","Light Shredder Light Shredder"
"Light_ShuttleVan","Light","fa:Light","ShuttleVan","[fa:Light_ShuttleVan]","fa:Light_ShuttleVan:#2D8CFF","Light ShuttleVan Light ShuttleVan"
"Light_Shuttlecock","Light","fa:Light","Shuttlecock","[fa:Light_Shuttlecock]","fa:Light_Shuttlecock:#2D8CFF","Light Shuttlecock Light Shuttlecock"
"Light_Sickle","Light","fa:Light","Sickle","[fa:Light_Sickle]","fa:Light_Sickle:#2D8CFF","Light Sickle Light Sickle"
"Light_Sigma","Light","fa:Light","Sigma","[fa:Light_Sigma]","fa:Light_Sigma:#2D8CFF","Light Sigma Light Sigma"
"Light_Sign","Light","fa:Light","Sign","[fa:Light_Sign]","fa:Light_Sign:#2D8CFF","Light Sign Light Sign"
"Light_SignIn","Light","fa:Light","SignIn","[fa:Light_SignIn]","fa:Light_SignIn:#2D8CFF","Light SignIn Light SignIn"
"Light_SignInAlt","Light","fa:Light","SignInAlt","[fa:Light_SignInAlt]","fa:Light_SignInAlt:#2D8CFF","Light SignInAlt Light SignInAlt"
"Light_SignLanguage","Light","fa:Light","SignLanguage","[fa:Light_SignLanguage]","fa:Light_SignLanguage:#2D8CFF","Light SignLanguage Light SignLanguage"
"Light_SignOut","Light","fa:Light","SignOut","[fa:Light_SignOut]","fa:Light_SignOut:#2D8CFF","Light SignOut Light SignOut"
"Light_SignOutAlt","Light","fa:Light","SignOutAlt","[fa:Light_SignOutAlt]","fa:Light_SignOutAlt:#2D8CFF","Light SignOutAlt Light SignOutAlt"
"Light_Signal","Light","fa:Light","Signal","[fa:Light_Signal]","fa:Light_Signal:#2D8CFF","Light Signal Light Signal"
"Light_Signal1","Light","fa:Light","Signal1","[fa:Light_Signal1]","fa:Light_Signal1:#2D8CFF","Light Signal1 Light Signal1"
"Light_Signal2","Light","fa:Light","Signal2","[fa:Light_Signal2]","fa:Light_Signal2:#2D8CFF","Light Signal2 Light Signal2"
"Light_Signal3","Light","fa:Light","Signal3","[fa:Light_Signal3]","fa:Light_Signal3:#2D8CFF","Light Signal3 Light Signal3"
"Light_Signal4","Light","fa:Light","Signal4","[fa:Light_Signal4]","fa:Light_Signal4:#2D8CFF","Light Signal4 Light Signal4"
"Light_SignalAlt","Light","fa:Light","SignalAlt","[fa:Light_SignalAlt]","fa:Light_SignalAlt:#2D8CFF","Light SignalAlt Light SignalAlt"
"Light_SignalAlt1","Light","fa:Light","SignalAlt1","[fa:Light_SignalAlt1]","fa:Light_SignalAlt1:#2D8CFF","Light SignalAlt1 Light SignalAlt1"
"Light_SignalAlt2","Light","fa:Light","SignalAlt2","[fa:Light_SignalAlt2]","fa:Light_SignalAlt2:#2D8CFF","Light SignalAlt2 Light SignalAlt2"
"Light_SignalAlt3","Light","fa:Light","SignalAlt3","[fa:Light_SignalAlt3]","fa:Light_SignalAlt3:#2D8CFF","Light SignalAlt3 Light SignalAlt3"
"Light_SignalAltSlash","Light","fa:Light","SignalAltSlash","[fa:Light_SignalAltSlash]","fa:Light_SignalAltSlash:#2D8CFF","Light SignalAltSlash Light SignalAltSlash"
"Light_SignalSlash","Light","fa:Light","SignalSlash","[fa:Light_SignalSlash]","fa:Light_SignalSlash:#2D8CFF","Light SignalSlash Light SignalSlash"
"Light_SignalStream","Light","fa:Light","SignalStream","[fa:Light_SignalStream]","fa:Light_SignalStream:#2D8CFF","Light SignalStream Light SignalStream"
"Light_Signature","Light","fa:Light","Signature","[fa:Light_Signature]","fa:Light_Signature:#2D8CFF","Light Signature Light Signature"
"Light_SimCard","Light","fa:Light","SimCard","[fa:Light_SimCard]","fa:Light_SimCard:#2D8CFF","Light SimCard Light SimCard"
"Light_Sink","Light","fa:Light","Sink","[fa:Light_Sink]","fa:Light_Sink:#2D8CFF","Light Sink Light Sink"
"Light_Siren","Light","fa:Light","Siren","[fa:Light_Siren]","fa:Light_Siren:#2D8CFF","Light Siren Light Siren"
"Light_SirenOn","Light","fa:Light","SirenOn","[fa:Light_SirenOn]","fa:Light_SirenOn:#2D8CFF","Light SirenOn Light SirenOn"
"Light_Sitemap","Light","fa:Light","Sitemap","[fa:Light_Sitemap]","fa:Light_Sitemap:#2D8CFF","Light Sitemap Light Sitemap"
"Light_Skating","Light","fa:Light","Skating","[fa:Light_Skating]","fa:Light_Skating:#2D8CFF","Light Skating Light Skating"
"Light_Skeleton","Light","fa:Light","Skeleton","[fa:Light_Skeleton]","fa:Light_Skeleton:#2D8CFF","Light Skeleton Light Skeleton"
"Light_SkiJump","Light","fa:Light","SkiJump","[fa:Light_SkiJump]","fa:Light_SkiJump:#2D8CFF","Light SkiJump Light SkiJump"
"Light_SkiLift","Light","fa:Light","SkiLift","[fa:Light_SkiLift]","fa:Light_SkiLift:#2D8CFF","Light SkiLift Light SkiLift"
"Light_Skiing","Light","fa:Light","Skiing","[fa:Light_Skiing]","fa:Light_Skiing:#2D8CFF","Light Skiing Light Skiing"
"Light_SkiingNordic","Light","fa:Light","SkiingNordic","[fa:Light_SkiingNordic]","fa:Light_SkiingNordic:#2D8CFF","Light SkiingNordic Light SkiingNordic"
"Light_Skull","Light","fa:Light","Skull","[fa:Light_Skull]","fa:Light_Skull:#2D8CFF","Light Skull Light Skull"
"Light_SkullCow","Light","fa:Light","SkullCow","[fa:Light_SkullCow]","fa:Light_SkullCow:#2D8CFF","Light SkullCow Light SkullCow"
"Light_SkullCrossbones","Light","fa:Light","SkullCrossbones","[fa:Light_SkullCrossbones]","fa:Light_SkullCrossbones:#2D8CFF","Light SkullCrossbones Light SkullCrossbones"
"Light_Slash","Light","fa:Light","Slash","[fa:Light_Slash]","fa:Light_Slash:#2D8CFF","Light Slash Light Slash"
"Light_Sledding","Light","fa:Light","Sledding","[fa:Light_Sledding]","fa:Light_Sledding:#2D8CFF","Light Sledding Light Sledding"
"Light_Sleigh","Light","fa:Light","Sleigh","[fa:Light_Sleigh]","fa:Light_Sleigh:#2D8CFF","Light Sleigh Light Sleigh"
"Light_SlidersH","Light","fa:Light","SlidersH","[fa:Light_SlidersH]","fa:Light_SlidersH:#2D8CFF","Light SlidersH Light SlidersH"
"Light_SlidersHSquare","Light","fa:Light","SlidersHSquare","[fa:Light_SlidersHSquare]","fa:Light_SlidersHSquare:#2D8CFF","Light SlidersHSquare Light SlidersHSquare"
"Light_SlidersV","Light","fa:Light","SlidersV","[fa:Light_SlidersV]","fa:Light_SlidersV:#2D8CFF","Light SlidersV Light SlidersV"
"Light_SlidersVSquare","Light","fa:Light","SlidersVSquare","[fa:Light_SlidersVSquare]","fa:Light_SlidersVSquare:#2D8CFF","Light SlidersVSquare Light SlidersVSquare"
"Light_Smile","Light","fa:Light","Smile","[fa:Light_Smile]","fa:Light_Smile:#2D8CFF","Light Smile Light Smile"
"Light_SmileBeam","Light","fa:Light","SmileBeam","[fa:Light_SmileBeam]","fa:Light_SmileBeam:#2D8CFF","Light SmileBeam Light SmileBeam"
"Light_SmilePlus","Light","fa:Light","SmilePlus","[fa:Light_SmilePlus]","fa:Light_SmilePlus:#2D8CFF","Light SmilePlus Light SmilePlus"
"Light_SmileWink","Light","fa:Light","SmileWink","[fa:Light_SmileWink]","fa:Light_SmileWink:#2D8CFF","Light SmileWink Light SmileWink"
"Light_Smog","Light","fa:Light","Smog","[fa:Light_Smog]","fa:Light_Smog:#2D8CFF","Light Smog Light Smog"
"Light_Smoke","Light","fa:Light","Smoke","[fa:Light_Smoke]","fa:Light_Smoke:#2D8CFF","Light Smoke Light Smoke"
"Light_Smoking","Light","fa:Light","Smoking","[fa:Light_Smoking]","fa:Light_Smoking:#2D8CFF","Light Smoking Light Smoking"
"Light_SmokingBan","Light","fa:Light","SmokingBan","[fa:Light_SmokingBan]","fa:Light_SmokingBan:#2D8CFF","Light SmokingBan Light SmokingBan"
"Light_Sms","Light","fa:Light","Sms","[fa:Light_Sms]","fa:Light_Sms:#2D8CFF","Light Sms Light Sms"
"Light_Snake","Light","fa:Light","Snake","[fa:Light_Snake]","fa:Light_Snake:#2D8CFF","Light Snake Light Snake"
"Light_Snooze","Light","fa:Light","Snooze","[fa:Light_Snooze]","fa:Light_Snooze:#2D8CFF","Light Snooze Light Snooze"
"Light_SnowBlowing","Light","fa:Light","SnowBlowing","[fa:Light_SnowBlowing]","fa:Light_SnowBlowing:#2D8CFF","Light SnowBlowing Light SnowBlowing"
"Light_Snowboarding","Light","fa:Light","Snowboarding","[fa:Light_Snowboarding]","fa:Light_Snowboarding:#2D8CFF","Light Snowboarding Light Snowboarding"
"Light_Snowflake","Light","fa:Light","Snowflake","[fa:Light_Snowflake]","fa:Light_Snowflake:#2D8CFF","Light Snowflake Light Snowflake"
"Light_Snowflakes","Light","fa:Light","Snowflakes","[fa:Light_Snowflakes]","fa:Light_Snowflakes:#2D8CFF","Light Snowflakes Light Snowflakes"
"Light_Snowman","Light","fa:Light","Snowman","[fa:Light_Snowman]","fa:Light_Snowman:#2D8CFF","Light Snowman Light Snowman"
"Light_Snowmobile","Light","fa:Light","Snowmobile","[fa:Light_Snowmobile]","fa:Light_Snowmobile:#2D8CFF","Light Snowmobile Light Snowmobile"
"Light_Snowplow","Light","fa:Light","Snowplow","[fa:Light_Snowplow]","fa:Light_Snowplow:#2D8CFF","Light Snowplow Light Snowplow"
"Light_Soap","Light","fa:Light","Soap","[fa:Light_Soap]","fa:Light_Soap:#2D8CFF","Light Soap Light Soap"
"Light_Socks","Light","fa:Light","Socks","[fa:Light_Socks]","fa:Light_Socks:#2D8CFF","Light Socks Light Socks"
"Light_SolarPanel","Light","fa:Light","SolarPanel","[fa:Light_SolarPanel]","fa:Light_SolarPanel:#2D8CFF","Light SolarPanel Light SolarPanel"
"Light_SolarSystem","Light","fa:Light","SolarSystem","[fa:Light_SolarSystem]","fa:Light_SolarSystem:#2D8CFF","Light SolarSystem Light SolarSystem"
"Light_Sort","Light","fa:Light","Sort","[fa:Light_Sort]","fa:Light_Sort:#2D8CFF","Light Sort Light Sort"
"Light_SortAlphaDown","Light","fa:Light","SortAlphaDown","[fa:Light_SortAlphaDown]","fa:Light_SortAlphaDown:#2D8CFF","Light SortAlphaDown Light SortAlphaDown"
"Light_SortAlphaDownAlt","Light","fa:Light","SortAlphaDownAlt","[fa:Light_SortAlphaDownAlt]","fa:Light_SortAlphaDownAlt:#2D8CFF","Light SortAlphaDownAlt Light SortAlphaDownAlt"
"Light_SortAlphaUp","Light","fa:Light","SortAlphaUp","[fa:Light_SortAlphaUp]","fa:Light_SortAlphaUp:#2D8CFF","Light SortAlphaUp Light SortAlphaUp"
"Light_SortAlphaUpAlt","Light","fa:Light","SortAlphaUpAlt","[fa:Light_SortAlphaUpAlt]","fa:Light_SortAlphaUpAlt:#2D8CFF","Light SortAlphaUpAlt Light SortAlphaUpAlt"
"Light_SortAlt","Light","fa:Light","SortAlt","[fa:Light_SortAlt]","fa:Light_SortAlt:#2D8CFF","Light SortAlt Light SortAlt"
"Light_SortAmountDown","Light","fa:Light","SortAmountDown","[fa:Light_SortAmountDown]","fa:Light_SortAmountDown:#2D8CFF","Light SortAmountDown Light SortAmountDown"
"Light_SortAmountDownAlt","Light","fa:Light","SortAmountDownAlt","[fa:Light_SortAmountDownAlt]","fa:Light_SortAmountDownAlt:#2D8CFF","Light SortAmountDownAlt Light SortAmountDownAlt"
"Light_SortAmountUp","Light","fa:Light","SortAmountUp","[fa:Light_SortAmountUp]","fa:Light_SortAmountUp:#2D8CFF","Light SortAmountUp Light SortAmountUp"
"Light_SortAmountUpAlt","Light","fa:Light","SortAmountUpAlt","[fa:Light_SortAmountUpAlt]","fa:Light_SortAmountUpAlt:#2D8CFF","Light SortAmountUpAlt Light SortAmountUpAlt"
"Light_SortCircle","Light","fa:Light","SortCircle","[fa:Light_SortCircle]","fa:Light_SortCircle:#2D8CFF","Light SortCircle Light SortCircle"
"Light_SortCircleDown","Light","fa:Light","SortCircleDown","[fa:Light_SortCircleDown]","fa:Light_SortCircleDown:#2D8CFF","Light SortCircleDown Light SortCircleDown"
"Light_SortCircleUp","Light","fa:Light","SortCircleUp","[fa:Light_SortCircleUp]","fa:Light_SortCircleUp:#2D8CFF","Light SortCircleUp Light SortCircleUp"
"Light_SortDown","Light","fa:Light","SortDown","[fa:Light_SortDown]","fa:Light_SortDown:#2D8CFF","Light SortDown Light SortDown"
"Light_SortNumericDown","Light","fa:Light","SortNumericDown","[fa:Light_SortNumericDown]","fa:Light_SortNumericDown:#2D8CFF","Light SortNumericDown Light SortNumericDown"
"Light_SortNumericDownAlt","Light","fa:Light","SortNumericDownAlt","[fa:Light_SortNumericDownAlt]","fa:Light_SortNumericDownAlt:#2D8CFF","Light SortNumericDownAlt Light SortNumericDownAlt"
"Light_SortNumericUp","Light","fa:Light","SortNumericUp","[fa:Light_SortNumericUp]","fa:Light_SortNumericUp:#2D8CFF","Light SortNumericUp Light SortNumericUp"
"Light_SortNumericUpAlt","Light","fa:Light","SortNumericUpAlt","[fa:Light_SortNumericUpAlt]","fa:Light_SortNumericUpAlt:#2D8CFF","Light SortNumericUpAlt Light SortNumericUpAlt"
"Light_SortShapesDown","Light","fa:Light","SortShapesDown","[fa:Light_SortShapesDown]","fa:Light_SortShapesDown:#2D8CFF","Light SortShapesDown Light SortShapesDown"
"Light_SortShapesDownAlt","Light","fa:Light","SortShapesDownAlt","[fa:Light_SortShapesDownAlt]","fa:Light_SortShapesDownAlt:#2D8CFF","Light SortShapesDownAlt Light SortShapesDownAlt"
"Light_SortShapesUp","Light","fa:Light","SortShapesUp","[fa:Light_SortShapesUp]","fa:Light_SortShapesUp:#2D8CFF","Light SortShapesUp Light SortShapesUp"
"Light_SortShapesUpAlt","Light","fa:Light","SortShapesUpAlt","[fa:Light_SortShapesUpAlt]","fa:Light_SortShapesUpAlt:#2D8CFF","Light SortShapesUpAlt Light SortShapesUpAlt"
"Light_SortSizeDown","Light","fa:Light","SortSizeDown","[fa:Light_SortSizeDown]","fa:Light_SortSizeDown:#2D8CFF","Light SortSizeDown Light SortSizeDown"
"Light_SortSizeDownAlt","Light","fa:Light","SortSizeDownAlt","[fa:Light_SortSizeDownAlt]","fa:Light_SortSizeDownAlt:#2D8CFF","Light SortSizeDownAlt Light SortSizeDownAlt"
"Light_SortSizeUp","Light","fa:Light","SortSizeUp","[fa:Light_SortSizeUp]","fa:Light_SortSizeUp:#2D8CFF","Light SortSizeUp Light SortSizeUp"
"Light_SortSizeUpAlt","Light","fa:Light","SortSizeUpAlt","[fa:Light_SortSizeUpAlt]","fa:Light_SortSizeUpAlt:#2D8CFF","Light SortSizeUpAlt Light SortSizeUpAlt"
"Light_SortUp","Light","fa:Light","SortUp","[fa:Light_SortUp]","fa:Light_SortUp:#2D8CFF","Light SortUp Light SortUp"
"Light_Soup","Light","fa:Light","Soup","[fa:Light_Soup]","fa:Light_Soup:#2D8CFF","Light Soup Light Soup"
"Light_Spa","Light","fa:Light","Spa","[fa:Light_Spa]","fa:Light_Spa:#2D8CFF","Light Spa Light Spa"
"Light_SpaceShuttle","Light","fa:Light","SpaceShuttle","[fa:Light_SpaceShuttle]","fa:Light_SpaceShuttle:#2D8CFF","Light SpaceShuttle Light SpaceShuttle"
"Light_SpaceStationMoon","Light","fa:Light","SpaceStationMoon","[fa:Light_SpaceStationMoon]","fa:Light_SpaceStationMoon:#2D8CFF","Light SpaceStationMoon Light SpaceStationMoon"
"Light_SpaceStationMoonAlt","Light","fa:Light","SpaceStationMoonAlt","[fa:Light_SpaceStationMoonAlt]","fa:Light_SpaceStationMoonAlt:#2D8CFF","Light SpaceStationMoonAlt Light SpaceStationMoonAlt"
"Light_Spade","Light","fa:Light","Spade","[fa:Light_Spade]","fa:Light_Spade:#2D8CFF","Light Spade Light Spade"
"Light_Sparkles","Light","fa:Light","Sparkles","[fa:Light_Sparkles]","fa:Light_Sparkles:#2D8CFF","Light Sparkles Light Sparkles"
"Light_Speaker","Light","fa:Light","Speaker","[fa:Light_Speaker]","fa:Light_Speaker:#2D8CFF","Light Speaker Light Speaker"
"Light_Speakers","Light","fa:Light","Speakers","[fa:Light_Speakers]","fa:Light_Speakers:#2D8CFF","Light Speakers Light Speakers"
"Light_SpellCheck","Light","fa:Light","SpellCheck","[fa:Light_SpellCheck]","fa:Light_SpellCheck:#2D8CFF","Light SpellCheck Light SpellCheck"
"Light_Spider","Light","fa:Light","Spider","[fa:Light_Spider]","fa:Light_Spider:#2D8CFF","Light Spider Light Spider"
"Light_SpiderBlackWidow","Light","fa:Light","SpiderBlackWidow","[fa:Light_SpiderBlackWidow]","fa:Light_SpiderBlackWidow:#2D8CFF","Light SpiderBlackWidow Light SpiderBlackWidow"
"Light_SpiderWeb","Light","fa:Light","SpiderWeb","[fa:Light_SpiderWeb]","fa:Light_SpiderWeb:#2D8CFF","Light SpiderWeb Light SpiderWeb"
"Light_Spinner","Light","fa:Light","Spinner","[fa:Light_Spinner]","fa:Light_Spinner:#2D8CFF","Light Spinner Light Spinner"
"Light_SpinnerThird","Light","fa:Light","SpinnerThird","[fa:Light_SpinnerThird]","fa:Light_SpinnerThird:#2D8CFF","Light SpinnerThird Light SpinnerThird"
"Light_Splotch","Light","fa:Light","Splotch","[fa:Light_Splotch]","fa:Light_Splotch:#2D8CFF","Light Splotch Light Splotch"
"Light_SprayCan","Light","fa:Light","SprayCan","[fa:Light_SprayCan]","fa:Light_SprayCan:#2D8CFF","Light SprayCan Light SprayCan"
"Light_Sprinkler","Light","fa:Light","Sprinkler","[fa:Light_Sprinkler]","fa:Light_Sprinkler:#2D8CFF","Light Sprinkler Light Sprinkler"
"Light_Square","Light","fa:Light","Square","[fa:Light_Square]","fa:Light_Square:#2D8CFF","Light Square Light Square"
"Light_SquareFull","Light","fa:Light","SquareFull","[fa:Light_SquareFull]","fa:Light_SquareFull:#2D8CFF","Light SquareFull Light SquareFull"
"Light_SquareRoot","Light","fa:Light","SquareRoot","[fa:Light_SquareRoot]","fa:Light_SquareRoot:#2D8CFF","Light SquareRoot Light SquareRoot"
"Light_SquareRootAlt","Light","fa:Light","SquareRootAlt","[fa:Light_SquareRootAlt]","fa:Light_SquareRootAlt:#2D8CFF","Light SquareRootAlt Light SquareRootAlt"
"Light_Squirrel","Light","fa:Light","Squirrel","[fa:Light_Squirrel]","fa:Light_Squirrel:#2D8CFF","Light Squirrel Light Squirrel"
"Light_Staff","Light","fa:Light","Staff","[fa:Light_Staff]","fa:Light_Staff:#2D8CFF","Light Staff Light Staff"
"Light_Stamp","Light","fa:Light","Stamp","[fa:Light_Stamp]","fa:Light_Stamp:#2D8CFF","Light Stamp Light Stamp"
"Light_Star","Light","fa:Light","Star","[fa:Light_Star]","fa:Light_Star:#2D8CFF","Light Star Light Star"
"Light_StarAndCrescent","Light","fa:Light","StarAndCrescent","[fa:Light_StarAndCrescent]","fa:Light_StarAndCrescent:#2D8CFF","Light StarAndCrescent Light StarAndCrescent"
"Light_StarChristmas","Light","fa:Light","StarChristmas","[fa:Light_StarChristmas]","fa:Light_StarChristmas:#2D8CFF","Light StarChristmas Light StarChristmas"
"Light_StarExclamation","Light","fa:Light","StarExclamation","[fa:Light_StarExclamation]","fa:Light_StarExclamation:#2D8CFF","Light StarExclamation Light StarExclamation"
"Light_StarHalf","Light","fa:Light","StarHalf","[fa:Light_StarHalf]","fa:Light_StarHalf:#2D8CFF","Light StarHalf Light StarHalf"
"Light_StarHalfAlt","Light","fa:Light","StarHalfAlt","[fa:Light_StarHalfAlt]","fa:Light_StarHalfAlt:#2D8CFF","Light StarHalfAlt Light StarHalfAlt"
"Light_StarOfDavid","Light","fa:Light","StarOfDavid","[fa:Light_StarOfDavid]","fa:Light_StarOfDavid:#2D8CFF","Light StarOfDavid Light StarOfDavid"
"Light_StarOfLife","Light","fa:Light","StarOfLife","[fa:Light_StarOfLife]","fa:Light_StarOfLife:#2D8CFF","Light StarOfLife Light StarOfLife"
"Light_StarShooting","Light","fa:Light","StarShooting","[fa:Light_StarShooting]","fa:Light_StarShooting:#2D8CFF","Light StarShooting Light StarShooting"
"Light_Starfighter","Light","fa:Light","Starfighter","[fa:Light_Starfighter]","fa:Light_Starfighter:#2D8CFF","Light Starfighter Light Starfighter"
"Light_StarfighterAlt","Light","fa:Light","StarfighterAlt","[fa:Light_StarfighterAlt]","fa:Light_StarfighterAlt:#2D8CFF","Light StarfighterAlt Light StarfighterAlt"
"Light_Stars","Light","fa:Light","Stars","[fa:Light_Stars]","fa:Light_Stars:#2D8CFF","Light Stars Light Stars"
"Light_Starship","Light","fa:Light","Starship","[fa:Light_Starship]","fa:Light_Starship:#2D8CFF","Light Starship Light Starship"
"Light_StarshipFreighter","Light","fa:Light","StarshipFreighter","[fa:Light_StarshipFreighter]","fa:Light_StarshipFreighter:#2D8CFF","Light StarshipFreighter Light StarshipFreighter"
"Light_Steak","Light","fa:Light","Steak","[fa:Light_Steak]","fa:Light_Steak:#2D8CFF","Light Steak Light Steak"
"Light_SteeringWheel","Light","fa:Light","SteeringWheel","[fa:Light_SteeringWheel]","fa:Light_SteeringWheel:#2D8CFF","Light SteeringWheel Light SteeringWheel"
"Light_StepBackward","Light","fa:Light","StepBackward","[fa:Light_StepBackward]","fa:Light_StepBackward:#2D8CFF","Light StepBackward Light StepBackward"
"Light_StepForward","Light","fa:Light","StepForward","[fa:Light_StepForward]","fa:Light_StepForward:#2D8CFF","Light StepForward Light StepForward"
"Light_Stethoscope","Light","fa:Light","Stethoscope","[fa:Light_Stethoscope]","fa:Light_Stethoscope:#2D8CFF","Light Stethoscope Light Stethoscope"
"Light_StickyNote","Light","fa:Light","StickyNote","[fa:Light_StickyNote]","fa:Light_StickyNote:#2D8CFF","Light StickyNote Light StickyNote"
"Light_Stocking","Light","fa:Light","Stocking","[fa:Light_Stocking]","fa:Light_Stocking:#2D8CFF","Light Stocking Light Stocking"
"Light_Stomach","Light","fa:Light","Stomach","[fa:Light_Stomach]","fa:Light_Stomach:#2D8CFF","Light Stomach Light Stomach"
"Light_Stop","Light","fa:Light","Stop","[fa:Light_Stop]","fa:Light_Stop:#2D8CFF","Light Stop Light Stop"
"Light_StopCircle","Light","fa:Light","StopCircle","[fa:Light_StopCircle]","fa:Light_StopCircle:#2D8CFF","Light StopCircle Light StopCircle"
"Light_Stopwatch","Light","fa:Light","Stopwatch","[fa:Light_Stopwatch]","fa:Light_Stopwatch:#2D8CFF","Light Stopwatch Light Stopwatch"
"Light_Stopwatch20","Light","fa:Light","Stopwatch20","[fa:Light_Stopwatch20]","fa:Light_Stopwatch20:#2D8CFF","Light Stopwatch20 Light Stopwatch20"
"Light_Store","Light","fa:Light","Store","[fa:Light_Store]","fa:Light_Store:#2D8CFF","Light Store Light Store"
"Light_StoreAlt","Light","fa:Light","StoreAlt","[fa:Light_StoreAlt]","fa:Light_StoreAlt:#2D8CFF","Light StoreAlt Light StoreAlt"
"Light_StoreAltSlash","Light","fa:Light","StoreAltSlash","[fa:Light_StoreAltSlash]","fa:Light_StoreAltSlash:#2D8CFF","Light StoreAltSlash Light StoreAltSlash"
"Light_StoreSlash","Light","fa:Light","StoreSlash","[fa:Light_StoreSlash]","fa:Light_StoreSlash:#2D8CFF","Light StoreSlash Light StoreSlash"
"Light_Stream","Light","fa:Light","Stream","[fa:Light_Stream]","fa:Light_Stream:#2D8CFF","Light Stream Light Stream"
"Light_StreetView","Light","fa:Light","StreetView","[fa:Light_StreetView]","fa:Light_StreetView:#2D8CFF","Light StreetView Light StreetView"
"Light_Stretcher","Light","fa:Light","Stretcher","[fa:Light_Stretcher]","fa:Light_Stretcher:#2D8CFF","Light Stretcher Light Stretcher"
"Light_Strikethrough","Light","fa:Light","Strikethrough","[fa:Light_Strikethrough]","fa:Light_Strikethrough:#2D8CFF","Light Strikethrough Light Strikethrough"
"Light_Stroopwafel","Light","fa:Light","Stroopwafel","[fa:Light_Stroopwafel]","fa:Light_Stroopwafel:#2D8CFF","Light Stroopwafel Light Stroopwafel"
"Light_Subscript","Light","fa:Light","Subscript","[fa:Light_Subscript]","fa:Light_Subscript:#2D8CFF","Light Subscript Light Subscript"
"Light_Subway","Light","fa:Light","Subway","[fa:Light_Subway]","fa:Light_Subway:#2D8CFF","Light Subway Light Subway"
"Light_Suitcase","Light","fa:Light","Suitcase","[fa:Light_Suitcase]","fa:Light_Suitcase:#2D8CFF","Light Suitcase Light Suitcase"
"Light_SuitcaseRolling","Light","fa:Light","SuitcaseRolling","[fa:Light_SuitcaseRolling]","fa:Light_SuitcaseRolling:#2D8CFF","Light SuitcaseRolling Light SuitcaseRolling"
"Light_Sun","Light","fa:Light","Sun","[fa:Light_Sun]","fa:Light_Sun:#2D8CFF","Light Sun Light Sun"
"Light_SunCloud","Light","fa:Light","SunCloud","[fa:Light_SunCloud]","fa:Light_SunCloud:#2D8CFF","Light SunCloud Light SunCloud"
"Light_SunDust","Light","fa:Light","SunDust","[fa:Light_SunDust]","fa:Light_SunDust:#2D8CFF","Light SunDust Light SunDust"
"Light_SunHaze","Light","fa:Light","SunHaze","[fa:Light_SunHaze]","fa:Light_SunHaze:#2D8CFF","Light SunHaze Light SunHaze"
"Light_Sunglasses","Light","fa:Light","Sunglasses","[fa:Light_Sunglasses]","fa:Light_Sunglasses:#2D8CFF","Light Sunglasses Light Sunglasses"
"Light_Sunrise","Light","fa:Light","Sunrise","[fa:Light_Sunrise]","fa:Light_Sunrise:#2D8CFF","Light Sunrise Light Sunrise"
"Light_Sunset","Light","fa:Light","Sunset","[fa:Light_Sunset]","fa:Light_Sunset:#2D8CFF","Light Sunset Light Sunset"
"Light_Superscript","Light","fa:Light","Superscript","[fa:Light_Superscript]","fa:Light_Superscript:#2D8CFF","Light Superscript Light Superscript"
"Light_Surprise","Light","fa:Light","Surprise","[fa:Light_Surprise]","fa:Light_Surprise:#2D8CFF","Light Surprise Light Surprise"
"Light_Swatchbook","Light","fa:Light","Swatchbook","[fa:Light_Swatchbook]","fa:Light_Swatchbook:#2D8CFF","Light Swatchbook Light Swatchbook"
"Light_Swimmer","Light","fa:Light","Swimmer","[fa:Light_Swimmer]","fa:Light_Swimmer:#2D8CFF","Light Swimmer Light Swimmer"
"Light_SwimmingPool","Light","fa:Light","SwimmingPool","[fa:Light_SwimmingPool]","fa:Light_SwimmingPool:#2D8CFF","Light SwimmingPool Light SwimmingPool"
"Light_Sword","Light","fa:Light","Sword","[fa:Light_Sword]","fa:Light_Sword:#2D8CFF","Light Sword Light Sword"
"Light_SwordLaser","Light","fa:Light","SwordLaser","[fa:Light_SwordLaser]","fa:Light_SwordLaser:#2D8CFF","Light SwordLaser Light SwordLaser"
"Light_SwordLaserAlt","Light","fa:Light","SwordLaserAlt","[fa:Light_SwordLaserAlt]","fa:Light_SwordLaserAlt:#2D8CFF","Light SwordLaserAlt Light SwordLaserAlt"
"Light_Swords","Light","fa:Light","Swords","[fa:Light_Swords]","fa:Light_Swords:#2D8CFF","Light Swords Light Swords"
"Light_SwordsLaser","Light","fa:Light","SwordsLaser","[fa:Light_SwordsLaser]","fa:Light_SwordsLaser:#2D8CFF","Light SwordsLaser Light SwordsLaser"
"Light_Synagogue","Light","fa:Light","Synagogue","[fa:Light_Synagogue]","fa:Light_Synagogue:#2D8CFF","Light Synagogue Light Synagogue"
"Light_Sync","Light","fa:Light","Sync","[fa:Light_Sync]","fa:Light_Sync:#2D8CFF","Light Sync Light Sync"
"Light_SyncAlt","Light","fa:Light","SyncAlt","[fa:Light_SyncAlt]","fa:Light_SyncAlt:#2D8CFF","Light SyncAlt Light SyncAlt"
"Light_Syringe","Light","fa:Light","Syringe","[fa:Light_Syringe]","fa:Light_Syringe:#2D8CFF","Light Syringe Light Syringe"
"Light_Table","Light","fa:Light","Table","[fa:Light_Table]","fa:Light_Table:#2D8CFF","Light Table Light Table"
"Light_TableTennis","Light","fa:Light","TableTennis","[fa:Light_TableTennis]","fa:Light_TableTennis:#2D8CFF","Light TableTennis Light TableTennis"
"Light_Tablet","Light","fa:Light","Tablet","[fa:Light_Tablet]","fa:Light_Tablet:#2D8CFF","Light Tablet Light Tablet"
"Light_TabletAlt","Light","fa:Light","TabletAlt","[fa:Light_TabletAlt]","fa:Light_TabletAlt:#2D8CFF","Light TabletAlt Light TabletAlt"
"Light_TabletAndroid","Light","fa:Light","TabletAndroid","[fa:Light_TabletAndroid]","fa:Light_TabletAndroid:#2D8CFF","Light TabletAndroid Light TabletAndroid"
"Light_TabletAndroidAlt","Light","fa:Light","TabletAndroidAlt","[fa:Light_TabletAndroidAlt]","fa:Light_TabletAndroidAlt:#2D8CFF","Light TabletAndroidAlt Light TabletAndroidAlt"
"Light_TabletRugged","Light","fa:Light","TabletRugged","[fa:Light_TabletRugged]","fa:Light_TabletRugged:#2D8CFF","Light TabletRugged Light TabletRugged"
"Light_Tablets","Light","fa:Light","Tablets","[fa:Light_Tablets]","fa:Light_Tablets:#2D8CFF","Light Tablets Light Tablets"
"Light_Tachometer","Light","fa:Light","Tachometer","[fa:Light_Tachometer]","fa:Light_Tachometer:#2D8CFF","Light Tachometer Light Tachometer"
"Light_TachometerAlt","Light","fa:Light","TachometerAlt","[fa:Light_TachometerAlt]","fa:Light_TachometerAlt:#2D8CFF","Light TachometerAlt Light TachometerAlt"
"Light_TachometerAltAverage","Light","fa:Light","TachometerAltAverage","[fa:Light_TachometerAltAverage]","fa:Light_TachometerAltAverage:#2D8CFF","Light TachometerAltAverage Light TachometerAltAverage"
"Light_TachometerAltFast","Light","fa:Light","TachometerAltFast","[fa:Light_TachometerAltFast]","fa:Light_TachometerAltFast:#2D8CFF","Light TachometerAltFast Light TachometerAltFast"
"Light_TachometerAltFastest","Light","fa:Light","TachometerAltFastest","[fa:Light_TachometerAltFastest]","fa:Light_TachometerAltFastest:#2D8CFF","Light TachometerAltFastest Light TachometerAltFastest"
"Light_TachometerAltSlow","Light","fa:Light","TachometerAltSlow","[fa:Light_TachometerAltSlow]","fa:Light_TachometerAltSlow:#2D8CFF","Light TachometerAltSlow Light TachometerAltSlow"
"Light_TachometerAltSlowest","Light","fa:Light","TachometerAltSlowest","[fa:Light_TachometerAltSlowest]","fa:Light_TachometerAltSlowest:#2D8CFF","Light TachometerAltSlowest Light TachometerAltSlowest"
"Light_TachometerAverage","Light","fa:Light","TachometerAverage","[fa:Light_TachometerAverage]","fa:Light_TachometerAverage:#2D8CFF","Light TachometerAverage Light TachometerAverage"
"Light_TachometerFast","Light","fa:Light","TachometerFast","[fa:Light_TachometerFast]","fa:Light_TachometerFast:#2D8CFF","Light TachometerFast Light TachometerFast"
"Light_TachometerFastest","Light","fa:Light","TachometerFastest","[fa:Light_TachometerFastest]","fa:Light_TachometerFastest:#2D8CFF","Light TachometerFastest Light TachometerFastest"
"Light_TachometerSlow","Light","fa:Light","TachometerSlow","[fa:Light_TachometerSlow]","fa:Light_TachometerSlow:#2D8CFF","Light TachometerSlow Light TachometerSlow"
"Light_TachometerSlowest","Light","fa:Light","TachometerSlowest","[fa:Light_TachometerSlowest]","fa:Light_TachometerSlowest:#2D8CFF","Light TachometerSlowest Light TachometerSlowest"
"Light_Taco","Light","fa:Light","Taco","[fa:Light_Taco]","fa:Light_Taco:#2D8CFF","Light Taco Light Taco"
"Light_Tag","Light","fa:Light","Tag","[fa:Light_Tag]","fa:Light_Tag:#2D8CFF","Light Tag Light Tag"
"Light_Tags","Light","fa:Light","Tags","[fa:Light_Tags]","fa:Light_Tags:#2D8CFF","Light Tags Light Tags"
"Light_Tally","Light","fa:Light","Tally","[fa:Light_Tally]","fa:Light_Tally:#2D8CFF","Light Tally Light Tally"
"Light_Tanakh","Light","fa:Light","Tanakh","[fa:Light_Tanakh]","fa:Light_Tanakh:#2D8CFF","Light Tanakh Light Tanakh"
"Light_Tape","Light","fa:Light","Tape","[fa:Light_Tape]","fa:Light_Tape:#2D8CFF","Light Tape Light Tape"
"Light_Tasks","Light","fa:Light","Tasks","[fa:Light_Tasks]","fa:Light_Tasks:#2D8CFF","Light Tasks Light Tasks"
"Light_TasksAlt","Light","fa:Light","TasksAlt","[fa:Light_TasksAlt]","fa:Light_TasksAlt:#2D8CFF","Light TasksAlt Light TasksAlt"
"Light_Taxi","Light","fa:Light","Taxi","[fa:Light_Taxi]","fa:Light_Taxi:#2D8CFF","Light Taxi Light Taxi"
"Light_Teeth","Light","fa:Light","Teeth","[fa:Light_Teeth]","fa:Light_Teeth:#2D8CFF","Light Teeth Light Teeth"
"Light_TeethOpen","Light","fa:Light","TeethOpen","[fa:Light_TeethOpen]","fa:Light_TeethOpen:#2D8CFF","Light TeethOpen Light TeethOpen"
"Light_Telescope","Light","fa:Light","Telescope","[fa:Light_Telescope]","fa:Light_Telescope:#2D8CFF","Light Telescope Light Telescope"
"Light_TemperatureDown","Light","fa:Light","TemperatureDown","[fa:Light_TemperatureDown]","fa:Light_TemperatureDown:#2D8CFF","Light TemperatureDown Light TemperatureDown"
"Light_TemperatureFrigid","Light","fa:Light","TemperatureFrigid","[fa:Light_TemperatureFrigid]","fa:Light_TemperatureFrigid:#2D8CFF","Light TemperatureFrigid Light TemperatureFrigid"
"Light_TemperatureHigh","Light","fa:Light","TemperatureHigh","[fa:Light_TemperatureHigh]","fa:Light_TemperatureHigh:#2D8CFF","Light TemperatureHigh Light TemperatureHigh"
"Light_TemperatureHot","Light","fa:Light","TemperatureHot","[fa:Light_TemperatureHot]","fa:Light_TemperatureHot:#2D8CFF","Light TemperatureHot Light TemperatureHot"
"Light_TemperatureLow","Light","fa:Light","TemperatureLow","[fa:Light_TemperatureLow]","fa:Light_TemperatureLow:#2D8CFF","Light TemperatureLow Light TemperatureLow"
"Light_TemperatureUp","Light","fa:Light","TemperatureUp","[fa:Light_TemperatureUp]","fa:Light_TemperatureUp:#2D8CFF","Light TemperatureUp Light TemperatureUp"
"Light_Tenge","Light","fa:Light","Tenge","[fa:Light_Tenge]","fa:Light_Tenge:#2D8CFF","Light Tenge Light Tenge"
"Light_TennisBall","Light","fa:Light","TennisBall","[fa:Light_TennisBall]","fa:Light_TennisBall:#2D8CFF","Light TennisBall Light TennisBall"
"Light_Terminal","Light","fa:Light","Terminal","[fa:Light_Terminal]","fa:Light_Terminal:#2D8CFF","Light Terminal Light Terminal"
"Light_Text","Light","fa:Light","Text","[fa:Light_Text]","fa:Light_Text:#2D8CFF","Light Text Light Text"
"Light_TextHeight","Light","fa:Light","TextHeight","[fa:Light_TextHeight]","fa:Light_TextHeight:#2D8CFF","Light TextHeight Light TextHeight"
"Light_TextSize","Light","fa:Light","TextSize","[fa:Light_TextSize]","fa:Light_TextSize:#2D8CFF","Light TextSize Light TextSize"
"Light_TextWidth","Light","fa:Light","TextWidth","[fa:Light_TextWidth]","fa:Light_TextWidth:#2D8CFF","Light TextWidth Light TextWidth"
"Light_Th","Light","fa:Light","Th","[fa:Light_Th]","fa:Light_Th:#2D8CFF","Light Th Light Th"
"Light_ThLarge","Light","fa:Light","ThLarge","[fa:Light_ThLarge]","fa:Light_ThLarge:#2D8CFF","Light ThLarge Light ThLarge"
"Light_ThList","Light","fa:Light","ThList","[fa:Light_ThList]","fa:Light_ThList:#2D8CFF","Light ThList Light ThList"
"Light_TheaterMasks","Light","fa:Light","TheaterMasks","[fa:Light_TheaterMasks]","fa:Light_TheaterMasks:#2D8CFF","Light TheaterMasks Light TheaterMasks"
"Light_Thermometer","Light","fa:Light","Thermometer","[fa:Light_Thermometer]","fa:Light_Thermometer:#2D8CFF","Light Thermometer Light Thermometer"
"Light_ThermometerEmpty","Light","fa:Light","ThermometerEmpty","[fa:Light_ThermometerEmpty]","fa:Light_ThermometerEmpty:#2D8CFF","Light ThermometerEmpty Light ThermometerEmpty"
"Light_ThermometerFull","Light","fa:Light","ThermometerFull","[fa:Light_ThermometerFull]","fa:Light_ThermometerFull:#2D8CFF","Light ThermometerFull Light ThermometerFull"
"Light_ThermometerHalf","Light","fa:Light","ThermometerHalf","[fa:Light_ThermometerHalf]","fa:Light_ThermometerHalf:#2D8CFF","Light ThermometerHalf Light ThermometerHalf"
"Light_ThermometerQuarter","Light","fa:Light","ThermometerQuarter","[fa:Light_ThermometerQuarter]","fa:Light_ThermometerQuarter:#2D8CFF","Light ThermometerQuarter Light ThermometerQuarter"
"Light_ThermometerThreeQuarters","Light","fa:Light","ThermometerThreeQuarters","[fa:Light_ThermometerThreeQuarters]","fa:Light_ThermometerThreeQuarters:#2D8CFF","Light ThermometerThreeQuarters Light ThermometerThreeQuarters"
"Light_Theta","Light","fa:Light","Theta","[fa:Light_Theta]","fa:Light_Theta:#2D8CFF","Light Theta Light Theta"
"Light_ThumbsDown","Light","fa:Light","ThumbsDown","[fa:Light_ThumbsDown]","fa:Light_ThumbsDown:#2D8CFF","Light ThumbsDown Light ThumbsDown"
"Light_ThumbsUp","Light","fa:Light","ThumbsUp","[fa:Light_ThumbsUp]","fa:Light_ThumbsUp:#2D8CFF","Light ThumbsUp Light ThumbsUp"
"Light_Thumbtack","Light","fa:Light","Thumbtack","[fa:Light_Thumbtack]","fa:Light_Thumbtack:#2D8CFF","Light Thumbtack Light Thumbtack"
"Light_Thunderstorm","Light","fa:Light","Thunderstorm","[fa:Light_Thunderstorm]","fa:Light_Thunderstorm:#2D8CFF","Light Thunderstorm Light Thunderstorm"
"Light_ThunderstormMoon","Light","fa:Light","ThunderstormMoon","[fa:Light_ThunderstormMoon]","fa:Light_ThunderstormMoon:#2D8CFF","Light ThunderstormMoon Light ThunderstormMoon"
"Light_ThunderstormSun","Light","fa:Light","ThunderstormSun","[fa:Light_ThunderstormSun]","fa:Light_ThunderstormSun:#2D8CFF","Light ThunderstormSun Light ThunderstormSun"
"Light_Ticket","Light","fa:Light","Ticket","[fa:Light_Ticket]","fa:Light_Ticket:#2D8CFF","Light Ticket Light Ticket"
"Light_TicketAlt","Light","fa:Light","TicketAlt","[fa:Light_TicketAlt]","fa:Light_TicketAlt:#2D8CFF","Light TicketAlt Light TicketAlt"
"Light_Tilde","Light","fa:Light","Tilde","[fa:Light_Tilde]","fa:Light_Tilde:#2D8CFF","Light Tilde Light Tilde"
"Light_Times","Light","fa:Light","Times","[fa:Light_Times]","fa:Light_Times:#2D8CFF","Light Times Light Times"
"Light_TimesCircle","Light","fa:Light","TimesCircle","[fa:Light_TimesCircle]","fa:Light_TimesCircle:#2D8CFF","Light TimesCircle Light TimesCircle"
"Light_TimesHexagon","Light","fa:Light","TimesHexagon","[fa:Light_TimesHexagon]","fa:Light_TimesHexagon:#2D8CFF","Light TimesHexagon Light TimesHexagon"
"Light_TimesOctagon","Light","fa:Light","TimesOctagon","[fa:Light_TimesOctagon]","fa:Light_TimesOctagon:#2D8CFF","Light TimesOctagon Light TimesOctagon"
"Light_TimesSquare","Light","fa:Light","TimesSquare","[fa:Light_TimesSquare]","fa:Light_TimesSquare:#2D8CFF","Light TimesSquare Light TimesSquare"
"Light_Tint","Light","fa:Light","Tint","[fa:Light_Tint]","fa:Light_Tint:#2D8CFF","Light Tint Light Tint"
"Light_TintSlash","Light","fa:Light","TintSlash","[fa:Light_TintSlash]","fa:Light_TintSlash:#2D8CFF","Light TintSlash Light TintSlash"
"Light_Tire","Light","fa:Light","Tire","[fa:Light_Tire]","fa:Light_Tire:#2D8CFF","Light Tire Light Tire"
"Light_TireFlat","Light","fa:Light","TireFlat","[fa:Light_TireFlat]","fa:Light_TireFlat:#2D8CFF","Light TireFlat Light TireFlat"
"Light_TirePressureWarning","Light","fa:Light","TirePressureWarning","[fa:Light_TirePressureWarning]","fa:Light_TirePressureWarning:#2D8CFF","Light TirePressureWarning Light TirePressureWarning"
"Light_TireRugged","Light","fa:Light","TireRugged","[fa:Light_TireRugged]","fa:Light_TireRugged:#2D8CFF","Light TireRugged Light TireRugged"
"Light_Tired","Light","fa:Light","Tired","[fa:Light_Tired]","fa:Light_Tired:#2D8CFF","Light Tired Light Tired"
"Light_ToggleOff","Light","fa:Light","ToggleOff","[fa:Light_ToggleOff]","fa:Light_ToggleOff:#2D8CFF","Light ToggleOff Light ToggleOff"
"Light_ToggleOn","Light","fa:Light","ToggleOn","[fa:Light_ToggleOn]","fa:Light_ToggleOn:#2D8CFF","Light ToggleOn Light ToggleOn"
"Light_Toilet","Light","fa:Light","Toilet","[fa:Light_Toilet]","fa:Light_Toilet:#2D8CFF","Light Toilet Light Toilet"
"Light_ToiletPaper","Light","fa:Light","ToiletPaper","[fa:Light_ToiletPaper]","fa:Light_ToiletPaper:#2D8CFF","Light ToiletPaper Light ToiletPaper"
"Light_ToiletPaperAlt","Light","fa:Light","ToiletPaperAlt","[fa:Light_ToiletPaperAlt]","fa:Light_ToiletPaperAlt:#2D8CFF","Light ToiletPaperAlt Light ToiletPaperAlt"
"Light_ToiletPaperSlash","Light","fa:Light","ToiletPaperSlash","[fa:Light_ToiletPaperSlash]","fa:Light_ToiletPaperSlash:#2D8CFF","Light ToiletPaperSlash Light ToiletPaperSlash"
"Light_Tombstone","Light","fa:Light","Tombstone","[fa:Light_Tombstone]","fa:Light_Tombstone:#2D8CFF","Light Tombstone Light Tombstone"
"Light_TombstoneAlt","Light","fa:Light","TombstoneAlt","[fa:Light_TombstoneAlt]","fa:Light_TombstoneAlt:#2D8CFF","Light TombstoneAlt Light TombstoneAlt"
"Light_Toolbox","Light","fa:Light","Toolbox","[fa:Light_Toolbox]","fa:Light_Toolbox:#2D8CFF","Light Toolbox Light Toolbox"
"Light_Tools","Light","fa:Light","Tools","[fa:Light_Tools]","fa:Light_Tools:#2D8CFF","Light Tools Light Tools"
"Light_Tooth","Light","fa:Light","Tooth","[fa:Light_Tooth]","fa:Light_Tooth:#2D8CFF","Light Tooth Light Tooth"
"Light_Toothbrush","Light","fa:Light","Toothbrush","[fa:Light_Toothbrush]","fa:Light_Toothbrush:#2D8CFF","Light Toothbrush Light Toothbrush"
"Light_Torah","Light","fa:Light","Torah","[fa:Light_Torah]","fa:Light_Torah:#2D8CFF","Light Torah Light Torah"
"Light_ToriiGate","Light","fa:Light","ToriiGate","[fa:Light_ToriiGate]","fa:Light_ToriiGate:#2D8CFF","Light ToriiGate Light ToriiGate"
"Light_Tornado","Light","fa:Light","Tornado","[fa:Light_Tornado]","fa:Light_Tornado:#2D8CFF","Light Tornado Light Tornado"
"Light_Tractor","Light","fa:Light","Tractor","[fa:Light_Tractor]","fa:Light_Tractor:#2D8CFF","Light Tractor Light Tractor"
"Light_Trademark","Light","fa:Light","Trademark","[fa:Light_Trademark]","fa:Light_Trademark:#2D8CFF","Light Trademark Light Trademark"
"Light_TrafficCone","Light","fa:Light","TrafficCone","[fa:Light_TrafficCone]","fa:Light_TrafficCone:#2D8CFF","Light TrafficCone Light TrafficCone"
"Light_TrafficLight","Light","fa:Light","TrafficLight","[fa:Light_TrafficLight]","fa:Light_TrafficLight:#2D8CFF","Light TrafficLight Light TrafficLight"
"Light_TrafficLightGo","Light","fa:Light","TrafficLightGo","[fa:Light_TrafficLightGo]","fa:Light_TrafficLightGo:#2D8CFF","Light TrafficLightGo Light TrafficLightGo"
"Light_TrafficLightSlow","Light","fa:Light","TrafficLightSlow","[fa:Light_TrafficLightSlow]","fa:Light_TrafficLightSlow:#2D8CFF","Light TrafficLightSlow Light TrafficLightSlow"
"Light_TrafficLightStop","Light","fa:Light","TrafficLightStop","[fa:Light_TrafficLightStop]","fa:Light_TrafficLightStop:#2D8CFF","Light TrafficLightStop Light TrafficLightStop"
"Light_Trailer","Light","fa:Light","Trailer","[fa:Light_Trailer]","fa:Light_Trailer:#2D8CFF","Light Trailer Light Trailer"
"Light_Train","Light","fa:Light","Train","[fa:Light_Train]","fa:Light_Train:#2D8CFF","Light Train Light Train"
"Light_Tram","Light","fa:Light","Tram","[fa:Light_Tram]","fa:Light_Tram:#2D8CFF","Light Tram Light Tram"
"Light_Transgender","Light","fa:Light","Transgender","[fa:Light_Transgender]","fa:Light_Transgender:#2D8CFF","Light Transgender Light Transgender"
"Light_TransgenderAlt","Light","fa:Light","TransgenderAlt","[fa:Light_TransgenderAlt]","fa:Light_TransgenderAlt:#2D8CFF","Light TransgenderAlt Light TransgenderAlt"
"Light_Transporter","Light","fa:Light","Transporter","[fa:Light_Transporter]","fa:Light_Transporter:#2D8CFF","Light Transporter Light Transporter"
"Light_Transporter1","Light","fa:Light","Transporter1","[fa:Light_Transporter1]","fa:Light_Transporter1:#2D8CFF","Light Transporter1 Light Transporter1"
"Light_Transporter2","Light","fa:Light","Transporter2","[fa:Light_Transporter2]","fa:Light_Transporter2:#2D8CFF","Light Transporter2 Light Transporter2"
"Light_Transporter3","Light","fa:Light","Transporter3","[fa:Light_Transporter3]","fa:Light_Transporter3:#2D8CFF","Light Transporter3 Light Transporter3"
"Light_TransporterEmpty","Light","fa:Light","TransporterEmpty","[fa:Light_TransporterEmpty]","fa:Light_TransporterEmpty:#2D8CFF","Light TransporterEmpty Light TransporterEmpty"
"Light_Trash","Light","fa:Light","Trash","[fa:Light_Trash]","fa:Light_Trash:#2D8CFF","Light Trash Light Trash"
"Light_TrashAlt","Light","fa:Light","TrashAlt","[fa:Light_TrashAlt]","fa:Light_TrashAlt:#2D8CFF","Light TrashAlt Light TrashAlt"
"Light_TrashRestore","Light","fa:Light","TrashRestore","[fa:Light_TrashRestore]","fa:Light_TrashRestore:#2D8CFF","Light TrashRestore Light TrashRestore"
"Light_TrashRestoreAlt","Light","fa:Light","TrashRestoreAlt","[fa:Light_TrashRestoreAlt]","fa:Light_TrashRestoreAlt:#2D8CFF","Light TrashRestoreAlt Light TrashRestoreAlt"
"Light_TrashUndo","Light","fa:Light","TrashUndo","[fa:Light_TrashUndo]","fa:Light_TrashUndo:#2D8CFF","Light TrashUndo Light TrashUndo"
"Light_TrashUndoAlt","Light","fa:Light","TrashUndoAlt","[fa:Light_TrashUndoAlt]","fa:Light_TrashUndoAlt:#2D8CFF","Light TrashUndoAlt Light TrashUndoAlt"
"Light_TreasureChest","Light","fa:Light","TreasureChest","[fa:Light_TreasureChest]","fa:Light_TreasureChest:#2D8CFF","Light TreasureChest Light TreasureChest"
"Light_Tree","Light","fa:Light","Tree","[fa:Light_Tree]","fa:Light_Tree:#2D8CFF","Light Tree Light Tree"
"Light_TreeAlt","Light","fa:Light","TreeAlt","[fa:Light_TreeAlt]","fa:Light_TreeAlt:#2D8CFF","Light TreeAlt Light TreeAlt"
"Light_TreeChristmas","Light","fa:Light","TreeChristmas","[fa:Light_TreeChristmas]","fa:Light_TreeChristmas:#2D8CFF","Light TreeChristmas Light TreeChristmas"
"Light_TreeDecorated","Light","fa:Light","TreeDecorated","[fa:Light_TreeDecorated]","fa:Light_TreeDecorated:#2D8CFF","Light TreeDecorated Light TreeDecorated"
"Light_TreeLarge","Light","fa:Light","TreeLarge","[fa:Light_TreeLarge]","fa:Light_TreeLarge:#2D8CFF","Light TreeLarge Light TreeLarge"
"Light_TreePalm","Light","fa:Light","TreePalm","[fa:Light_TreePalm]","fa:Light_TreePalm:#2D8CFF","Light TreePalm Light TreePalm"
"Light_Trees","Light","fa:Light","Trees","[fa:Light_Trees]","fa:Light_Trees:#2D8CFF","Light Trees Light Trees"
"Light_Triangle","Light","fa:Light","Triangle","[fa:Light_Triangle]","fa:Light_Triangle:#2D8CFF","Light Triangle Light Triangle"
"Light_TriangleMusic","Light","fa:Light","TriangleMusic","[fa:Light_TriangleMusic]","fa:Light_TriangleMusic:#2D8CFF","Light TriangleMusic Light TriangleMusic"
"Light_Trophy","Light","fa:Light","Trophy","[fa:Light_Trophy]","fa:Light_Trophy:#2D8CFF","Light Trophy Light Trophy"
"Light_TrophyAlt","Light","fa:Light","TrophyAlt","[fa:Light_TrophyAlt]","fa:Light_TrophyAlt:#2D8CFF","Light TrophyAlt Light TrophyAlt"
"Light_Truck","Light","fa:Light","Truck","[fa:Light_Truck]","fa:Light_Truck:#2D8CFF","Light Truck Light Truck"
"Light_TruckContainer","Light","fa:Light","TruckContainer","[fa:Light_TruckContainer]","fa:Light_TruckContainer:#2D8CFF","Light TruckContainer Light TruckContainer"
"Light_TruckCouch","Light","fa:Light","TruckCouch","[fa:Light_TruckCouch]","fa:Light_TruckCouch:#2D8CFF","Light TruckCouch Light TruckCouch"
"Light_TruckLoading","Light","fa:Light","TruckLoading","[fa:Light_TruckLoading]","fa:Light_TruckLoading:#2D8CFF","Light TruckLoading Light TruckLoading"
"Light_TruckMonster","Light","fa:Light","TruckMonster","[fa:Light_TruckMonster]","fa:Light_TruckMonster:#2D8CFF","Light TruckMonster Light TruckMonster"
"Light_TruckMoving","Light","fa:Light","TruckMoving","[fa:Light_TruckMoving]","fa:Light_TruckMoving:#2D8CFF","Light TruckMoving Light TruckMoving"
"Light_TruckPickup","Light","fa:Light","TruckPickup","[fa:Light_TruckPickup]","fa:Light_TruckPickup:#2D8CFF","Light TruckPickup Light TruckPickup"
"Light_TruckPlow","Light","fa:Light","TruckPlow","[fa:Light_TruckPlow]","fa:Light_TruckPlow:#2D8CFF","Light TruckPlow Light TruckPlow"
"Light_TruckRamp","Light","fa:Light","TruckRamp","[fa:Light_TruckRamp]","fa:Light_TruckRamp:#2D8CFF","Light TruckRamp Light TruckRamp"
"Light_Trumpet","Light","fa:Light","Trumpet","[fa:Light_Trumpet]","fa:Light_Trumpet:#2D8CFF","Light Trumpet Light Trumpet"
"Light_Tshirt","Light","fa:Light","Tshirt","[fa:Light_Tshirt]","fa:Light_Tshirt:#2D8CFF","Light Tshirt Light Tshirt"
"Light_Tty","Light","fa:Light","Tty","[fa:Light_Tty]","fa:Light_Tty:#2D8CFF","Light Tty Light Tty"
"Light_Turkey","Light","fa:Light","Turkey","[fa:Light_Turkey]","fa:Light_Turkey:#2D8CFF","Light Turkey Light Turkey"
"Light_Turntable","Light","fa:Light","Turntable","[fa:Light_Turntable]","fa:Light_Turntable:#2D8CFF","Light Turntable Light Turntable"
"Light_Turtle","Light","fa:Light","Turtle","[fa:Light_Turtle]","fa:Light_Turtle:#2D8CFF","Light Turtle Light Turtle"
"Light_Tv","Light","fa:Light","Tv","[fa:Light_Tv]","fa:Light_Tv:#2D8CFF","Light Tv Light Tv"
"Light_TvAlt","Light","fa:Light","TvAlt","[fa:Light_TvAlt]","fa:Light_TvAlt:#2D8CFF","Light TvAlt Light TvAlt"
"Light_TvMusic","Light","fa:Light","TvMusic","[fa:Light_TvMusic]","fa:Light_TvMusic:#2D8CFF","Light TvMusic Light TvMusic"
"Light_TvRetro","Light","fa:Light","TvRetro","[fa:Light_TvRetro]","fa:Light_TvRetro:#2D8CFF","Light TvRetro Light TvRetro"
"Light_Typewriter","Light","fa:Light","Typewriter","[fa:Light_Typewriter]","fa:Light_Typewriter:#2D8CFF","Light Typewriter Light Typewriter"
"Light_Ufo","Light","fa:Light","Ufo","[fa:Light_Ufo]","fa:Light_Ufo:#2D8CFF","Light Ufo Light Ufo"
"Light_UfoBeam","Light","fa:Light","UfoBeam","[fa:Light_UfoBeam]","fa:Light_UfoBeam:#2D8CFF","Light UfoBeam Light UfoBeam"
"Light_Umbrella","Light","fa:Light","Umbrella","[fa:Light_Umbrella]","fa:Light_Umbrella:#2D8CFF","Light Umbrella Light Umbrella"
"Light_UmbrellaBeach","Light","fa:Light","UmbrellaBeach","[fa:Light_UmbrellaBeach]","fa:Light_UmbrellaBeach:#2D8CFF","Light UmbrellaBeach Light UmbrellaBeach"
"Light_Underline","Light","fa:Light","Underline","[fa:Light_Underline]","fa:Light_Underline:#2D8CFF","Light Underline Light Underline"
"Light_Undo","Light","fa:Light","Undo","[fa:Light_Undo]","fa:Light_Undo:#2D8CFF","Light Undo Light Undo"
"Light_UndoAlt","Light","fa:Light","UndoAlt","[fa:Light_UndoAlt]","fa:Light_UndoAlt:#2D8CFF","Light UndoAlt Light UndoAlt"
"Light_Unicorn","Light","fa:Light","Unicorn","[fa:Light_Unicorn]","fa:Light_Unicorn:#2D8CFF","Light Unicorn Light Unicorn"
"Light_Union","Light","fa:Light","Union","[fa:Light_Union]","fa:Light_Union:#2D8CFF","Light Union Light Union"
"Light_UniversalAccess","Light","fa:Light","UniversalAccess","[fa:Light_UniversalAccess]","fa:Light_UniversalAccess:#2D8CFF","Light UniversalAccess Light UniversalAccess"
"Light_University","Light","fa:Light","University","[fa:Light_University]","fa:Light_University:#2D8CFF","Light University Light University"
"Light_Unlink","Light","fa:Light","Unlink","[fa:Light_Unlink]","fa:Light_Unlink:#2D8CFF","Light Unlink Light Unlink"
"Light_Unlock","Light","fa:Light","Unlock","[fa:Light_Unlock]","fa:Light_Unlock:#2D8CFF","Light Unlock Light Unlock"
"Light_UnlockAlt","Light","fa:Light","UnlockAlt","[fa:Light_UnlockAlt]","fa:Light_UnlockAlt:#2D8CFF","Light UnlockAlt Light UnlockAlt"
"Light_Upload","Light","fa:Light","Upload","[fa:Light_Upload]","fa:Light_Upload:#2D8CFF","Light Upload Light Upload"
"Light_UsbDrive","Light","fa:Light","UsbDrive","[fa:Light_UsbDrive]","fa:Light_UsbDrive:#2D8CFF","Light UsbDrive Light UsbDrive"
"Light_UsdCircle","Light","fa:Light","UsdCircle","[fa:Light_UsdCircle]","fa:Light_UsdCircle:#2D8CFF","Light UsdCircle Light UsdCircle"
"Light_UsdSquare","Light","fa:Light","UsdSquare","[fa:Light_UsdSquare]","fa:Light_UsdSquare:#2D8CFF","Light UsdSquare Light UsdSquare"
"Light_User","Light","fa:Light","User","[fa:Light_User]","fa:Light_User:#2D8CFF","Light User Light User"
"Light_UserAlien","Light","fa:Light","UserAlien","[fa:Light_UserAlien]","fa:Light_UserAlien:#2D8CFF","Light UserAlien Light UserAlien"
"Light_UserAlt","Light","fa:Light","UserAlt","[fa:Light_UserAlt]","fa:Light_UserAlt:#2D8CFF","Light UserAlt Light UserAlt"
"Light_UserAltSlash","Light","fa:Light","UserAltSlash","[fa:Light_UserAltSlash]","fa:Light_UserAltSlash:#2D8CFF","Light UserAltSlash Light UserAltSlash"
"Light_UserAstronaut","Light","fa:Light","UserAstronaut","[fa:Light_UserAstronaut]","fa:Light_UserAstronaut:#2D8CFF","Light UserAstronaut Light UserAstronaut"
"Light_UserChart","Light","fa:Light","UserChart","[fa:Light_UserChart]","fa:Light_UserChart:#2D8CFF","Light UserChart Light UserChart"
"Light_UserCheck","Light","fa:Light","UserCheck","[fa:Light_UserCheck]","fa:Light_UserCheck:#2D8CFF","Light UserCheck Light UserCheck"
"Light_UserCircle","Light","fa:Light","UserCircle","[fa:Light_UserCircle]","fa:Light_UserCircle:#2D8CFF","Light UserCircle Light UserCircle"
"Light_UserClock","Light","fa:Light","UserClock","[fa:Light_UserClock]","fa:Light_UserClock:#2D8CFF","Light UserClock Light UserClock"
"Light_UserCog","Light","fa:Light","UserCog","[fa:Light_UserCog]","fa:Light_UserCog:#2D8CFF","Light UserCog Light UserCog"
"Light_UserCowboy","Light","fa:Light","UserCowboy","[fa:Light_UserCowboy]","fa:Light_UserCowboy:#2D8CFF","Light UserCowboy Light UserCowboy"
"Light_UserCrown","Light","fa:Light","UserCrown","[fa:Light_UserCrown]","fa:Light_UserCrown:#2D8CFF","Light UserCrown Light UserCrown"
"Light_UserEdit","Light","fa:Light","UserEdit","[fa:Light_UserEdit]","fa:Light_UserEdit:#2D8CFF","Light UserEdit Light UserEdit"
"Light_UserFriends","Light","fa:Light","UserFriends","[fa:Light_UserFriends]","fa:Light_UserFriends:#2D8CFF","Light UserFriends Light UserFriends"
"Light_UserGraduate","Light","fa:Light","UserGraduate","[fa:Light_UserGraduate]","fa:Light_UserGraduate:#2D8CFF","Light UserGraduate Light UserGraduate"
"Light_UserHardHat","Light","fa:Light","UserHardHat","[fa:Light_UserHardHat]","fa:Light_UserHardHat:#2D8CFF","Light UserHardHat Light UserHardHat"
"Light_UserHeadset","Light","fa:Light","UserHeadset","[fa:Light_UserHeadset]","fa:Light_UserHeadset:#2D8CFF","Light UserHeadset Light UserHeadset"
"Light_UserInjured","Light","fa:Light","UserInjured","[fa:Light_UserInjured]","fa:Light_UserInjured:#2D8CFF","Light UserInjured Light UserInjured"
"Light_UserLock","Light","fa:Light","UserLock","[fa:Light_UserLock]","fa:Light_UserLock:#2D8CFF","Light UserLock Light UserLock"
"Light_UserMd","Light","fa:Light","UserMd","[fa:Light_UserMd]","fa:Light_UserMd:#2D8CFF","Light UserMd Light UserMd"
"Light_UserMdChat","Light","fa:Light","UserMdChat","[fa:Light_UserMdChat]","fa:Light_UserMdChat:#2D8CFF","Light UserMdChat Light UserMdChat"
"Light_UserMinus","Light","fa:Light","UserMinus","[fa:Light_UserMinus]","fa:Light_UserMinus:#2D8CFF","Light UserMinus Light UserMinus"
"Light_UserMusic","Light","fa:Light","UserMusic","[fa:Light_UserMusic]","fa:Light_UserMusic:#2D8CFF","Light UserMusic Light UserMusic"
"Light_UserNinja","Light","fa:Light","UserNinja","[fa:Light_UserNinja]","fa:Light_UserNinja:#2D8CFF","Light UserNinja Light UserNinja"
"Light_UserNurse","Light","fa:Light","UserNurse","[fa:Light_UserNurse]","fa:Light_UserNurse:#2D8CFF","Light UserNurse Light UserNurse"
"Light_UserPlus","Light","fa:Light","UserPlus","[fa:Light_UserPlus]","fa:Light_UserPlus:#2D8CFF","Light UserPlus Light UserPlus"
"Light_UserRobot","Light","fa:Light","UserRobot","[fa:Light_UserRobot]","fa:Light_UserRobot:#2D8CFF","Light UserRobot Light UserRobot"
"Light_UserSecret","Light","fa:Light","UserSecret","[fa:Light_UserSecret]","fa:Light_UserSecret:#2D8CFF","Light UserSecret Light UserSecret"
"Light_UserShield","Light","fa:Light","UserShield","[fa:Light_UserShield]","fa:Light_UserShield:#2D8CFF","Light UserShield Light UserShield"
"Light_UserSlash","Light","fa:Light","UserSlash","[fa:Light_UserSlash]","fa:Light_UserSlash:#2D8CFF","Light UserSlash Light UserSlash"
"Light_UserTag","Light","fa:Light","UserTag","[fa:Light_UserTag]","fa:Light_UserTag:#2D8CFF","Light UserTag Light UserTag"
"Light_UserTie","Light","fa:Light","UserTie","[fa:Light_UserTie]","fa:Light_UserTie:#2D8CFF","Light UserTie Light UserTie"
"Light_UserTimes","Light","fa:Light","UserTimes","[fa:Light_UserTimes]","fa:Light_UserTimes:#2D8CFF","Light UserTimes Light UserTimes"
"Light_UserUnlock","Light","fa:Light","UserUnlock","[fa:Light_UserUnlock]","fa:Light_UserUnlock:#2D8CFF","Light UserUnlock Light UserUnlock"
"Light_UserVisor","Light","fa:Light","UserVisor","[fa:Light_UserVisor]","fa:Light_UserVisor:#2D8CFF","Light UserVisor Light UserVisor"
"Light_Users","Light","fa:Light","Users","[fa:Light_Users]","fa:Light_Users:#2D8CFF","Light Users Light Users"
"Light_UsersClass","Light","fa:Light","UsersClass","[fa:Light_UsersClass]","fa:Light_UsersClass:#2D8CFF","Light UsersClass Light UsersClass"
"Light_UsersCog","Light","fa:Light","UsersCog","[fa:Light_UsersCog]","fa:Light_UsersCog:#2D8CFF","Light UsersCog Light UsersCog"
"Light_UsersCrown","Light","fa:Light","UsersCrown","[fa:Light_UsersCrown]","fa:Light_UsersCrown:#2D8CFF","Light UsersCrown Light UsersCrown"
"Light_UsersMedical","Light","fa:Light","UsersMedical","[fa:Light_UsersMedical]","fa:Light_UsersMedical:#2D8CFF","Light UsersMedical Light UsersMedical"
"Light_UsersSlash","Light","fa:Light","UsersSlash","[fa:Light_UsersSlash]","fa:Light_UsersSlash:#2D8CFF","Light UsersSlash Light UsersSlash"
"Light_UtensilFork","Light","fa:Light","UtensilFork","[fa:Light_UtensilFork]","fa:Light_UtensilFork:#2D8CFF","Light UtensilFork Light UtensilFork"
"Light_UtensilKnife","Light","fa:Light","UtensilKnife","[fa:Light_UtensilKnife]","fa:Light_UtensilKnife:#2D8CFF","Light UtensilKnife Light UtensilKnife"
"Light_UtensilSpoon","Light","fa:Light","UtensilSpoon","[fa:Light_UtensilSpoon]","fa:Light_UtensilSpoon:#2D8CFF","Light UtensilSpoon Light UtensilSpoon"
"Light_Utensils","Light","fa:Light","Utensils","[fa:Light_Utensils]","fa:Light_Utensils:#2D8CFF","Light Utensils Light Utensils"
"Light_UtensilsAlt","Light","fa:Light","UtensilsAlt","[fa:Light_UtensilsAlt]","fa:Light_UtensilsAlt:#2D8CFF","Light UtensilsAlt Light UtensilsAlt"
"Light_Vacuum","Light","fa:Light","Vacuum","[fa:Light_Vacuum]","fa:Light_Vacuum:#2D8CFF","Light Vacuum Light Vacuum"
"Light_VacuumRobot","Light","fa:Light","VacuumRobot","[fa:Light_VacuumRobot]","fa:Light_VacuumRobot:#2D8CFF","Light VacuumRobot Light VacuumRobot"
"Light_ValueAbsolute","Light","fa:Light","ValueAbsolute","[fa:Light_ValueAbsolute]","fa:Light_ValueAbsolute:#2D8CFF","Light ValueAbsolute Light ValueAbsolute"
"Light_VectorSquare","Light","fa:Light","VectorSquare","[fa:Light_VectorSquare]","fa:Light_VectorSquare:#2D8CFF","Light VectorSquare Light VectorSquare"
"Light_Venus","Light","fa:Light","Venus","[fa:Light_Venus]","fa:Light_Venus:#2D8CFF","Light Venus Light Venus"
"Light_VenusDouble","Light","fa:Light","VenusDouble","[fa:Light_VenusDouble]","fa:Light_VenusDouble:#2D8CFF","Light VenusDouble Light VenusDouble"
"Light_VenusMars","Light","fa:Light","VenusMars","[fa:Light_VenusMars]","fa:Light_VenusMars:#2D8CFF","Light VenusMars Light VenusMars"
"Light_Vhs","Light","fa:Light","Vhs","[fa:Light_Vhs]","fa:Light_Vhs:#2D8CFF","Light Vhs Light Vhs"
"Light_Vial","Light","fa:Light","Vial","[fa:Light_Vial]","fa:Light_Vial:#2D8CFF","Light Vial Light Vial"
"Light_Vials","Light","fa:Light","Vials","[fa:Light_Vials]","fa:Light_Vials:#2D8CFF","Light Vials Light Vials"
"Light_Video","Light","fa:Light","Video","[fa:Light_Video]","fa:Light_Video:#2D8CFF","Light Video Light Video"
"Light_VideoPlus","Light","fa:Light","VideoPlus","[fa:Light_VideoPlus]","fa:Light_VideoPlus:#2D8CFF","Light VideoPlus Light VideoPlus"
"Light_VideoSlash","Light","fa:Light","VideoSlash","[fa:Light_VideoSlash]","fa:Light_VideoSlash:#2D8CFF","Light VideoSlash Light VideoSlash"
"Light_Vihara","Light","fa:Light","Vihara","[fa:Light_Vihara]","fa:Light_Vihara:#2D8CFF","Light Vihara Light Vihara"
"Light_Violin","Light","fa:Light","Violin","[fa:Light_Violin]","fa:Light_Violin:#2D8CFF","Light Violin Light Violin"
"Light_Virus","Light","fa:Light","Virus","[fa:Light_Virus]","fa:Light_Virus:#2D8CFF","Light Virus Light Virus"
"Light_VirusSlash","Light","fa:Light","VirusSlash","[fa:Light_VirusSlash]","fa:Light_VirusSlash:#2D8CFF","Light VirusSlash Light VirusSlash"
"Light_Viruses","Light","fa:Light","Viruses","[fa:Light_Viruses]","fa:Light_Viruses:#2D8CFF","Light Viruses Light Viruses"
"Light_Voicemail","Light","fa:Light","Voicemail","[fa:Light_Voicemail]","fa:Light_Voicemail:#2D8CFF","Light Voicemail Light Voicemail"
"Light_Volcano","Light","fa:Light","Volcano","[fa:Light_Volcano]","fa:Light_Volcano:#2D8CFF","Light Volcano Light Volcano"
"Light_VolleyballBall","Light","fa:Light","VolleyballBall","[fa:Light_VolleyballBall]","fa:Light_VolleyballBall:#2D8CFF","Light VolleyballBall Light VolleyballBall"
"Light_Volume","Light","fa:Light","Volume","[fa:Light_Volume]","fa:Light_Volume:#2D8CFF","Light Volume Light Volume"
"Light_VolumeDown","Light","fa:Light","VolumeDown","[fa:Light_VolumeDown]","fa:Light_VolumeDown:#2D8CFF","Light VolumeDown Light VolumeDown"
"Light_VolumeMute","Light","fa:Light","VolumeMute","[fa:Light_VolumeMute]","fa:Light_VolumeMute:#2D8CFF","Light VolumeMute Light VolumeMute"
"Light_VolumeOff","Light","fa:Light","VolumeOff","[fa:Light_VolumeOff]","fa:Light_VolumeOff:#2D8CFF","Light VolumeOff Light VolumeOff"
"Light_VolumeSlash","Light","fa:Light","VolumeSlash","[fa:Light_VolumeSlash]","fa:Light_VolumeSlash:#2D8CFF","Light VolumeSlash Light VolumeSlash"
"Light_VolumeUp","Light","fa:Light","VolumeUp","[fa:Light_VolumeUp]","fa:Light_VolumeUp:#2D8CFF","Light VolumeUp Light VolumeUp"
"Light_VoteNay","Light","fa:Light","VoteNay","[fa:Light_VoteNay]","fa:Light_VoteNay:#2D8CFF","Light VoteNay Light VoteNay"
"Light_VoteYea","Light","fa:Light","VoteYea","[fa:Light_VoteYea]","fa:Light_VoteYea:#2D8CFF","Light VoteYea Light VoteYea"
"Light_VrCardboard","Light","fa:Light","VrCardboard","[fa:Light_VrCardboard]","fa:Light_VrCardboard:#2D8CFF","Light VrCardboard Light VrCardboard"
"Light_WagonCovered","Light","fa:Light","WagonCovered","[fa:Light_WagonCovered]","fa:Light_WagonCovered:#2D8CFF","Light WagonCovered Light WagonCovered"
"Light_Walker","Light","fa:Light","Walker","[fa:Light_Walker]","fa:Light_Walker:#2D8CFF","Light Walker Light Walker"
"Light_WalkieTalkie","Light","fa:Light","WalkieTalkie","[fa:Light_WalkieTalkie]","fa:Light_WalkieTalkie:#2D8CFF","Light WalkieTalkie Light WalkieTalkie"
"Light_Walking","Light","fa:Light","Walking","[fa:Light_Walking]","fa:Light_Walking:#2D8CFF","Light Walking Light Walking"
"Light_Wallet","Light","fa:Light","Wallet","[fa:Light_Wallet]","fa:Light_Wallet:#2D8CFF","Light Wallet Light Wallet"
"Light_Wand","Light","fa:Light","Wand","[fa:Light_Wand]","fa:Light_Wand:#2D8CFF","Light Wand Light Wand"
"Light_WandMagic","Light","fa:Light","WandMagic","[fa:Light_WandMagic]","fa:Light_WandMagic:#2D8CFF","Light WandMagic Light WandMagic"
"Light_Warehouse","Light","fa:Light","Warehouse","[fa:Light_Warehouse]","fa:Light_Warehouse:#2D8CFF","Light Warehouse Light Warehouse"
"Light_WarehouseAlt","Light","fa:Light","WarehouseAlt","[fa:Light_WarehouseAlt]","fa:Light_WarehouseAlt:#2D8CFF","Light WarehouseAlt Light WarehouseAlt"
"Light_Washer","Light","fa:Light","Washer","[fa:Light_Washer]","fa:Light_Washer:#2D8CFF","Light Washer Light Washer"
"Light_Watch","Light","fa:Light","Watch","[fa:Light_Watch]","fa:Light_Watch:#2D8CFF","Light Watch Light Watch"
"Light_WatchCalculator","Light","fa:Light","WatchCalculator","[fa:Light_WatchCalculator]","fa:Light_WatchCalculator:#2D8CFF","Light WatchCalculator Light WatchCalculator"
"Light_WatchFitness","Light","fa:Light","WatchFitness","[fa:Light_WatchFitness]","fa:Light_WatchFitness:#2D8CFF","Light WatchFitness Light WatchFitness"
"Light_Water","Light","fa:Light","Water","[fa:Light_Water]","fa:Light_Water:#2D8CFF","Light Water Light Water"
"Light_WaterLower","Light","fa:Light","WaterLower","[fa:Light_WaterLower]","fa:Light_WaterLower:#2D8CFF","Light WaterLower Light WaterLower"
"Light_WaterRise","Light","fa:Light","WaterRise","[fa:Light_WaterRise]","fa:Light_WaterRise:#2D8CFF","Light WaterRise Light WaterRise"
"Light_WaveSine","Light","fa:Light","WaveSine","[fa:Light_WaveSine]","fa:Light_WaveSine:#2D8CFF","Light WaveSine Light WaveSine"
"Light_WaveSquare","Light","fa:Light","WaveSquare","[fa:Light_WaveSquare]","fa:Light_WaveSquare:#2D8CFF","Light WaveSquare Light WaveSquare"
"Light_WaveTriangle","Light","fa:Light","WaveTriangle","[fa:Light_WaveTriangle]","fa:Light_WaveTriangle:#2D8CFF","Light WaveTriangle Light WaveTriangle"
"Light_Waveform","Light","fa:Light","Waveform","[fa:Light_Waveform]","fa:Light_Waveform:#2D8CFF","Light Waveform Light Waveform"
"Light_WaveformPath","Light","fa:Light","WaveformPath","[fa:Light_WaveformPath]","fa:Light_WaveformPath:#2D8CFF","Light WaveformPath Light WaveformPath"
"Light_Webcam","Light","fa:Light","Webcam","[fa:Light_Webcam]","fa:Light_Webcam:#2D8CFF","Light Webcam Light Webcam"
"Light_WebcamSlash","Light","fa:Light","WebcamSlash","[fa:Light_WebcamSlash]","fa:Light_WebcamSlash:#2D8CFF","Light WebcamSlash Light WebcamSlash"
"Light_Weight","Light","fa:Light","Weight","[fa:Light_Weight]","fa:Light_Weight:#2D8CFF","Light Weight Light Weight"
"Light_WeightHanging","Light","fa:Light","WeightHanging","[fa:Light_WeightHanging]","fa:Light_WeightHanging:#2D8CFF","Light WeightHanging Light WeightHanging"
"Light_Whale","Light","fa:Light","Whale","[fa:Light_Whale]","fa:Light_Whale:#2D8CFF","Light Whale Light Whale"
"Light_Wheat","Light","fa:Light","Wheat","[fa:Light_Wheat]","fa:Light_Wheat:#2D8CFF","Light Wheat Light Wheat"
"Light_Wheelchair","Light","fa:Light","Wheelchair","[fa:Light_Wheelchair]","fa:Light_Wheelchair:#2D8CFF","Light Wheelchair Light Wheelchair"
"Light_Whistle","Light","fa:Light","Whistle","[fa:Light_Whistle]","fa:Light_Whistle:#2D8CFF","Light Whistle Light Whistle"
"Light_Wifi","Light","fa:Light","Wifi","[fa:Light_Wifi]","fa:Light_Wifi:#2D8CFF","Light Wifi Light Wifi"
"Light_Wifi1","Light","fa:Light","Wifi1","[fa:Light_Wifi1]","fa:Light_Wifi1:#2D8CFF","Light Wifi1 Light Wifi1"
"Light_Wifi2","Light","fa:Light","Wifi2","[fa:Light_Wifi2]","fa:Light_Wifi2:#2D8CFF","Light Wifi2 Light Wifi2"
"Light_WifiSlash","Light","fa:Light","WifiSlash","[fa:Light_WifiSlash]","fa:Light_WifiSlash:#2D8CFF","Light WifiSlash Light WifiSlash"
"Light_Wind","Light","fa:Light","Wind","[fa:Light_Wind]","fa:Light_Wind:#2D8CFF","Light Wind Light Wind"
"Light_WindTurbine","Light","fa:Light","WindTurbine","[fa:Light_WindTurbine]","fa:Light_WindTurbine:#2D8CFF","Light WindTurbine Light WindTurbine"
"Light_WindWarning","Light","fa:Light","WindWarning","[fa:Light_WindWarning]","fa:Light_WindWarning:#2D8CFF","Light WindWarning Light WindWarning"
"Light_Window","Light","fa:Light","Window","[fa:Light_Window]","fa:Light_Window:#2D8CFF","Light Window Light Window"
"Light_WindowAlt","Light","fa:Light","WindowAlt","[fa:Light_WindowAlt]","fa:Light_WindowAlt:#2D8CFF","Light WindowAlt Light WindowAlt"
"Light_WindowClose","Light","fa:Light","WindowClose","[fa:Light_WindowClose]","fa:Light_WindowClose:#2D8CFF","Light WindowClose Light WindowClose"
"Light_WindowFrame","Light","fa:Light","WindowFrame","[fa:Light_WindowFrame]","fa:Light_WindowFrame:#2D8CFF","Light WindowFrame Light WindowFrame"
"Light_WindowFrameOpen","Light","fa:Light","WindowFrameOpen","[fa:Light_WindowFrameOpen]","fa:Light_WindowFrameOpen:#2D8CFF","Light WindowFrameOpen Light WindowFrameOpen"
"Light_WindowMaximize","Light","fa:Light","WindowMaximize","[fa:Light_WindowMaximize]","fa:Light_WindowMaximize:#2D8CFF","Light WindowMaximize Light WindowMaximize"
"Light_WindowMinimize","Light","fa:Light","WindowMinimize","[fa:Light_WindowMinimize]","fa:Light_WindowMinimize:#2D8CFF","Light WindowMinimize Light WindowMinimize"
"Light_WindowRestore","Light","fa:Light","WindowRestore","[fa:Light_WindowRestore]","fa:Light_WindowRestore:#2D8CFF","Light WindowRestore Light WindowRestore"
"Light_Windsock","Light","fa:Light","Windsock","[fa:Light_Windsock]","fa:Light_Windsock:#2D8CFF","Light Windsock Light Windsock"
"Light_WineBottle","Light","fa:Light","WineBottle","[fa:Light_WineBottle]","fa:Light_WineBottle:#2D8CFF","Light WineBottle Light WineBottle"
"Light_WineGlass","Light","fa:Light","WineGlass","[fa:Light_WineGlass]","fa:Light_WineGlass:#2D8CFF","Light WineGlass Light WineGlass"
"Light_WineGlassAlt","Light","fa:Light","WineGlassAlt","[fa:Light_WineGlassAlt]","fa:Light_WineGlassAlt:#2D8CFF","Light WineGlassAlt Light WineGlassAlt"
"Light_WonSign","Light","fa:Light","WonSign","[fa:Light_WonSign]","fa:Light_WonSign:#2D8CFF","Light WonSign Light WonSign"
"Light_Wreath","Light","fa:Light","Wreath","[fa:Light_Wreath]","fa:Light_Wreath:#2D8CFF","Light Wreath Light Wreath"
"Light_Wrench","Light","fa:Light","Wrench","[fa:Light_Wrench]","fa:Light_Wrench:#2D8CFF","Light Wrench Light Wrench"
"Light_XRay","Light","fa:Light","XRay","[fa:Light_XRay]","fa:Light_XRay:#2D8CFF","Light XRay Light XRay"
"Light_YenSign","Light","fa:Light","YenSign","[fa:Light_YenSign]","fa:Light_YenSign:#2D8CFF","Light YenSign Light YenSign"
"Light_YinYang","Light","fa:Light","YinYang","[fa:Light_YinYang]","fa:Light_YinYang:#2D8CFF","Light YinYang Light YinYang"
"Brands__500Px","Brands","fa:Brands","_500Px","[fa:Brands__500Px]","fa:Brands__500Px:#2D8CFF","Brands  500Px Brands  500Px"
"Brands_AccessibleIcon","Brands","fa:Brands","AccessibleIcon","[fa:Brands_AccessibleIcon]","fa:Brands_AccessibleIcon:#2D8CFF","Brands AccessibleIcon Brands AccessibleIcon"
"Brands_Accusoft","Brands","fa:Brands","Accusoft","[fa:Brands_Accusoft]","fa:Brands_Accusoft:#2D8CFF","Brands Accusoft Brands Accusoft"
"Brands_AcquisitionsIncorporated","Brands","fa:Brands","AcquisitionsIncorporated","[fa:Brands_AcquisitionsIncorporated]","fa:Brands_AcquisitionsIncorporated:#2D8CFF","Brands AcquisitionsIncorporated Brands AcquisitionsIncorporated"
"Brands_Adn","Brands","fa:Brands","Adn","[fa:Brands_Adn]","fa:Brands_Adn:#2D8CFF","Brands Adn Brands Adn"
"Brands_Adobe","Brands","fa:Brands","Adobe","[fa:Brands_Adobe]","fa:Brands_Adobe:#2D8CFF","Brands Adobe Brands Adobe"
"Brands_Adversal","Brands","fa:Brands","Adversal","[fa:Brands_Adversal]","fa:Brands_Adversal:#2D8CFF","Brands Adversal Brands Adversal"
"Brands_Affiliatetheme","Brands","fa:Brands","Affiliatetheme","[fa:Brands_Affiliatetheme]","fa:Brands_Affiliatetheme:#2D8CFF","Brands Affiliatetheme Brands Affiliatetheme"
"Brands_Airbnb","Brands","fa:Brands","Airbnb","[fa:Brands_Airbnb]","fa:Brands_Airbnb:#2D8CFF","Brands Airbnb Brands Airbnb"
"Brands_Algolia","Brands","fa:Brands","Algolia","[fa:Brands_Algolia]","fa:Brands_Algolia:#2D8CFF","Brands Algolia Brands Algolia"
"Brands_Alipay","Brands","fa:Brands","Alipay","[fa:Brands_Alipay]","fa:Brands_Alipay:#2D8CFF","Brands Alipay Brands Alipay"
"Brands_Amazon","Brands","fa:Brands","Amazon","[fa:Brands_Amazon]","fa:Brands_Amazon:#2D8CFF","Brands Amazon Brands Amazon"
"Brands_AmazonPay","Brands","fa:Brands","AmazonPay","[fa:Brands_AmazonPay]","fa:Brands_AmazonPay:#2D8CFF","Brands AmazonPay Brands AmazonPay"
"Brands_Amilia","Brands","fa:Brands","Amilia","[fa:Brands_Amilia]","fa:Brands_Amilia:#2D8CFF","Brands Amilia Brands Amilia"
"Brands_Android","Brands","fa:Brands","Android","[fa:Brands_Android]","fa:Brands_Android:#2D8CFF","Brands Android Brands Android"
"Brands_Angellist","Brands","fa:Brands","Angellist","[fa:Brands_Angellist]","fa:Brands_Angellist:#2D8CFF","Brands Angellist Brands Angellist"
"Brands_Angrycreative","Brands","fa:Brands","Angrycreative","[fa:Brands_Angrycreative]","fa:Brands_Angrycreative:#2D8CFF","Brands Angrycreative Brands Angrycreative"
"Brands_Angular","Brands","fa:Brands","Angular","[fa:Brands_Angular]","fa:Brands_Angular:#2D8CFF","Brands Angular Brands Angular"
"Brands_AppStore","Brands","fa:Brands","AppStore","[fa:Brands_AppStore]","fa:Brands_AppStore:#2D8CFF","Brands AppStore Brands AppStore"
"Brands_AppStoreIos","Brands","fa:Brands","AppStoreIos","[fa:Brands_AppStoreIos]","fa:Brands_AppStoreIos:#2D8CFF","Brands AppStoreIos Brands AppStoreIos"
"Brands_Apper","Brands","fa:Brands","Apper","[fa:Brands_Apper]","fa:Brands_Apper:#2D8CFF","Brands Apper Brands Apper"
"Brands_Apple","Brands","fa:Brands","Apple","[fa:Brands_Apple]","fa:Brands_Apple:#2D8CFF","Brands Apple Brands Apple"
"Brands_ApplePay","Brands","fa:Brands","ApplePay","[fa:Brands_ApplePay]","fa:Brands_ApplePay:#2D8CFF","Brands ApplePay Brands ApplePay"
"Brands_Artstation","Brands","fa:Brands","Artstation","[fa:Brands_Artstation]","fa:Brands_Artstation:#2D8CFF","Brands Artstation Brands Artstation"
"Brands_Asymmetrik","Brands","fa:Brands","Asymmetrik","[fa:Brands_Asymmetrik]","fa:Brands_Asymmetrik:#2D8CFF","Brands Asymmetrik Brands Asymmetrik"
"Brands_Atlassian","Brands","fa:Brands","Atlassian","[fa:Brands_Atlassian]","fa:Brands_Atlassian:#2D8CFF","Brands Atlassian Brands Atlassian"
"Brands_Audible","Brands","fa:Brands","Audible","[fa:Brands_Audible]","fa:Brands_Audible:#2D8CFF","Brands Audible Brands Audible"
"Brands_Autoprefixer","Brands","fa:Brands","Autoprefixer","[fa:Brands_Autoprefixer]","fa:Brands_Autoprefixer:#2D8CFF","Brands Autoprefixer Brands Autoprefixer"
"Brands_Avianex","Brands","fa:Brands","Avianex","[fa:Brands_Avianex]","fa:Brands_Avianex:#2D8CFF","Brands Avianex Brands Avianex"
"Brands_Aviato","Brands","fa:Brands","Aviato","[fa:Brands_Aviato]","fa:Brands_Aviato:#2D8CFF","Brands Aviato Brands Aviato"
"Brands_Aws","Brands","fa:Brands","Aws","[fa:Brands_Aws]","fa:Brands_Aws:#2D8CFF","Brands Aws Brands Aws"
"Brands_Bandcamp","Brands","fa:Brands","Bandcamp","[fa:Brands_Bandcamp]","fa:Brands_Bandcamp:#2D8CFF","Brands Bandcamp Brands Bandcamp"
"Brands_BattleNet","Brands","fa:Brands","BattleNet","[fa:Brands_BattleNet]","fa:Brands_BattleNet:#2D8CFF","Brands BattleNet Brands BattleNet"
"Brands_Behance","Brands","fa:Brands","Behance","[fa:Brands_Behance]","fa:Brands_Behance:#2D8CFF","Brands Behance Brands Behance"
"Brands_BehanceSquare","Brands","fa:Brands","BehanceSquare","[fa:Brands_BehanceSquare]","fa:Brands_BehanceSquare:#2D8CFF","Brands BehanceSquare Brands BehanceSquare"
"Brands_Bimobject","Brands","fa:Brands","Bimobject","[fa:Brands_Bimobject]","fa:Brands_Bimobject:#2D8CFF","Brands Bimobject Brands Bimobject"
"Brands_Bitbucket","Brands","fa:Brands","Bitbucket","[fa:Brands_Bitbucket]","fa:Brands_Bitbucket:#2D8CFF","Brands Bitbucket Brands Bitbucket"
"Brands_Bitcoin","Brands","fa:Brands","Bitcoin","[fa:Brands_Bitcoin]","fa:Brands_Bitcoin:#2D8CFF","Brands Bitcoin Brands Bitcoin"
"Brands_Bity","Brands","fa:Brands","Bity","[fa:Brands_Bity]","fa:Brands_Bity:#2D8CFF","Brands Bity Brands Bity"
"Brands_BlackTie","Brands","fa:Brands","BlackTie","[fa:Brands_BlackTie]","fa:Brands_BlackTie:#2D8CFF","Brands BlackTie Brands BlackTie"
"Brands_Blackberry","Brands","fa:Brands","Blackberry","[fa:Brands_Blackberry]","fa:Brands_Blackberry:#2D8CFF","Brands Blackberry Brands Blackberry"
"Brands_Blogger","Brands","fa:Brands","Blogger","[fa:Brands_Blogger]","fa:Brands_Blogger:#2D8CFF","Brands Blogger Brands Blogger"
"Brands_BloggerB","Brands","fa:Brands","BloggerB","[fa:Brands_BloggerB]","fa:Brands_BloggerB:#2D8CFF","Brands BloggerB Brands BloggerB"
"Brands_Bluetooth","Brands","fa:Brands","Bluetooth","[fa:Brands_Bluetooth]","fa:Brands_Bluetooth:#2D8CFF","Brands Bluetooth Brands Bluetooth"
"Brands_BluetoothB","Brands","fa:Brands","BluetoothB","[fa:Brands_BluetoothB]","fa:Brands_BluetoothB:#2D8CFF","Brands BluetoothB Brands BluetoothB"
"Brands_Bootstrap","Brands","fa:Brands","Bootstrap","[fa:Brands_Bootstrap]","fa:Brands_Bootstrap:#2D8CFF","Brands Bootstrap Brands Bootstrap"
"Brands_Btc","Brands","fa:Brands","Btc","[fa:Brands_Btc]","fa:Brands_Btc:#2D8CFF","Brands Btc Brands Btc"
"Brands_Buffer","Brands","fa:Brands","Buffer","[fa:Brands_Buffer]","fa:Brands_Buffer:#2D8CFF","Brands Buffer Brands Buffer"
"Brands_Buromobelexperte","Brands","fa:Brands","Buromobelexperte","[fa:Brands_Buromobelexperte]","fa:Brands_Buromobelexperte:#2D8CFF","Brands Buromobelexperte Brands Buromobelexperte"
"Brands_BuyNLarge","Brands","fa:Brands","BuyNLarge","[fa:Brands_BuyNLarge]","fa:Brands_BuyNLarge:#2D8CFF","Brands BuyNLarge Brands BuyNLarge"
"Brands_Buysellads","Brands","fa:Brands","Buysellads","[fa:Brands_Buysellads]","fa:Brands_Buysellads:#2D8CFF","Brands Buysellads Brands Buysellads"
"Brands_CanadianMapleLeaf","Brands","fa:Brands","CanadianMapleLeaf","[fa:Brands_CanadianMapleLeaf]","fa:Brands_CanadianMapleLeaf:#2D8CFF","Brands CanadianMapleLeaf Brands CanadianMapleLeaf"
"Brands_CcAmazonPay","Brands","fa:Brands","CcAmazonPay","[fa:Brands_CcAmazonPay]","fa:Brands_CcAmazonPay:#2D8CFF","Brands CcAmazonPay Brands CcAmazonPay"
"Brands_CcAmex","Brands","fa:Brands","CcAmex","[fa:Brands_CcAmex]","fa:Brands_CcAmex:#2D8CFF","Brands CcAmex Brands CcAmex"
"Brands_CcApplePay","Brands","fa:Brands","CcApplePay","[fa:Brands_CcApplePay]","fa:Brands_CcApplePay:#2D8CFF","Brands CcApplePay Brands CcApplePay"
"Brands_CcDinersClub","Brands","fa:Brands","CcDinersClub","[fa:Brands_CcDinersClub]","fa:Brands_CcDinersClub:#2D8CFF","Brands CcDinersClub Brands CcDinersClub"
"Brands_CcDiscover","Brands","fa:Brands","CcDiscover","[fa:Brands_CcDiscover]","fa:Brands_CcDiscover:#2D8CFF","Brands CcDiscover Brands CcDiscover"
"Brands_CcJcb","Brands","fa:Brands","CcJcb","[fa:Brands_CcJcb]","fa:Brands_CcJcb:#2D8CFF","Brands CcJcb Brands CcJcb"
"Brands_CcMastercard","Brands","fa:Brands","CcMastercard","[fa:Brands_CcMastercard]","fa:Brands_CcMastercard:#2D8CFF","Brands CcMastercard Brands CcMastercard"
"Brands_CcPaypal","Brands","fa:Brands","CcPaypal","[fa:Brands_CcPaypal]","fa:Brands_CcPaypal:#2D8CFF","Brands CcPaypal Brands CcPaypal"
"Brands_CcStripe","Brands","fa:Brands","CcStripe","[fa:Brands_CcStripe]","fa:Brands_CcStripe:#2D8CFF","Brands CcStripe Brands CcStripe"
"Brands_CcVisa","Brands","fa:Brands","CcVisa","[fa:Brands_CcVisa]","fa:Brands_CcVisa:#2D8CFF","Brands CcVisa Brands CcVisa"
"Brands_Centercode","Brands","fa:Brands","Centercode","[fa:Brands_Centercode]","fa:Brands_Centercode:#2D8CFF","Brands Centercode Brands Centercode"
"Brands_Centos","Brands","fa:Brands","Centos","[fa:Brands_Centos]","fa:Brands_Centos:#2D8CFF","Brands Centos Brands Centos"
"Brands_Chrome","Brands","fa:Brands","Chrome","[fa:Brands_Chrome]","fa:Brands_Chrome:#2D8CFF","Brands Chrome Brands Chrome"
"Brands_Chromecast","Brands","fa:Brands","Chromecast","[fa:Brands_Chromecast]","fa:Brands_Chromecast:#2D8CFF","Brands Chromecast Brands Chromecast"
"Brands_Cloudscale","Brands","fa:Brands","Cloudscale","[fa:Brands_Cloudscale]","fa:Brands_Cloudscale:#2D8CFF","Brands Cloudscale Brands Cloudscale"
"Brands_Cloudsmith","Brands","fa:Brands","Cloudsmith","[fa:Brands_Cloudsmith]","fa:Brands_Cloudsmith:#2D8CFF","Brands Cloudsmith Brands Cloudsmith"
"Brands_Cloudversify","Brands","fa:Brands","Cloudversify","[fa:Brands_Cloudversify]","fa:Brands_Cloudversify:#2D8CFF","Brands Cloudversify Brands Cloudversify"
"Brands_Codepen","Brands","fa:Brands","Codepen","[fa:Brands_Codepen]","fa:Brands_Codepen:#2D8CFF","Brands Codepen Brands Codepen"
"Brands_Codiepie","Brands","fa:Brands","Codiepie","[fa:Brands_Codiepie]","fa:Brands_Codiepie:#2D8CFF","Brands Codiepie Brands Codiepie"
"Brands_Confluence","Brands","fa:Brands","Confluence","[fa:Brands_Confluence]","fa:Brands_Confluence:#2D8CFF","Brands Confluence Brands Confluence"
"Brands_Connectdevelop","Brands","fa:Brands","Connectdevelop","[fa:Brands_Connectdevelop]","fa:Brands_Connectdevelop:#2D8CFF","Brands Connectdevelop Brands Connectdevelop"
"Brands_Contao","Brands","fa:Brands","Contao","[fa:Brands_Contao]","fa:Brands_Contao:#2D8CFF","Brands Contao Brands Contao"
"Brands_CottonBureau","Brands","fa:Brands","CottonBureau","[fa:Brands_CottonBureau]","fa:Brands_CottonBureau:#2D8CFF","Brands CottonBureau Brands CottonBureau"
"Brands_Cpanel","Brands","fa:Brands","Cpanel","[fa:Brands_Cpanel]","fa:Brands_Cpanel:#2D8CFF","Brands Cpanel Brands Cpanel"
"Brands_CreativeCommons","Brands","fa:Brands","CreativeCommons","[fa:Brands_CreativeCommons]","fa:Brands_CreativeCommons:#2D8CFF","Brands CreativeCommons Brands CreativeCommons"
"Brands_CreativeCommonsBy","Brands","fa:Brands","CreativeCommonsBy","[fa:Brands_CreativeCommonsBy]","fa:Brands_CreativeCommonsBy:#2D8CFF","Brands CreativeCommonsBy Brands CreativeCommonsBy"
"Brands_CreativeCommonsNc","Brands","fa:Brands","CreativeCommonsNc","[fa:Brands_CreativeCommonsNc]","fa:Brands_CreativeCommonsNc:#2D8CFF","Brands CreativeCommonsNc Brands CreativeCommonsNc"
"Brands_CreativeCommonsNcEu","Brands","fa:Brands","CreativeCommonsNcEu","[fa:Brands_CreativeCommonsNcEu]","fa:Brands_CreativeCommonsNcEu:#2D8CFF","Brands CreativeCommonsNcEu Brands CreativeCommonsNcEu"
"Brands_CreativeCommonsNcJp","Brands","fa:Brands","CreativeCommonsNcJp","[fa:Brands_CreativeCommonsNcJp]","fa:Brands_CreativeCommonsNcJp:#2D8CFF","Brands CreativeCommonsNcJp Brands CreativeCommonsNcJp"
"Brands_CreativeCommonsNd","Brands","fa:Brands","CreativeCommonsNd","[fa:Brands_CreativeCommonsNd]","fa:Brands_CreativeCommonsNd:#2D8CFF","Brands CreativeCommonsNd Brands CreativeCommonsNd"
"Brands_CreativeCommonsPd","Brands","fa:Brands","CreativeCommonsPd","[fa:Brands_CreativeCommonsPd]","fa:Brands_CreativeCommonsPd:#2D8CFF","Brands CreativeCommonsPd Brands CreativeCommonsPd"
"Brands_CreativeCommonsPdAlt","Brands","fa:Brands","CreativeCommonsPdAlt","[fa:Brands_CreativeCommonsPdAlt]","fa:Brands_CreativeCommonsPdAlt:#2D8CFF","Brands CreativeCommonsPdAlt Brands CreativeCommonsPdAlt"
"Brands_CreativeCommonsRemix","Brands","fa:Brands","CreativeCommonsRemix","[fa:Brands_CreativeCommonsRemix]","fa:Brands_CreativeCommonsRemix:#2D8CFF","Brands CreativeCommonsRemix Brands CreativeCommonsRemix"
"Brands_CreativeCommonsSa","Brands","fa:Brands","CreativeCommonsSa","[fa:Brands_CreativeCommonsSa]","fa:Brands_CreativeCommonsSa:#2D8CFF","Brands CreativeCommonsSa Brands CreativeCommonsSa"
"Brands_CreativeCommonsSampling","Brands","fa:Brands","CreativeCommonsSampling","[fa:Brands_CreativeCommonsSampling]","fa:Brands_CreativeCommonsSampling:#2D8CFF","Brands CreativeCommonsSampling Brands CreativeCommonsSampling"
"Brands_CreativeCommonsSamplingPlus","Brands","fa:Brands","CreativeCommonsSamplingPlus","[fa:Brands_CreativeCommonsSamplingPlus]","fa:Brands_CreativeCommonsSamplingPlus:#2D8CFF","Brands CreativeCommonsSamplingPlus Brands CreativeCommonsSamplingPlus"
"Brands_CreativeCommonsShare","Brands","fa:Brands","CreativeCommonsShare","[fa:Brands_CreativeCommonsShare]","fa:Brands_CreativeCommonsShare:#2D8CFF","Brands CreativeCommonsShare Brands CreativeCommonsShare"
"Brands_CreativeCommonsZero","Brands","fa:Brands","CreativeCommonsZero","[fa:Brands_CreativeCommonsZero]","fa:Brands_CreativeCommonsZero:#2D8CFF","Brands CreativeCommonsZero Brands CreativeCommonsZero"
"Brands_CriticalRole","Brands","fa:Brands","CriticalRole","[fa:Brands_CriticalRole]","fa:Brands_CriticalRole:#2D8CFF","Brands CriticalRole Brands CriticalRole"
"Brands_Css3","Brands","fa:Brands","Css3","[fa:Brands_Css3]","fa:Brands_Css3:#2D8CFF","Brands Css3 Brands Css3"
"Brands_Css3Alt","Brands","fa:Brands","Css3Alt","[fa:Brands_Css3Alt]","fa:Brands_Css3Alt:#2D8CFF","Brands Css3Alt Brands Css3Alt"
"Brands_Cuttlefish","Brands","fa:Brands","Cuttlefish","[fa:Brands_Cuttlefish]","fa:Brands_Cuttlefish:#2D8CFF","Brands Cuttlefish Brands Cuttlefish"
"Brands_DAndD","Brands","fa:Brands","DAndD","[fa:Brands_DAndD]","fa:Brands_DAndD:#2D8CFF","Brands DAndD Brands DAndD"
"Brands_DAndDBeyond","Brands","fa:Brands","DAndDBeyond","[fa:Brands_DAndDBeyond]","fa:Brands_DAndDBeyond:#2D8CFF","Brands DAndDBeyond Brands DAndDBeyond"
"Brands_Dailymotion","Brands","fa:Brands","Dailymotion","[fa:Brands_Dailymotion]","fa:Brands_Dailymotion:#2D8CFF","Brands Dailymotion Brands Dailymotion"
"Brands_Dashcube","Brands","fa:Brands","Dashcube","[fa:Brands_Dashcube]","fa:Brands_Dashcube:#2D8CFF","Brands Dashcube Brands Dashcube"
"Brands_Delicious","Brands","fa:Brands","Delicious","[fa:Brands_Delicious]","fa:Brands_Delicious:#2D8CFF","Brands Delicious Brands Delicious"
"Brands_Deploydog","Brands","fa:Brands","Deploydog","[fa:Brands_Deploydog]","fa:Brands_Deploydog:#2D8CFF","Brands Deploydog Brands Deploydog"
"Brands_Deskpro","Brands","fa:Brands","Deskpro","[fa:Brands_Deskpro]","fa:Brands_Deskpro:#2D8CFF","Brands Deskpro Brands Deskpro"
"Brands_Dev","Brands","fa:Brands","Dev","[fa:Brands_Dev]","fa:Brands_Dev:#2D8CFF","Brands Dev Brands Dev"
"Brands_Deviantart","Brands","fa:Brands","Deviantart","[fa:Brands_Deviantart]","fa:Brands_Deviantart:#2D8CFF","Brands Deviantart Brands Deviantart"
"Brands_Dhl","Brands","fa:Brands","Dhl","[fa:Brands_Dhl]","fa:Brands_Dhl:#2D8CFF","Brands Dhl Brands Dhl"
"Brands_Diaspora","Brands","fa:Brands","Diaspora","[fa:Brands_Diaspora]","fa:Brands_Diaspora:#2D8CFF","Brands Diaspora Brands Diaspora"
"Brands_Digg","Brands","fa:Brands","Digg","[fa:Brands_Digg]","fa:Brands_Digg:#2D8CFF","Brands Digg Brands Digg"
"Brands_DigitalOcean","Brands","fa:Brands","DigitalOcean","[fa:Brands_DigitalOcean]","fa:Brands_DigitalOcean:#2D8CFF","Brands DigitalOcean Brands DigitalOcean"
"Brands_Discord","Brands","fa:Brands","Discord","[fa:Brands_Discord]","fa:Brands_Discord:#2D8CFF","Brands Discord Brands Discord"
"Brands_Discourse","Brands","fa:Brands","Discourse","[fa:Brands_Discourse]","fa:Brands_Discourse:#2D8CFF","Brands Discourse Brands Discourse"
"Brands_Dochub","Brands","fa:Brands","Dochub","[fa:Brands_Dochub]","fa:Brands_Dochub:#2D8CFF","Brands Dochub Brands Dochub"
"Brands_Docker","Brands","fa:Brands","Docker","[fa:Brands_Docker]","fa:Brands_Docker:#2D8CFF","Brands Docker Brands Docker"
"Brands_Draft2digital","Brands","fa:Brands","Draft2digital","[fa:Brands_Draft2digital]","fa:Brands_Draft2digital:#2D8CFF","Brands Draft2digital Brands Draft2digital"
"Brands_Dribbble","Brands","fa:Brands","Dribbble","[fa:Brands_Dribbble]","fa:Brands_Dribbble:#2D8CFF","Brands Dribbble Brands Dribbble"
"Brands_DribbbleSquare","Brands","fa:Brands","DribbbleSquare","[fa:Brands_DribbbleSquare]","fa:Brands_DribbbleSquare:#2D8CFF","Brands DribbbleSquare Brands DribbbleSquare"
"Brands_Dropbox","Brands","fa:Brands","Dropbox","[fa:Brands_Dropbox]","fa:Brands_Dropbox:#2D8CFF","Brands Dropbox Brands Dropbox"
"Brands_Drupal","Brands","fa:Brands","Drupal","[fa:Brands_Drupal]","fa:Brands_Drupal:#2D8CFF","Brands Drupal Brands Drupal"
"Brands_Dyalog","Brands","fa:Brands","Dyalog","[fa:Brands_Dyalog]","fa:Brands_Dyalog:#2D8CFF","Brands Dyalog Brands Dyalog"
"Brands_Earlybirds","Brands","fa:Brands","Earlybirds","[fa:Brands_Earlybirds]","fa:Brands_Earlybirds:#2D8CFF","Brands Earlybirds Brands Earlybirds"
"Brands_Ebay","Brands","fa:Brands","Ebay","[fa:Brands_Ebay]","fa:Brands_Ebay:#2D8CFF","Brands Ebay Brands Ebay"
"Brands_Edge","Brands","fa:Brands","Edge","[fa:Brands_Edge]","fa:Brands_Edge:#2D8CFF","Brands Edge Brands Edge"
"Brands_Elementor","Brands","fa:Brands","Elementor","[fa:Brands_Elementor]","fa:Brands_Elementor:#2D8CFF","Brands Elementor Brands Elementor"
"Brands_Ello","Brands","fa:Brands","Ello","[fa:Brands_Ello]","fa:Brands_Ello:#2D8CFF","Brands Ello Brands Ello"
"Brands_Ember","Brands","fa:Brands","Ember","[fa:Brands_Ember]","fa:Brands_Ember:#2D8CFF","Brands Ember Brands Ember"
"Brands_Empire","Brands","fa:Brands","Empire","[fa:Brands_Empire]","fa:Brands_Empire:#2D8CFF","Brands Empire Brands Empire"
"Brands_Envira","Brands","fa:Brands","Envira","[fa:Brands_Envira]","fa:Brands_Envira:#2D8CFF","Brands Envira Brands Envira"
"Brands_Erlang","Brands","fa:Brands","Erlang","[fa:Brands_Erlang]","fa:Brands_Erlang:#2D8CFF","Brands Erlang Brands Erlang"
"Brands_Ethereum","Brands","fa:Brands","Ethereum","[fa:Brands_Ethereum]","fa:Brands_Ethereum:#2D8CFF","Brands Ethereum Brands Ethereum"
"Brands_Etsy","Brands","fa:Brands","Etsy","[fa:Brands_Etsy]","fa:Brands_Etsy:#2D8CFF","Brands Etsy Brands Etsy"
"Brands_Evernote","Brands","fa:Brands","Evernote","[fa:Brands_Evernote]","fa:Brands_Evernote:#2D8CFF","Brands Evernote Brands Evernote"
"Brands_Expeditedssl","Brands","fa:Brands","Expeditedssl","[fa:Brands_Expeditedssl]","fa:Brands_Expeditedssl:#2D8CFF","Brands Expeditedssl Brands Expeditedssl"
"Brands_Facebook","Brands","fa:Brands","Facebook","[fa:Brands_Facebook]","fa:Brands_Facebook:#2D8CFF","Brands Facebook Brands Facebook"
"Brands_FacebookF","Brands","fa:Brands","FacebookF","[fa:Brands_FacebookF]","fa:Brands_FacebookF:#2D8CFF","Brands FacebookF Brands FacebookF"
"Brands_FacebookMessenger","Brands","fa:Brands","FacebookMessenger","[fa:Brands_FacebookMessenger]","fa:Brands_FacebookMessenger:#2D8CFF","Brands FacebookMessenger Brands FacebookMessenger"
"Brands_FacebookSquare","Brands","fa:Brands","FacebookSquare","[fa:Brands_FacebookSquare]","fa:Brands_FacebookSquare:#2D8CFF","Brands FacebookSquare Brands FacebookSquare"
"Brands_FantasyFlightGames","Brands","fa:Brands","FantasyFlightGames","[fa:Brands_FantasyFlightGames]","fa:Brands_FantasyFlightGames:#2D8CFF","Brands FantasyFlightGames Brands FantasyFlightGames"
"Brands_Fedex","Brands","fa:Brands","Fedex","[fa:Brands_Fedex]","fa:Brands_Fedex:#2D8CFF","Brands Fedex Brands Fedex"
"Brands_Fedora","Brands","fa:Brands","Fedora","[fa:Brands_Fedora]","fa:Brands_Fedora:#2D8CFF","Brands Fedora Brands Fedora"
"Brands_Figma","Brands","fa:Brands","Figma","[fa:Brands_Figma]","fa:Brands_Figma:#2D8CFF","Brands Figma Brands Figma"
"Brands_Firefox","Brands","fa:Brands","Firefox","[fa:Brands_Firefox]","fa:Brands_Firefox:#2D8CFF","Brands Firefox Brands Firefox"
"Brands_FirefoxBrowser","Brands","fa:Brands","FirefoxBrowser","[fa:Brands_FirefoxBrowser]","fa:Brands_FirefoxBrowser:#2D8CFF","Brands FirefoxBrowser Brands FirefoxBrowser"
"Brands_FirstOrder","Brands","fa:Brands","FirstOrder","[fa:Brands_FirstOrder]","fa:Brands_FirstOrder:#2D8CFF","Brands FirstOrder Brands FirstOrder"
"Brands_FirstOrderAlt","Brands","fa:Brands","FirstOrderAlt","[fa:Brands_FirstOrderAlt]","fa:Brands_FirstOrderAlt:#2D8CFF","Brands FirstOrderAlt Brands FirstOrderAlt"
"Brands_Firstdraft","Brands","fa:Brands","Firstdraft","[fa:Brands_Firstdraft]","fa:Brands_Firstdraft:#2D8CFF","Brands Firstdraft Brands Firstdraft"
"Brands_Flickr","Brands","fa:Brands","Flickr","[fa:Brands_Flickr]","fa:Brands_Flickr:#2D8CFF","Brands Flickr Brands Flickr"
"Brands_Flipboard","Brands","fa:Brands","Flipboard","[fa:Brands_Flipboard]","fa:Brands_Flipboard:#2D8CFF","Brands Flipboard Brands Flipboard"
"Brands_Fly","Brands","fa:Brands","Fly","[fa:Brands_Fly]","fa:Brands_Fly:#2D8CFF","Brands Fly Brands Fly"
"Brands_FontAwesome","Brands","fa:Brands","FontAwesome","[fa:Brands_FontAwesome]","fa:Brands_FontAwesome:#2D8CFF","Brands FontAwesome Brands FontAwesome"
"Brands_FontAwesomeAlt","Brands","fa:Brands","FontAwesomeAlt","[fa:Brands_FontAwesomeAlt]","fa:Brands_FontAwesomeAlt:#2D8CFF","Brands FontAwesomeAlt Brands FontAwesomeAlt"
"Brands_FontAwesomeFlag","Brands","fa:Brands","FontAwesomeFlag","[fa:Brands_FontAwesomeFlag]","fa:Brands_FontAwesomeFlag:#2D8CFF","Brands FontAwesomeFlag Brands FontAwesomeFlag"
"Brands_FontAwesomeLogoFull","Brands","fa:Brands","FontAwesomeLogoFull","[fa:Brands_FontAwesomeLogoFull]","fa:Brands_FontAwesomeLogoFull:#2D8CFF","Brands FontAwesomeLogoFull Brands FontAwesomeLogoFull"
"Brands_Fonticons","Brands","fa:Brands","Fonticons","[fa:Brands_Fonticons]","fa:Brands_Fonticons:#2D8CFF","Brands Fonticons Brands Fonticons"
"Brands_FonticonsFi","Brands","fa:Brands","FonticonsFi","[fa:Brands_FonticonsFi]","fa:Brands_FonticonsFi:#2D8CFF","Brands FonticonsFi Brands FonticonsFi"
"Brands_FortAwesome","Brands","fa:Brands","FortAwesome","[fa:Brands_FortAwesome]","fa:Brands_FortAwesome:#2D8CFF","Brands FortAwesome Brands FortAwesome"
"Brands_FortAwesomeAlt","Brands","fa:Brands","FortAwesomeAlt","[fa:Brands_FortAwesomeAlt]","fa:Brands_FortAwesomeAlt:#2D8CFF","Brands FortAwesomeAlt Brands FortAwesomeAlt"
"Brands_Forumbee","Brands","fa:Brands","Forumbee","[fa:Brands_Forumbee]","fa:Brands_Forumbee:#2D8CFF","Brands Forumbee Brands Forumbee"
"Brands_Foursquare","Brands","fa:Brands","Foursquare","[fa:Brands_Foursquare]","fa:Brands_Foursquare:#2D8CFF","Brands Foursquare Brands Foursquare"
"Brands_FreeCodeCamp","Brands","fa:Brands","FreeCodeCamp","[fa:Brands_FreeCodeCamp]","fa:Brands_FreeCodeCamp:#2D8CFF","Brands FreeCodeCamp Brands FreeCodeCamp"
"Brands_Freebsd","Brands","fa:Brands","Freebsd","[fa:Brands_Freebsd]","fa:Brands_Freebsd:#2D8CFF","Brands Freebsd Brands Freebsd"
"Brands_Fulcrum","Brands","fa:Brands","Fulcrum","[fa:Brands_Fulcrum]","fa:Brands_Fulcrum:#2D8CFF","Brands Fulcrum Brands Fulcrum"
"Brands_GalacticRepublic","Brands","fa:Brands","GalacticRepublic","[fa:Brands_GalacticRepublic]","fa:Brands_GalacticRepublic:#2D8CFF","Brands GalacticRepublic Brands GalacticRepublic"
"Brands_GalacticSenate","Brands","fa:Brands","GalacticSenate","[fa:Brands_GalacticSenate]","fa:Brands_GalacticSenate:#2D8CFF","Brands GalacticSenate Brands GalacticSenate"
"Brands_GetPocket","Brands","fa:Brands","GetPocket","[fa:Brands_GetPocket]","fa:Brands_GetPocket:#2D8CFF","Brands GetPocket Brands GetPocket"
"Brands_Gg","Brands","fa:Brands","Gg","[fa:Brands_Gg]","fa:Brands_Gg:#2D8CFF","Brands Gg Brands Gg"
"Brands_GgCircle","Brands","fa:Brands","GgCircle","[fa:Brands_GgCircle]","fa:Brands_GgCircle:#2D8CFF","Brands GgCircle Brands GgCircle"
"Brands_Git","Brands","fa:Brands","Git","[fa:Brands_Git]","fa:Brands_Git:#2D8CFF","Brands Git Brands Git"
"Brands_GitAlt","Brands","fa:Brands","GitAlt","[fa:Brands_GitAlt]","fa:Brands_GitAlt:#2D8CFF","Brands GitAlt Brands GitAlt"
"Brands_GitSquare","Brands","fa:Brands","GitSquare","[fa:Brands_GitSquare]","fa:Brands_GitSquare:#2D8CFF","Brands GitSquare Brands GitSquare"
"Brands_Github","Brands","fa:Brands","Github","[fa:Brands_Github]","fa:Brands_Github:#2D8CFF","Brands Github Brands Github"
"Brands_GithubAlt","Brands","fa:Brands","GithubAlt","[fa:Brands_GithubAlt]","fa:Brands_GithubAlt:#2D8CFF","Brands GithubAlt Brands GithubAlt"
"Brands_GithubSquare","Brands","fa:Brands","GithubSquare","[fa:Brands_GithubSquare]","fa:Brands_GithubSquare:#2D8CFF","Brands GithubSquare Brands GithubSquare"
"Brands_Gitkraken","Brands","fa:Brands","Gitkraken","[fa:Brands_Gitkraken]","fa:Brands_Gitkraken:#2D8CFF","Brands Gitkraken Brands Gitkraken"
"Brands_Gitlab","Brands","fa:Brands","Gitlab","[fa:Brands_Gitlab]","fa:Brands_Gitlab:#2D8CFF","Brands Gitlab Brands Gitlab"
"Brands_Gitter","Brands","fa:Brands","Gitter","[fa:Brands_Gitter]","fa:Brands_Gitter:#2D8CFF","Brands Gitter Brands Gitter"
"Brands_Glide","Brands","fa:Brands","Glide","[fa:Brands_Glide]","fa:Brands_Glide:#2D8CFF","Brands Glide Brands Glide"
"Brands_GlideG","Brands","fa:Brands","GlideG","[fa:Brands_GlideG]","fa:Brands_GlideG:#2D8CFF","Brands GlideG Brands GlideG"
"Brands_Gofore","Brands","fa:Brands","Gofore","[fa:Brands_Gofore]","fa:Brands_Gofore:#2D8CFF","Brands Gofore Brands Gofore"
"Brands_Goodreads","Brands","fa:Brands","Goodreads","[fa:Brands_Goodreads]","fa:Brands_Goodreads:#2D8CFF","Brands Goodreads Brands Goodreads"
"Brands_GoodreadsG","Brands","fa:Brands","GoodreadsG","[fa:Brands_GoodreadsG]","fa:Brands_GoodreadsG:#2D8CFF","Brands GoodreadsG Brands GoodreadsG"
"Brands_Google","Brands","fa:Brands","Google","[fa:Brands_Google]","fa:Brands_Google:#2D8CFF","Brands Google Brands Google"
"Brands_GoogleDrive","Brands","fa:Brands","GoogleDrive","[fa:Brands_GoogleDrive]","fa:Brands_GoogleDrive:#2D8CFF","Brands GoogleDrive Brands GoogleDrive"
"Brands_GooglePlay","Brands","fa:Brands","GooglePlay","[fa:Brands_GooglePlay]","fa:Brands_GooglePlay:#2D8CFF","Brands GooglePlay Brands GooglePlay"
"Brands_GooglePlus","Brands","fa:Brands","GooglePlus","[fa:Brands_GooglePlus]","fa:Brands_GooglePlus:#2D8CFF","Brands GooglePlus Brands GooglePlus"
"Brands_GooglePlusG","Brands","fa:Brands","GooglePlusG","[fa:Brands_GooglePlusG]","fa:Brands_GooglePlusG:#2D8CFF","Brands GooglePlusG Brands GooglePlusG"
"Brands_GooglePlusSquare","Brands","fa:Brands","GooglePlusSquare","[fa:Brands_GooglePlusSquare]","fa:Brands_GooglePlusSquare:#2D8CFF","Brands GooglePlusSquare Brands GooglePlusSquare"
"Brands_GoogleWallet","Brands","fa:Brands","GoogleWallet","[fa:Brands_GoogleWallet]","fa:Brands_GoogleWallet:#2D8CFF","Brands GoogleWallet Brands GoogleWallet"
"Brands_Gratipay","Brands","fa:Brands","Gratipay","[fa:Brands_Gratipay]","fa:Brands_Gratipay:#2D8CFF","Brands Gratipay Brands Gratipay"
"Brands_Grav","Brands","fa:Brands","Grav","[fa:Brands_Grav]","fa:Brands_Grav:#2D8CFF","Brands Grav Brands Grav"
"Brands_Gripfire","Brands","fa:Brands","Gripfire","[fa:Brands_Gripfire]","fa:Brands_Gripfire:#2D8CFF","Brands Gripfire Brands Gripfire"
"Brands_Grunt","Brands","fa:Brands","Grunt","[fa:Brands_Grunt]","fa:Brands_Grunt:#2D8CFF","Brands Grunt Brands Grunt"
"Brands_Gulp","Brands","fa:Brands","Gulp","[fa:Brands_Gulp]","fa:Brands_Gulp:#2D8CFF","Brands Gulp Brands Gulp"
"Brands_HackerNews","Brands","fa:Brands","HackerNews","[fa:Brands_HackerNews]","fa:Brands_HackerNews:#2D8CFF","Brands HackerNews Brands HackerNews"
"Brands_HackerNewsSquare","Brands","fa:Brands","HackerNewsSquare","[fa:Brands_HackerNewsSquare]","fa:Brands_HackerNewsSquare:#2D8CFF","Brands HackerNewsSquare Brands HackerNewsSquare"
"Brands_Hackerrank","Brands","fa:Brands","Hackerrank","[fa:Brands_Hackerrank]","fa:Brands_Hackerrank:#2D8CFF","Brands Hackerrank Brands Hackerrank"
"Brands_Hips","Brands","fa:Brands","Hips","[fa:Brands_Hips]","fa:Brands_Hips:#2D8CFF","Brands Hips Brands Hips"
"Brands_HireAHelper","Brands","fa:Brands","HireAHelper","[fa:Brands_HireAHelper]","fa:Brands_HireAHelper:#2D8CFF","Brands HireAHelper Brands HireAHelper"
"Brands_Hooli","Brands","fa:Brands","Hooli","[fa:Brands_Hooli]","fa:Brands_Hooli:#2D8CFF","Brands Hooli Brands Hooli"
"Brands_Hornbill","Brands","fa:Brands","Hornbill","[fa:Brands_Hornbill]","fa:Brands_Hornbill:#2D8CFF","Brands Hornbill Brands Hornbill"
"Brands_Hotjar","Brands","fa:Brands","Hotjar","[fa:Brands_Hotjar]","fa:Brands_Hotjar:#2D8CFF","Brands Hotjar Brands Hotjar"
"Brands_Houzz","Brands","fa:Brands","Houzz","[fa:Brands_Houzz]","fa:Brands_Houzz:#2D8CFF","Brands Houzz Brands Houzz"
"Brands_Html5","Brands","fa:Brands","Html5","[fa:Brands_Html5]","fa:Brands_Html5:#2D8CFF","Brands Html5 Brands Html5"
"Brands_Hubspot","Brands","fa:Brands","Hubspot","[fa:Brands_Hubspot]","fa:Brands_Hubspot:#2D8CFF","Brands Hubspot Brands Hubspot"
"Brands_Ideal","Brands","fa:Brands","Ideal","[fa:Brands_Ideal]","fa:Brands_Ideal:#2D8CFF","Brands Ideal Brands Ideal"
"Brands_Imdb","Brands","fa:Brands","Imdb","[fa:Brands_Imdb]","fa:Brands_Imdb:#2D8CFF","Brands Imdb Brands Imdb"
"Brands_Instagram","Brands","fa:Brands","Instagram","[fa:Brands_Instagram]","fa:Brands_Instagram:#2D8CFF","Brands Instagram Brands Instagram"
"Brands_InstagramSquare","Brands","fa:Brands","InstagramSquare","[fa:Brands_InstagramSquare]","fa:Brands_InstagramSquare:#2D8CFF","Brands InstagramSquare Brands InstagramSquare"
"Brands_Intercom","Brands","fa:Brands","Intercom","[fa:Brands_Intercom]","fa:Brands_Intercom:#2D8CFF","Brands Intercom Brands Intercom"
"Brands_InternetExplorer","Brands","fa:Brands","InternetExplorer","[fa:Brands_InternetExplorer]","fa:Brands_InternetExplorer:#2D8CFF","Brands InternetExplorer Brands InternetExplorer"
"Brands_Invision","Brands","fa:Brands","Invision","[fa:Brands_Invision]","fa:Brands_Invision:#2D8CFF","Brands Invision Brands Invision"
"Brands_Ioxhost","Brands","fa:Brands","Ioxhost","[fa:Brands_Ioxhost]","fa:Brands_Ioxhost:#2D8CFF","Brands Ioxhost Brands Ioxhost"
"Brands_ItchIo","Brands","fa:Brands","ItchIo","[fa:Brands_ItchIo]","fa:Brands_ItchIo:#2D8CFF","Brands ItchIo Brands ItchIo"
"Brands_Itunes","Brands","fa:Brands","Itunes","[fa:Brands_Itunes]","fa:Brands_Itunes:#2D8CFF","Brands Itunes Brands Itunes"
"Brands_ItunesNote","Brands","fa:Brands","ItunesNote","[fa:Brands_ItunesNote]","fa:Brands_ItunesNote:#2D8CFF","Brands ItunesNote Brands ItunesNote"
"Brands_Java","Brands","fa:Brands","Java","[fa:Brands_Java]","fa:Brands_Java:#2D8CFF","Brands Java Brands Java"
"Brands_JediOrder","Brands","fa:Brands","JediOrder","[fa:Brands_JediOrder]","fa:Brands_JediOrder:#2D8CFF","Brands JediOrder Brands JediOrder"
"Brands_Jenkins","Brands","fa:Brands","Jenkins","[fa:Brands_Jenkins]","fa:Brands_Jenkins:#2D8CFF","Brands Jenkins Brands Jenkins"
"Brands_Jira","Brands","fa:Brands","Jira","[fa:Brands_Jira]","fa:Brands_Jira:#2D8CFF","Brands Jira Brands Jira"
"Brands_Joget","Brands","fa:Brands","Joget","[fa:Brands_Joget]","fa:Brands_Joget:#2D8CFF","Brands Joget Brands Joget"
"Brands_Joomla","Brands","fa:Brands","Joomla","[fa:Brands_Joomla]","fa:Brands_Joomla:#2D8CFF","Brands Joomla Brands Joomla"
"Brands_Js","Brands","fa:Brands","Js","[fa:Brands_Js]","fa:Brands_Js:#2D8CFF","Brands Js Brands Js"
"Brands_JsSquare","Brands","fa:Brands","JsSquare","[fa:Brands_JsSquare]","fa:Brands_JsSquare:#2D8CFF","Brands JsSquare Brands JsSquare"
"Brands_Jsfiddle","Brands","fa:Brands","Jsfiddle","[fa:Brands_Jsfiddle]","fa:Brands_Jsfiddle:#2D8CFF","Brands Jsfiddle Brands Jsfiddle"
"Brands_Kaggle","Brands","fa:Brands","Kaggle","[fa:Brands_Kaggle]","fa:Brands_Kaggle:#2D8CFF","Brands Kaggle Brands Kaggle"
"Brands_Keybase","Brands","fa:Brands","Keybase","[fa:Brands_Keybase]","fa:Brands_Keybase:#2D8CFF","Brands Keybase Brands Keybase"
"Brands_Keycdn","Brands","fa:Brands","Keycdn","[fa:Brands_Keycdn]","fa:Brands_Keycdn:#2D8CFF","Brands Keycdn Brands Keycdn"
"Brands_Kickstarter","Brands","fa:Brands","Kickstarter","[fa:Brands_Kickstarter]","fa:Brands_Kickstarter:#2D8CFF","Brands Kickstarter Brands Kickstarter"
"Brands_KickstarterK","Brands","fa:Brands","KickstarterK","[fa:Brands_KickstarterK]","fa:Brands_KickstarterK:#2D8CFF","Brands KickstarterK Brands KickstarterK"
"Brands_Korvue","Brands","fa:Brands","Korvue","[fa:Brands_Korvue]","fa:Brands_Korvue:#2D8CFF","Brands Korvue Brands Korvue"
"Brands_Laravel","Brands","fa:Brands","Laravel","[fa:Brands_Laravel]","fa:Brands_Laravel:#2D8CFF","Brands Laravel Brands Laravel"
"Brands_Lastfm","Brands","fa:Brands","Lastfm","[fa:Brands_Lastfm]","fa:Brands_Lastfm:#2D8CFF","Brands Lastfm Brands Lastfm"
"Brands_LastfmSquare","Brands","fa:Brands","LastfmSquare","[fa:Brands_LastfmSquare]","fa:Brands_LastfmSquare:#2D8CFF","Brands LastfmSquare Brands LastfmSquare"
"Brands_Leanpub","Brands","fa:Brands","Leanpub","[fa:Brands_Leanpub]","fa:Brands_Leanpub:#2D8CFF","Brands Leanpub Brands Leanpub"
"Brands_Less","Brands","fa:Brands","Less","[fa:Brands_Less]","fa:Brands_Less:#2D8CFF","Brands Less Brands Less"
"Brands_Line","Brands","fa:Brands","Line","[fa:Brands_Line]","fa:Brands_Line:#2D8CFF","Brands Line Brands Line"
"Brands_Linkedin","Brands","fa:Brands","Linkedin","[fa:Brands_Linkedin]","fa:Brands_Linkedin:#2D8CFF","Brands Linkedin Brands Linkedin"
"Brands_LinkedinIn","Brands","fa:Brands","LinkedinIn","[fa:Brands_LinkedinIn]","fa:Brands_LinkedinIn:#2D8CFF","Brands LinkedinIn Brands LinkedinIn"
"Brands_Linode","Brands","fa:Brands","Linode","[fa:Brands_Linode]","fa:Brands_Linode:#2D8CFF","Brands Linode Brands Linode"
"Brands_Linux","Brands","fa:Brands","Linux","[fa:Brands_Linux]","fa:Brands_Linux:#2D8CFF","Brands Linux Brands Linux"
"Brands_Lyft","Brands","fa:Brands","Lyft","[fa:Brands_Lyft]","fa:Brands_Lyft:#2D8CFF","Brands Lyft Brands Lyft"
"Brands_Magento","Brands","fa:Brands","Magento","[fa:Brands_Magento]","fa:Brands_Magento:#2D8CFF","Brands Magento Brands Magento"
"Brands_Mailchimp","Brands","fa:Brands","Mailchimp","[fa:Brands_Mailchimp]","fa:Brands_Mailchimp:#2D8CFF","Brands Mailchimp Brands Mailchimp"
"Brands_Mandalorian","Brands","fa:Brands","Mandalorian","[fa:Brands_Mandalorian]","fa:Brands_Mandalorian:#2D8CFF","Brands Mandalorian Brands Mandalorian"
"Brands_Markdown","Brands","fa:Brands","Markdown","[fa:Brands_Markdown]","fa:Brands_Markdown:#2D8CFF","Brands Markdown Brands Markdown"
"Brands_Mastodon","Brands","fa:Brands","Mastodon","[fa:Brands_Mastodon]","fa:Brands_Mastodon:#2D8CFF","Brands Mastodon Brands Mastodon"
"Brands_Maxcdn","Brands","fa:Brands","Maxcdn","[fa:Brands_Maxcdn]","fa:Brands_Maxcdn:#2D8CFF","Brands Maxcdn Brands Maxcdn"
"Brands_Mdb","Brands","fa:Brands","Mdb","[fa:Brands_Mdb]","fa:Brands_Mdb:#2D8CFF","Brands Mdb Brands Mdb"
"Brands_Medapps","Brands","fa:Brands","Medapps","[fa:Brands_Medapps]","fa:Brands_Medapps:#2D8CFF","Brands Medapps Brands Medapps"
"Brands_Medium","Brands","fa:Brands","Medium","[fa:Brands_Medium]","fa:Brands_Medium:#2D8CFF","Brands Medium Brands Medium"
"Brands_MediumM","Brands","fa:Brands","MediumM","[fa:Brands_MediumM]","fa:Brands_MediumM:#2D8CFF","Brands MediumM Brands MediumM"
"Brands_Medrt","Brands","fa:Brands","Medrt","[fa:Brands_Medrt]","fa:Brands_Medrt:#2D8CFF","Brands Medrt Brands Medrt"
"Brands_Meetup","Brands","fa:Brands","Meetup","[fa:Brands_Meetup]","fa:Brands_Meetup:#2D8CFF","Brands Meetup Brands Meetup"
"Brands_Megaport","Brands","fa:Brands","Megaport","[fa:Brands_Megaport]","fa:Brands_Megaport:#2D8CFF","Brands Megaport Brands Megaport"
"Brands_Mendeley","Brands","fa:Brands","Mendeley","[fa:Brands_Mendeley]","fa:Brands_Mendeley:#2D8CFF","Brands Mendeley Brands Mendeley"
"Brands_Microblog","Brands","fa:Brands","Microblog","[fa:Brands_Microblog]","fa:Brands_Microblog:#2D8CFF","Brands Microblog Brands Microblog"
"Brands_Microsoft","Brands","fa:Brands","Microsoft","[fa:Brands_Microsoft]","fa:Brands_Microsoft:#2D8CFF","Brands Microsoft Brands Microsoft"
"Brands_Mix","Brands","fa:Brands","Mix","[fa:Brands_Mix]","fa:Brands_Mix:#2D8CFF","Brands Mix Brands Mix"
"Brands_Mixcloud","Brands","fa:Brands","Mixcloud","[fa:Brands_Mixcloud]","fa:Brands_Mixcloud:#2D8CFF","Brands Mixcloud Brands Mixcloud"
"Brands_Mixer","Brands","fa:Brands","Mixer","[fa:Brands_Mixer]","fa:Brands_Mixer:#2D8CFF","Brands Mixer Brands Mixer"
"Brands_Mizuni","Brands","fa:Brands","Mizuni","[fa:Brands_Mizuni]","fa:Brands_Mizuni:#2D8CFF","Brands Mizuni Brands Mizuni"
"Brands_Modx","Brands","fa:Brands","Modx","[fa:Brands_Modx]","fa:Brands_Modx:#2D8CFF","Brands Modx Brands Modx"
"Brands_Monero","Brands","fa:Brands","Monero","[fa:Brands_Monero]","fa:Brands_Monero:#2D8CFF","Brands Monero Brands Monero"
"Brands_Napster","Brands","fa:Brands","Napster","[fa:Brands_Napster]","fa:Brands_Napster:#2D8CFF","Brands Napster Brands Napster"
"Brands_Neos","Brands","fa:Brands","Neos","[fa:Brands_Neos]","fa:Brands_Neos:#2D8CFF","Brands Neos Brands Neos"
"Brands_Nimblr","Brands","fa:Brands","Nimblr","[fa:Brands_Nimblr]","fa:Brands_Nimblr:#2D8CFF","Brands Nimblr Brands Nimblr"
"Brands_Node","Brands","fa:Brands","Node","[fa:Brands_Node]","fa:Brands_Node:#2D8CFF","Brands Node Brands Node"
"Brands_NodeJs","Brands","fa:Brands","NodeJs","[fa:Brands_NodeJs]","fa:Brands_NodeJs:#2D8CFF","Brands NodeJs Brands NodeJs"
"Brands_Npm","Brands","fa:Brands","Npm","[fa:Brands_Npm]","fa:Brands_Npm:#2D8CFF","Brands Npm Brands Npm"
"Brands_Ns8","Brands","fa:Brands","Ns8","[fa:Brands_Ns8]","fa:Brands_Ns8:#2D8CFF","Brands Ns8 Brands Ns8"
"Brands_Nutritionix","Brands","fa:Brands","Nutritionix","[fa:Brands_Nutritionix]","fa:Brands_Nutritionix:#2D8CFF","Brands Nutritionix Brands Nutritionix"
"Brands_Odnoklassniki","Brands","fa:Brands","Odnoklassniki","[fa:Brands_Odnoklassniki]","fa:Brands_Odnoklassniki:#2D8CFF","Brands Odnoklassniki Brands Odnoklassniki"
"Brands_OdnoklassnikiSquare","Brands","fa:Brands","OdnoklassnikiSquare","[fa:Brands_OdnoklassnikiSquare]","fa:Brands_OdnoklassnikiSquare:#2D8CFF","Brands OdnoklassnikiSquare Brands OdnoklassnikiSquare"
"Brands_OldRepublic","Brands","fa:Brands","OldRepublic","[fa:Brands_OldRepublic]","fa:Brands_OldRepublic:#2D8CFF","Brands OldRepublic Brands OldRepublic"
"Brands_Opencart","Brands","fa:Brands","Opencart","[fa:Brands_Opencart]","fa:Brands_Opencart:#2D8CFF","Brands Opencart Brands Opencart"
"Brands_Openid","Brands","fa:Brands","Openid","[fa:Brands_Openid]","fa:Brands_Openid:#2D8CFF","Brands Openid Brands Openid"
"Brands_Opera","Brands","fa:Brands","Opera","[fa:Brands_Opera]","fa:Brands_Opera:#2D8CFF","Brands Opera Brands Opera"
"Brands_OptinMonster","Brands","fa:Brands","OptinMonster","[fa:Brands_OptinMonster]","fa:Brands_OptinMonster:#2D8CFF","Brands OptinMonster Brands OptinMonster"
"Brands_Orcid","Brands","fa:Brands","Orcid","[fa:Brands_Orcid]","fa:Brands_Orcid:#2D8CFF","Brands Orcid Brands Orcid"
"Brands_Osi","Brands","fa:Brands","Osi","[fa:Brands_Osi]","fa:Brands_Osi:#2D8CFF","Brands Osi Brands Osi"
"Brands_Page4","Brands","fa:Brands","Page4","[fa:Brands_Page4]","fa:Brands_Page4:#2D8CFF","Brands Page4 Brands Page4"
"Brands_Pagelines","Brands","fa:Brands","Pagelines","[fa:Brands_Pagelines]","fa:Brands_Pagelines:#2D8CFF","Brands Pagelines Brands Pagelines"
"Brands_Palfed","Brands","fa:Brands","Palfed","[fa:Brands_Palfed]","fa:Brands_Palfed:#2D8CFF","Brands Palfed Brands Palfed"
"Brands_Patreon","Brands","fa:Brands","Patreon","[fa:Brands_Patreon]","fa:Brands_Patreon:#2D8CFF","Brands Patreon Brands Patreon"
"Brands_Paypal","Brands","fa:Brands","Paypal","[fa:Brands_Paypal]","fa:Brands_Paypal:#2D8CFF","Brands Paypal Brands Paypal"
"Brands_PennyArcade","Brands","fa:Brands","PennyArcade","[fa:Brands_PennyArcade]","fa:Brands_PennyArcade:#2D8CFF","Brands PennyArcade Brands PennyArcade"
"Brands_Periscope","Brands","fa:Brands","Periscope","[fa:Brands_Periscope]","fa:Brands_Periscope:#2D8CFF","Brands Periscope Brands Periscope"
"Brands_Phabricator","Brands","fa:Brands","Phabricator","[fa:Brands_Phabricator]","fa:Brands_Phabricator:#2D8CFF","Brands Phabricator Brands Phabricator"
"Brands_PhoenixFramework","Brands","fa:Brands","PhoenixFramework","[fa:Brands_PhoenixFramework]","fa:Brands_PhoenixFramework:#2D8CFF","Brands PhoenixFramework Brands PhoenixFramework"
"Brands_PhoenixSquadron","Brands","fa:Brands","PhoenixSquadron","[fa:Brands_PhoenixSquadron]","fa:Brands_PhoenixSquadron:#2D8CFF","Brands PhoenixSquadron Brands PhoenixSquadron"
"Brands_Php","Brands","fa:Brands","Php","[fa:Brands_Php]","fa:Brands_Php:#2D8CFF","Brands Php Brands Php"
"Brands_PiedPiper","Brands","fa:Brands","PiedPiper","[fa:Brands_PiedPiper]","fa:Brands_PiedPiper:#2D8CFF","Brands PiedPiper Brands PiedPiper"
"Brands_PiedPiperAlt","Brands","fa:Brands","PiedPiperAlt","[fa:Brands_PiedPiperAlt]","fa:Brands_PiedPiperAlt:#2D8CFF","Brands PiedPiperAlt Brands PiedPiperAlt"
"Brands_PiedPiperHat","Brands","fa:Brands","PiedPiperHat","[fa:Brands_PiedPiperHat]","fa:Brands_PiedPiperHat:#2D8CFF","Brands PiedPiperHat Brands PiedPiperHat"
"Brands_PiedPiperPp","Brands","fa:Brands","PiedPiperPp","[fa:Brands_PiedPiperPp]","fa:Brands_PiedPiperPp:#2D8CFF","Brands PiedPiperPp Brands PiedPiperPp"
"Brands_PiedPiperSquare","Brands","fa:Brands","PiedPiperSquare","[fa:Brands_PiedPiperSquare]","fa:Brands_PiedPiperSquare:#2D8CFF","Brands PiedPiperSquare Brands PiedPiperSquare"
"Brands_Pinterest","Brands","fa:Brands","Pinterest","[fa:Brands_Pinterest]","fa:Brands_Pinterest:#2D8CFF","Brands Pinterest Brands Pinterest"
"Brands_PinterestP","Brands","fa:Brands","PinterestP","[fa:Brands_PinterestP]","fa:Brands_PinterestP:#2D8CFF","Brands PinterestP Brands PinterestP"
"Brands_PinterestSquare","Brands","fa:Brands","PinterestSquare","[fa:Brands_PinterestSquare]","fa:Brands_PinterestSquare:#2D8CFF","Brands PinterestSquare Brands PinterestSquare"
"Brands_Playstation","Brands","fa:Brands","Playstation","[fa:Brands_Playstation]","fa:Brands_Playstation:#2D8CFF","Brands Playstation Brands Playstation"
"Brands_ProductHunt","Brands","fa:Brands","ProductHunt","[fa:Brands_ProductHunt]","fa:Brands_ProductHunt:#2D8CFF","Brands ProductHunt Brands ProductHunt"
"Brands_Pushed","Brands","fa:Brands","Pushed","[fa:Brands_Pushed]","fa:Brands_Pushed:#2D8CFF","Brands Pushed Brands Pushed"
"Brands_Python","Brands","fa:Brands","Python","[fa:Brands_Python]","fa:Brands_Python:#2D8CFF","Brands Python Brands Python"
"Brands_Qq","Brands","fa:Brands","Qq","[fa:Brands_Qq]","fa:Brands_Qq:#2D8CFF","Brands Qq Brands Qq"
"Brands_Quinscape","Brands","fa:Brands","Quinscape","[fa:Brands_Quinscape]","fa:Brands_Quinscape:#2D8CFF","Brands Quinscape Brands Quinscape"
"Brands_Quora","Brands","fa:Brands","Quora","[fa:Brands_Quora]","fa:Brands_Quora:#2D8CFF","Brands Quora Brands Quora"
"Brands_RProject","Brands","fa:Brands","RProject","[fa:Brands_RProject]","fa:Brands_RProject:#2D8CFF","Brands RProject Brands RProject"
"Brands_RaspberryPi","Brands","fa:Brands","RaspberryPi","[fa:Brands_RaspberryPi]","fa:Brands_RaspberryPi:#2D8CFF","Brands RaspberryPi Brands RaspberryPi"
"Brands_Ravelry","Brands","fa:Brands","Ravelry","[fa:Brands_Ravelry]","fa:Brands_Ravelry:#2D8CFF","Brands Ravelry Brands Ravelry"
"Brands_React","Brands","fa:Brands","React","[fa:Brands_React]","fa:Brands_React:#2D8CFF","Brands React Brands React"
"Brands_Reacteurope","Brands","fa:Brands","Reacteurope","[fa:Brands_Reacteurope]","fa:Brands_Reacteurope:#2D8CFF","Brands Reacteurope Brands Reacteurope"
"Brands_Readme","Brands","fa:Brands","Readme","[fa:Brands_Readme]","fa:Brands_Readme:#2D8CFF","Brands Readme Brands Readme"
"Brands_Rebel","Brands","fa:Brands","Rebel","[fa:Brands_Rebel]","fa:Brands_Rebel:#2D8CFF","Brands Rebel Brands Rebel"
"Brands_RedRiver","Brands","fa:Brands","RedRiver","[fa:Brands_RedRiver]","fa:Brands_RedRiver:#2D8CFF","Brands RedRiver Brands RedRiver"
"Brands_Reddit","Brands","fa:Brands","Reddit","[fa:Brands_Reddit]","fa:Brands_Reddit:#2D8CFF","Brands Reddit Brands Reddit"
"Brands_RedditAlien","Brands","fa:Brands","RedditAlien","[fa:Brands_RedditAlien]","fa:Brands_RedditAlien:#2D8CFF","Brands RedditAlien Brands RedditAlien"
"Brands_RedditSquare","Brands","fa:Brands","RedditSquare","[fa:Brands_RedditSquare]","fa:Brands_RedditSquare:#2D8CFF","Brands RedditSquare Brands RedditSquare"
"Brands_Redhat","Brands","fa:Brands","Redhat","[fa:Brands_Redhat]","fa:Brands_Redhat:#2D8CFF","Brands Redhat Brands Redhat"
"Brands_Renren","Brands","fa:Brands","Renren","[fa:Brands_Renren]","fa:Brands_Renren:#2D8CFF","Brands Renren Brands Renren"
"Brands_Replyd","Brands","fa:Brands","Replyd","[fa:Brands_Replyd]","fa:Brands_Replyd:#2D8CFF","Brands Replyd Brands Replyd"
"Brands_Researchgate","Brands","fa:Brands","Researchgate","[fa:Brands_Researchgate]","fa:Brands_Researchgate:#2D8CFF","Brands Researchgate Brands Researchgate"
"Brands_Resolving","Brands","fa:Brands","Resolving","[fa:Brands_Resolving]","fa:Brands_Resolving:#2D8CFF","Brands Resolving Brands Resolving"
"Brands_Rev","Brands","fa:Brands","Rev","[fa:Brands_Rev]","fa:Brands_Rev:#2D8CFF","Brands Rev Brands Rev"
"Brands_Rocketchat","Brands","fa:Brands","Rocketchat","[fa:Brands_Rocketchat]","fa:Brands_Rocketchat:#2D8CFF","Brands Rocketchat Brands Rocketchat"
"Brands_Rockrms","Brands","fa:Brands","Rockrms","[fa:Brands_Rockrms]","fa:Brands_Rockrms:#2D8CFF","Brands Rockrms Brands Rockrms"
"Brands_Safari","Brands","fa:Brands","Safari","[fa:Brands_Safari]","fa:Brands_Safari:#2D8CFF","Brands Safari Brands Safari"
"Brands_Salesforce","Brands","fa:Brands","Salesforce","[fa:Brands_Salesforce]","fa:Brands_Salesforce:#2D8CFF","Brands Salesforce Brands Salesforce"
"Brands_Sass","Brands","fa:Brands","Sass","[fa:Brands_Sass]","fa:Brands_Sass:#2D8CFF","Brands Sass Brands Sass"
"Brands_Schlix","Brands","fa:Brands","Schlix","[fa:Brands_Schlix]","fa:Brands_Schlix:#2D8CFF","Brands Schlix Brands Schlix"
"Brands_Scribd","Brands","fa:Brands","Scribd","[fa:Brands_Scribd]","fa:Brands_Scribd:#2D8CFF","Brands Scribd Brands Scribd"
"Brands_Searchengin","Brands","fa:Brands","Searchengin","[fa:Brands_Searchengin]","fa:Brands_Searchengin:#2D8CFF","Brands Searchengin Brands Searchengin"
"Brands_Sellcast","Brands","fa:Brands","Sellcast","[fa:Brands_Sellcast]","fa:Brands_Sellcast:#2D8CFF","Brands Sellcast Brands Sellcast"
"Brands_Sellsy","Brands","fa:Brands","Sellsy","[fa:Brands_Sellsy]","fa:Brands_Sellsy:#2D8CFF","Brands Sellsy Brands Sellsy"
"Brands_Servicestack","Brands","fa:Brands","Servicestack","[fa:Brands_Servicestack]","fa:Brands_Servicestack:#2D8CFF","Brands Servicestack Brands Servicestack"
"Brands_Shirtsinbulk","Brands","fa:Brands","Shirtsinbulk","[fa:Brands_Shirtsinbulk]","fa:Brands_Shirtsinbulk:#2D8CFF","Brands Shirtsinbulk Brands Shirtsinbulk"
"Brands_Shopify","Brands","fa:Brands","Shopify","[fa:Brands_Shopify]","fa:Brands_Shopify:#2D8CFF","Brands Shopify Brands Shopify"
"Brands_Shopware","Brands","fa:Brands","Shopware","[fa:Brands_Shopware]","fa:Brands_Shopware:#2D8CFF","Brands Shopware Brands Shopware"
"Brands_Simplybuilt","Brands","fa:Brands","Simplybuilt","[fa:Brands_Simplybuilt]","fa:Brands_Simplybuilt:#2D8CFF","Brands Simplybuilt Brands Simplybuilt"
"Brands_Sistrix","Brands","fa:Brands","Sistrix","[fa:Brands_Sistrix]","fa:Brands_Sistrix:#2D8CFF","Brands Sistrix Brands Sistrix"
"Brands_Sith","Brands","fa:Brands","Sith","[fa:Brands_Sith]","fa:Brands_Sith:#2D8CFF","Brands Sith Brands Sith"
"Brands_Sketch","Brands","fa:Brands","Sketch","[fa:Brands_Sketch]","fa:Brands_Sketch:#2D8CFF","Brands Sketch Brands Sketch"
"Brands_Skyatlas","Brands","fa:Brands","Skyatlas","[fa:Brands_Skyatlas]","fa:Brands_Skyatlas:#2D8CFF","Brands Skyatlas Brands Skyatlas"
"Brands_Skype","Brands","fa:Brands","Skype","[fa:Brands_Skype]","fa:Brands_Skype:#2D8CFF","Brands Skype Brands Skype"
"Brands_Slack","Brands","fa:Brands","Slack","[fa:Brands_Slack]","fa:Brands_Slack:#2D8CFF","Brands Slack Brands Slack"
"Brands_SlackHash","Brands","fa:Brands","SlackHash","[fa:Brands_SlackHash]","fa:Brands_SlackHash:#2D8CFF","Brands SlackHash Brands SlackHash"
"Brands_Slideshare","Brands","fa:Brands","Slideshare","[fa:Brands_Slideshare]","fa:Brands_Slideshare:#2D8CFF","Brands Slideshare Brands Slideshare"
"Brands_Snapchat","Brands","fa:Brands","Snapchat","[fa:Brands_Snapchat]","fa:Brands_Snapchat:#2D8CFF","Brands Snapchat Brands Snapchat"
"Brands_SnapchatGhost","Brands","fa:Brands","SnapchatGhost","[fa:Brands_SnapchatGhost]","fa:Brands_SnapchatGhost:#2D8CFF","Brands SnapchatGhost Brands SnapchatGhost"
"Brands_SnapchatSquare","Brands","fa:Brands","SnapchatSquare","[fa:Brands_SnapchatSquare]","fa:Brands_SnapchatSquare:#2D8CFF","Brands SnapchatSquare Brands SnapchatSquare"
"Brands_Soundcloud","Brands","fa:Brands","Soundcloud","[fa:Brands_Soundcloud]","fa:Brands_Soundcloud:#2D8CFF","Brands Soundcloud Brands Soundcloud"
"Brands_Sourcetree","Brands","fa:Brands","Sourcetree","[fa:Brands_Sourcetree]","fa:Brands_Sourcetree:#2D8CFF","Brands Sourcetree Brands Sourcetree"
"Brands_Speakap","Brands","fa:Brands","Speakap","[fa:Brands_Speakap]","fa:Brands_Speakap:#2D8CFF","Brands Speakap Brands Speakap"
"Brands_SpeakerDeck","Brands","fa:Brands","SpeakerDeck","[fa:Brands_SpeakerDeck]","fa:Brands_SpeakerDeck:#2D8CFF","Brands SpeakerDeck Brands SpeakerDeck"
"Brands_Spotify","Brands","fa:Brands","Spotify","[fa:Brands_Spotify]","fa:Brands_Spotify:#2D8CFF","Brands Spotify Brands Spotify"
"Brands_Squarespace","Brands","fa:Brands","Squarespace","[fa:Brands_Squarespace]","fa:Brands_Squarespace:#2D8CFF","Brands Squarespace Brands Squarespace"
"Brands_StackExchange","Brands","fa:Brands","StackExchange","[fa:Brands_StackExchange]","fa:Brands_StackExchange:#2D8CFF","Brands StackExchange Brands StackExchange"
"Brands_StackOverflow","Brands","fa:Brands","StackOverflow","[fa:Brands_StackOverflow]","fa:Brands_StackOverflow:#2D8CFF","Brands StackOverflow Brands StackOverflow"
"Brands_Stackpath","Brands","fa:Brands","Stackpath","[fa:Brands_Stackpath]","fa:Brands_Stackpath:#2D8CFF","Brands Stackpath Brands Stackpath"
"Brands_Staylinked","Brands","fa:Brands","Staylinked","[fa:Brands_Staylinked]","fa:Brands_Staylinked:#2D8CFF","Brands Staylinked Brands Staylinked"
"Brands_Steam","Brands","fa:Brands","Steam","[fa:Brands_Steam]","fa:Brands_Steam:#2D8CFF","Brands Steam Brands Steam"
"Brands_SteamSquare","Brands","fa:Brands","SteamSquare","[fa:Brands_SteamSquare]","fa:Brands_SteamSquare:#2D8CFF","Brands SteamSquare Brands SteamSquare"
"Brands_SteamSymbol","Brands","fa:Brands","SteamSymbol","[fa:Brands_SteamSymbol]","fa:Brands_SteamSymbol:#2D8CFF","Brands SteamSymbol Brands SteamSymbol"
"Brands_StickerMule","Brands","fa:Brands","StickerMule","[fa:Brands_StickerMule]","fa:Brands_StickerMule:#2D8CFF","Brands StickerMule Brands StickerMule"
"Brands_Strava","Brands","fa:Brands","Strava","[fa:Brands_Strava]","fa:Brands_Strava:#2D8CFF","Brands Strava Brands Strava"
"Brands_Stripe","Brands","fa:Brands","Stripe","[fa:Brands_Stripe]","fa:Brands_Stripe:#2D8CFF","Brands Stripe Brands Stripe"
"Brands_StripeS","Brands","fa:Brands","StripeS","[fa:Brands_StripeS]","fa:Brands_StripeS:#2D8CFF","Brands StripeS Brands StripeS"
"Brands_Studiovinari","Brands","fa:Brands","Studiovinari","[fa:Brands_Studiovinari]","fa:Brands_Studiovinari:#2D8CFF","Brands Studiovinari Brands Studiovinari"
"Brands_Stumbleupon","Brands","fa:Brands","Stumbleupon","[fa:Brands_Stumbleupon]","fa:Brands_Stumbleupon:#2D8CFF","Brands Stumbleupon Brands Stumbleupon"
"Brands_StumbleuponCircle","Brands","fa:Brands","StumbleuponCircle","[fa:Brands_StumbleuponCircle]","fa:Brands_StumbleuponCircle:#2D8CFF","Brands StumbleuponCircle Brands StumbleuponCircle"
"Brands_Superpowers","Brands","fa:Brands","Superpowers","[fa:Brands_Superpowers]","fa:Brands_Superpowers:#2D8CFF","Brands Superpowers Brands Superpowers"
"Brands_Supple","Brands","fa:Brands","Supple","[fa:Brands_Supple]","fa:Brands_Supple:#2D8CFF","Brands Supple Brands Supple"
"Brands_Suse","Brands","fa:Brands","Suse","[fa:Brands_Suse]","fa:Brands_Suse:#2D8CFF","Brands Suse Brands Suse"
"Brands_Swift","Brands","fa:Brands","Swift","[fa:Brands_Swift]","fa:Brands_Swift:#2D8CFF","Brands Swift Brands Swift"
"Brands_Symfony","Brands","fa:Brands","Symfony","[fa:Brands_Symfony]","fa:Brands_Symfony:#2D8CFF","Brands Symfony Brands Symfony"
"Brands_Teamspeak","Brands","fa:Brands","Teamspeak","[fa:Brands_Teamspeak]","fa:Brands_Teamspeak:#2D8CFF","Brands Teamspeak Brands Teamspeak"
"Brands_Telegram","Brands","fa:Brands","Telegram","[fa:Brands_Telegram]","fa:Brands_Telegram:#2D8CFF","Brands Telegram Brands Telegram"
"Brands_TelegramPlane","Brands","fa:Brands","TelegramPlane","[fa:Brands_TelegramPlane]","fa:Brands_TelegramPlane:#2D8CFF","Brands TelegramPlane Brands TelegramPlane"
"Brands_TencentWeibo","Brands","fa:Brands","TencentWeibo","[fa:Brands_TencentWeibo]","fa:Brands_TencentWeibo:#2D8CFF","Brands TencentWeibo Brands TencentWeibo"
"Brands_TheRedYeti","Brands","fa:Brands","TheRedYeti","[fa:Brands_TheRedYeti]","fa:Brands_TheRedYeti:#2D8CFF","Brands TheRedYeti Brands TheRedYeti"
"Brands_Themeco","Brands","fa:Brands","Themeco","[fa:Brands_Themeco]","fa:Brands_Themeco:#2D8CFF","Brands Themeco Brands Themeco"
"Brands_Themeisle","Brands","fa:Brands","Themeisle","[fa:Brands_Themeisle]","fa:Brands_Themeisle:#2D8CFF","Brands Themeisle Brands Themeisle"
"Brands_ThinkPeaks","Brands","fa:Brands","ThinkPeaks","[fa:Brands_ThinkPeaks]","fa:Brands_ThinkPeaks:#2D8CFF","Brands ThinkPeaks Brands ThinkPeaks"
"Brands_TradeFederation","Brands","fa:Brands","TradeFederation","[fa:Brands_TradeFederation]","fa:Brands_TradeFederation:#2D8CFF","Brands TradeFederation Brands TradeFederation"
"Brands_Trello","Brands","fa:Brands","Trello","[fa:Brands_Trello]","fa:Brands_Trello:#2D8CFF","Brands Trello Brands Trello"
"Brands_Tripadvisor","Brands","fa:Brands","Tripadvisor","[fa:Brands_Tripadvisor]","fa:Brands_Tripadvisor:#2D8CFF","Brands Tripadvisor Brands Tripadvisor"
"Brands_Tumblr","Brands","fa:Brands","Tumblr","[fa:Brands_Tumblr]","fa:Brands_Tumblr:#2D8CFF","Brands Tumblr Brands Tumblr"
"Brands_TumblrSquare","Brands","fa:Brands","TumblrSquare","[fa:Brands_TumblrSquare]","fa:Brands_TumblrSquare:#2D8CFF","Brands TumblrSquare Brands TumblrSquare"
"Brands_Twitch","Brands","fa:Brands","Twitch","[fa:Brands_Twitch]","fa:Brands_Twitch:#2D8CFF","Brands Twitch Brands Twitch"
"Brands_Twitter","Brands","fa:Brands","Twitter","[fa:Brands_Twitter]","fa:Brands_Twitter:#2D8CFF","Brands Twitter Brands Twitter"
"Brands_TwitterSquare","Brands","fa:Brands","TwitterSquare","[fa:Brands_TwitterSquare]","fa:Brands_TwitterSquare:#2D8CFF","Brands TwitterSquare Brands TwitterSquare"
"Brands_Typo3","Brands","fa:Brands","Typo3","[fa:Brands_Typo3]","fa:Brands_Typo3:#2D8CFF","Brands Typo3 Brands Typo3"
"Brands_Uber","Brands","fa:Brands","Uber","[fa:Brands_Uber]","fa:Brands_Uber:#2D8CFF","Brands Uber Brands Uber"
"Brands_Ubuntu","Brands","fa:Brands","Ubuntu","[fa:Brands_Ubuntu]","fa:Brands_Ubuntu:#2D8CFF","Brands Ubuntu Brands Ubuntu"
"Brands_Uikit","Brands","fa:Brands","Uikit","[fa:Brands_Uikit]","fa:Brands_Uikit:#2D8CFF","Brands Uikit Brands Uikit"
"Brands_Umbraco","Brands","fa:Brands","Umbraco","[fa:Brands_Umbraco]","fa:Brands_Umbraco:#2D8CFF","Brands Umbraco Brands Umbraco"
"Brands_Uniregistry","Brands","fa:Brands","Uniregistry","[fa:Brands_Uniregistry]","fa:Brands_Uniregistry:#2D8CFF","Brands Uniregistry Brands Uniregistry"
"Brands_Unity","Brands","fa:Brands","Unity","[fa:Brands_Unity]","fa:Brands_Unity:#2D8CFF","Brands Unity Brands Unity"
"Brands_Untappd","Brands","fa:Brands","Untappd","[fa:Brands_Untappd]","fa:Brands_Untappd:#2D8CFF","Brands Untappd Brands Untappd"
"Brands_Ups","Brands","fa:Brands","Ups","[fa:Brands_Ups]","fa:Brands_Ups:#2D8CFF","Brands Ups Brands Ups"
"Brands_Usb","Brands","fa:Brands","Usb","[fa:Brands_Usb]","fa:Brands_Usb:#2D8CFF","Brands Usb Brands Usb"
"Brands_Usps","Brands","fa:Brands","Usps","[fa:Brands_Usps]","fa:Brands_Usps:#2D8CFF","Brands Usps Brands Usps"
"Brands_Ussunnah","Brands","fa:Brands","Ussunnah","[fa:Brands_Ussunnah]","fa:Brands_Ussunnah:#2D8CFF","Brands Ussunnah Brands Ussunnah"
"Brands_Vaadin","Brands","fa:Brands","Vaadin","[fa:Brands_Vaadin]","fa:Brands_Vaadin:#2D8CFF","Brands Vaadin Brands Vaadin"
"Brands_Viacoin","Brands","fa:Brands","Viacoin","[fa:Brands_Viacoin]","fa:Brands_Viacoin:#2D8CFF","Brands Viacoin Brands Viacoin"
"Brands_Viadeo","Brands","fa:Brands","Viadeo","[fa:Brands_Viadeo]","fa:Brands_Viadeo:#2D8CFF","Brands Viadeo Brands Viadeo"
"Brands_ViadeoSquare","Brands","fa:Brands","ViadeoSquare","[fa:Brands_ViadeoSquare]","fa:Brands_ViadeoSquare:#2D8CFF","Brands ViadeoSquare Brands ViadeoSquare"
"Brands_Viber","Brands","fa:Brands","Viber","[fa:Brands_Viber]","fa:Brands_Viber:#2D8CFF","Brands Viber Brands Viber"
"Brands_Vimeo","Brands","fa:Brands","Vimeo","[fa:Brands_Vimeo]","fa:Brands_Vimeo:#2D8CFF","Brands Vimeo Brands Vimeo"
"Brands_VimeoSquare","Brands","fa:Brands","VimeoSquare","[fa:Brands_VimeoSquare]","fa:Brands_VimeoSquare:#2D8CFF","Brands VimeoSquare Brands VimeoSquare"
"Brands_VimeoV","Brands","fa:Brands","VimeoV","[fa:Brands_VimeoV]","fa:Brands_VimeoV:#2D8CFF","Brands VimeoV Brands VimeoV"
"Brands_Vine","Brands","fa:Brands","Vine","[fa:Brands_Vine]","fa:Brands_Vine:#2D8CFF","Brands Vine Brands Vine"
"Brands_Vk","Brands","fa:Brands","Vk","[fa:Brands_Vk]","fa:Brands_Vk:#2D8CFF","Brands Vk Brands Vk"
"Brands_Vnv","Brands","fa:Brands","Vnv","[fa:Brands_Vnv]","fa:Brands_Vnv:#2D8CFF","Brands Vnv Brands Vnv"
"Brands_Vuejs","Brands","fa:Brands","Vuejs","[fa:Brands_Vuejs]","fa:Brands_Vuejs:#2D8CFF","Brands Vuejs Brands Vuejs"
"Brands_Waze","Brands","fa:Brands","Waze","[fa:Brands_Waze]","fa:Brands_Waze:#2D8CFF","Brands Waze Brands Waze"
"Brands_Weebly","Brands","fa:Brands","Weebly","[fa:Brands_Weebly]","fa:Brands_Weebly:#2D8CFF","Brands Weebly Brands Weebly"
"Brands_Weibo","Brands","fa:Brands","Weibo","[fa:Brands_Weibo]","fa:Brands_Weibo:#2D8CFF","Brands Weibo Brands Weibo"
"Brands_Weixin","Brands","fa:Brands","Weixin","[fa:Brands_Weixin]","fa:Brands_Weixin:#2D8CFF","Brands Weixin Brands Weixin"
"Brands_Whatsapp","Brands","fa:Brands","Whatsapp","[fa:Brands_Whatsapp]","fa:Brands_Whatsapp:#2D8CFF","Brands Whatsapp Brands Whatsapp"
"Brands_WhatsappSquare","Brands","fa:Brands","WhatsappSquare","[fa:Brands_WhatsappSquare]","fa:Brands_WhatsappSquare:#2D8CFF","Brands WhatsappSquare Brands WhatsappSquare"
"Brands_Whmcs","Brands","fa:Brands","Whmcs","[fa:Brands_Whmcs]","fa:Brands_Whmcs:#2D8CFF","Brands Whmcs Brands Whmcs"
"Brands_WikipediaW","Brands","fa:Brands","WikipediaW","[fa:Brands_WikipediaW]","fa:Brands_WikipediaW:#2D8CFF","Brands WikipediaW Brands WikipediaW"
"Brands_Windows","Brands","fa:Brands","Windows","[fa:Brands_Windows]","fa:Brands_Windows:#2D8CFF","Brands Windows Brands Windows"
"Brands_Wix","Brands","fa:Brands","Wix","[fa:Brands_Wix]","fa:Brands_Wix:#2D8CFF","Brands Wix Brands Wix"
"Brands_WizardsOfTheCoast","Brands","fa:Brands","WizardsOfTheCoast","[fa:Brands_WizardsOfTheCoast]","fa:Brands_WizardsOfTheCoast:#2D8CFF","Brands WizardsOfTheCoast Brands WizardsOfTheCoast"
"Brands_WolfPackBattalion","Brands","fa:Brands","WolfPackBattalion","[fa:Brands_WolfPackBattalion]","fa:Brands_WolfPackBattalion:#2D8CFF","Brands WolfPackBattalion Brands WolfPackBattalion"
"Brands_Wordpress","Brands","fa:Brands","Wordpress","[fa:Brands_Wordpress]","fa:Brands_Wordpress:#2D8CFF","Brands Wordpress Brands Wordpress"
"Brands_WordpressSimple","Brands","fa:Brands","WordpressSimple","[fa:Brands_WordpressSimple]","fa:Brands_WordpressSimple:#2D8CFF","Brands WordpressSimple Brands WordpressSimple"
"Brands_Wpbeginner","Brands","fa:Brands","Wpbeginner","[fa:Brands_Wpbeginner]","fa:Brands_Wpbeginner:#2D8CFF","Brands Wpbeginner Brands Wpbeginner"
"Brands_Wpexplorer","Brands","fa:Brands","Wpexplorer","[fa:Brands_Wpexplorer]","fa:Brands_Wpexplorer:#2D8CFF","Brands Wpexplorer Brands Wpexplorer"
"Brands_Wpforms","Brands","fa:Brands","Wpforms","[fa:Brands_Wpforms]","fa:Brands_Wpforms:#2D8CFF","Brands Wpforms Brands Wpforms"
"Brands_Wpressr","Brands","fa:Brands","Wpressr","[fa:Brands_Wpressr]","fa:Brands_Wpressr:#2D8CFF","Brands Wpressr Brands Wpressr"
"Brands_Xbox","Brands","fa:Brands","Xbox","[fa:Brands_Xbox]","fa:Brands_Xbox:#2D8CFF","Brands Xbox Brands Xbox"
"Brands_Xing","Brands","fa:Brands","Xing","[fa:Brands_Xing]","fa:Brands_Xing:#2D8CFF","Brands Xing Brands Xing"
"Brands_XingSquare","Brands","fa:Brands","XingSquare","[fa:Brands_XingSquare]","fa:Brands_XingSquare:#2D8CFF","Brands XingSquare Brands XingSquare"
"Brands_YCombinator","Brands","fa:Brands","YCombinator","[fa:Brands_YCombinator]","fa:Brands_YCombinator:#2D8CFF","Brands YCombinator Brands YCombinator"
"Brands_Yahoo","Brands","fa:Brands","Yahoo","[fa:Brands_Yahoo]","fa:Brands_Yahoo:#2D8CFF","Brands Yahoo Brands Yahoo"
"Brands_Yammer","Brands","fa:Brands","Yammer","[fa:Brands_Yammer]","fa:Brands_Yammer:#2D8CFF","Brands Yammer Brands Yammer"
"Brands_Yandex","Brands","fa:Brands","Yandex","[fa:Brands_Yandex]","fa:Brands_Yandex:#2D8CFF","Brands Yandex Brands Yandex"
"Brands_YandexInternational","Brands","fa:Brands","YandexInternational","[fa:Brands_YandexInternational]","fa:Brands_YandexInternational:#2D8CFF","Brands YandexInternational Brands YandexInternational"
"Brands_Yarn","Brands","fa:Brands","Yarn","[fa:Brands_Yarn]","fa:Brands_Yarn:#2D8CFF","Brands Yarn Brands Yarn"
"Brands_Yelp","Brands","fa:Brands","Yelp","[fa:Brands_Yelp]","fa:Brands_Yelp:#2D8CFF","Brands Yelp Brands Yelp"
"Brands_Yoast","Brands","fa:Brands","Yoast","[fa:Brands_Yoast]","fa:Brands_Yoast:#2D8CFF","Brands Yoast Brands Yoast"
"Brands_Youtube","Brands","fa:Brands","Youtube","[fa:Brands_Youtube]","fa:Brands_Youtube:#2D8CFF","Brands Youtube Brands Youtube"
"Brands_YoutubeSquare","Brands","fa:Brands","YoutubeSquare","[fa:Brands_YoutubeSquare]","fa:Brands_YoutubeSquare:#2D8CFF","Brands YoutubeSquare Brands YoutubeSquare"
"Brands_Zhihu","Brands","fa:Brands","Zhihu","[fa:Brands_Zhihu]","fa:Brands_Zhihu:#2D8CFF","Brands Zhihu Brands Zhihu"
